LaureateID,li_name,field,prize_year,n_candidates,match_rule,url,name,openalex_author_id,orcid,wikidata_qid,primary_author_id,fragment_ids,bridge_agrees,in_bridge_fragments
20001,"stoddart, j",Chemistry,2016,1,family name,https://prizeatlas.org/es/nobel-prize/quimica/2016/sir-j-fraser-stoddart/,Sir J. Fraser Stoddart,A5027688873,0000-0003-3161-3697,Q376243,A5027688873,A5108445028;A5110499877;A5064698022;A5086680989;A5018844805;A5080033491;A5108097607;A5034698126;A5059780357;A5102013340;A5105933984,True,False
20002,"feringa, b",Chemistry,2016,1,family name,https://prizeatlas.org/es/nobel-prize/quimica/2016/bernard-l-feringa/,Bernard L. Feringa,A5138276000,0000-0003-0588-8435,Q3259614,A5087713906,A5113791942;A5098461555;A5108223358;A5113631801,False,False
20003,"sauvage, j",Chemistry,2016,1,family name,https://prizeatlas.org/es/nobel-prize/quimica/2016/jean-pierre-sauvage/,Jean-Pierre Sauvage,A5108401018,,Q3169751,A5108401018,A5075676645;A5110381487;A5110065489;A5112290283,True,False
20004,"modrich, p",Chemistry,2015,1,family name,https://prizeatlas.org/es/nobel-prize/quimica/2015/paul-modrich/,Paul Modrich,A5060041272,0000-0001-8708-9885,Q7151888,A5060041272,,True,False
20005,"lindahl, t",Chemistry,2015,1,family name,https://prizeatlas.org/es/nobel-prize/quimica/2015/tomas-lindahl/,Tomas Lindahl,A5060285944,0000-0003-0174-8152,Q1886068,A5060285944,A5108591053;A5108412544;A5108566163,True,False
20006,"sancar, a",Chemistry,2015,1,family name,https://prizeatlas.org/es/nobel-prize/quimica/2015/aziz-sancar/,Aziz Sancar,A5016678671,0000-0001-6469-4900,Q15118973,A5016678671,A5070145954,True,False
20007,"moerner, w",Chemistry,2014,1,family name,https://prizeatlas.org/es/nobel-prize/quimica/2014/william-e-moerner/,William E. Moerner,A5137045539,0000-0002-2830-209X,Q1387059,A5068018832,A5103518133,False,False
20008,"betzig, e",Chemistry,2014,1,family name,https://prizeatlas.org/es/nobel-prize/quimica/2014/eric-betzig/,Eric Betzig,A5048568518,0000-0002-4192-1274,Q1351105,A5048568518,,True,False
20009,"hell, s",Chemistry,2014,1,family name,https://prizeatlas.org/es/nobel-prize/quimica/2014/stefan-w-hell/,Stefan W. Hell,A5088219208,0000-0002-9638-5077,Q91410,A5088219208,A5111943539,True,False
20010,"levitt, m",Chemistry,2013,1,family name,https://prizeatlas.org/es/nobel-prize/quimica/2013/michael-levitt/,Michael Levitt,A5019080704,0000-0002-8414-7397,Q6832227,A5019080704,A5105678418;A5035628103;A5025500532,True,False
20011,"warshel, a",Chemistry,2013,1,family name,https://prizeatlas.org/es/nobel-prize/quimica/2013/arieh-warshel/,Arieh Warshel,A5088665303,0000-0001-7971-5401,Q4790366,A5088665303,A5082696750;A5057068226,True,False
20012,"karplus, m",Chemistry,2013,1,family name,https://prizeatlas.org/es/nobel-prize/quimica/2013/martin-karplus/,Martin Karplus,A5076499540,0000-0002-5485-6117,Q903471,A5076499540,A5109046391;A5024161030,True,False
20013,"lefkowitz, r",Chemistry,2012,1,family name,https://prizeatlas.org/es/nobel-prize/quimica/2012/robert-j-lefkowitz/,Robert J. Lefkowitz,A5080672788,0000-0003-1472-7545,Q80910,A5080672788,A5029575509;A5109906920;A5108212979;A5047122524;A5049433245,True,False
20014,"kobilka, b",Chemistry,2012,1,family name,https://prizeatlas.org/es/nobel-prize/quimica/2012/brian-k-kobilka/,Brian K. Kobilka,A5079682203,0000-0001-5958-3990,Q80907,A5079682203,,True,False
20015,"shechtman, d",Chemistry,2011,1,family name,https://prizeatlas.org/es/nobel-prize/quimica/2011/dan-shechtman/,Dan Shechtman,A5112641125,,Q44111,A5111977262,A5112641125,False,True
20016,"heck, r",Chemistry,2010,1,family name,https://prizeatlas.org/es/nobel-prize/quimica/2010/richard-f-heck/,Richard F. Heck,A5113728961,,Q106471,A5113728961,A5113712587,True,False
20017,"negishi, e",Chemistry,2010,1,family name,https://prizeatlas.org/es/nobel-prize/quimica/2010/ei-ichi-negishi/,Ei-ichi Negishi,A5049086283,0000-0002-5746-5779,Q105927,A5049086283,A5112270122;A5111770773;A5112198700,True,False
20018,"suzuki, a",Chemistry,2010,1,family name,https://prizeatlas.org/es/nobel-prize/quimica/2010/akira-suzuki/,Akira Suzuki,A5114860378,0000-0002-8167-0414,Q105949,A5006300612,A5100637449;A5114860378;A5107655233;A5102744782;A5110176213;A5110297078;A5001095089;A5100637445;A5037457351;A5040046878;A5029164270;A5069852438;A5084874614;A5068621397;A5102961765;A5023436601;A5036177715;A5047141065;A5102933548;A5107429889,False,True
20019,"ramakrishnan, v",Chemistry,2009,1,family name,https://prizeatlas.org/es/nobel-prize/quimica/2009/venkatraman-ramakrishnan/,Venkatraman Ramakrishnan,A5086176987,0000-0002-4699-2194,Q60061,A5086176987,,True,False
20020,"steitz, t",Chemistry,2009,1,family name,https://prizeatlas.org/es/nobel-prize/quimica/2009/thomas-a-steitz/,Thomas A. Steitz,A5005980770,0000-0002-3357-3505,Q109559,A5005980770,A5111689669;A5096839561,True,False
20021,"yonath, a",Chemistry,2009,1,family name,https://prizeatlas.org/es/nobel-prize/quimica/2009/ada-e-yonath/,Ada E. Yonath,A5016847667,0000-0002-1856-6964,Q7426,A5016847667,,True,False
20022,"chalfie, m",Chemistry,2008,1,family name,https://prizeatlas.org/es/nobel-prize/quimica/2008/martin-chalfie/,Martin Chalfie,A5074638214,0000-0002-9079-7046,Q106699,A5074638214,,True,False
20023,"tsien, r",Chemistry,2008,1,family name,https://prizeatlas.org/es/nobel-prize/quimica/2008/roger-y-tsien/,Roger Y. Tsien,A5109193097,,Q200470,A5109193097,A5028006387;A5109905886;A5110388048,True,False
20024,shimomur.o,Chemistry,2008,1,family name (joined),https://prizeatlas.org/es/nobel-prize/quimica/2008/osamu-shimomura/,Osamu Shimomura,A5085164052,0000-0002-1735-5057,Q205345,A5085164052,A5063837494,True,False
20025,"ertl, g",Chemistry,2007,1,family name,https://prizeatlas.org/es/nobel-prize/quimica/2007/gerhard-ertl/,Gerhard Ertl,A5010170160,0000-0001-7172-2797,Q60066,A5010170160,A5002714574;A5008541845;A5015488705;A5037302422,True,False
20026,"kornberg, r",Chemistry,2006,1,family name,https://prizeatlas.org/es/nobel-prize/quimica/2006/roger-d-kornberg/,Roger D. Kornberg,A5049465163,0000-0002-2425-7519,Q170676,A5049465163,A5073996345;A5026287236;A5052529873,True,False
20027,"chauvin, y",Chemistry,2005,1,family name,https://prizeatlas.org/es/nobel-prize/quimica/2005/yves-chauvin/,Yves Chauvin,A5106409475,,Q202146,A5106409475,A5103528350,True,False
20028,"grubbs, r",Chemistry,2005,1,family name,https://prizeatlas.org/es/nobel-prize/quimica/2005/robert-h-grubbs/,Robert H. Grubbs,A5135520780,0000-0002-0057-7817,Q202140,A5078597191,A5071663310;A5009828341,False,False
20029,"schrock, r",Chemistry,2005,1,family name,https://prizeatlas.org/es/nobel-prize/quimica/2005/richard-r-schrock/,Richard R. Schrock,A5079660000,0000-0001-5827-3552,Q202159,A5079660000,A5073620530;A5062646753;A5053046528,True,False
20030,"ciechanover, a",Chemistry,2004,1,family name,https://prizeatlas.org/es/nobel-prize/quimica/2004/aaron-ciechanover/,Aaron Ciechanover,A5087180436,0000-0001-9184-8944,Q233205,A5087180436,,True,False
20031,"hershko, a",Chemistry,2004,1,family name,https://prizeatlas.org/es/nobel-prize/quimica/2004/avram-hershko/,Avram Hershko,A5035630459,,Q232302,A5035630459,A5010321600,True,False
20032,"rose, i",Chemistry,2004,1,family name,https://prizeatlas.org/es/nobel-prize/quimica/2004/irwin-rose/,Irwin Rose,A5027088821,,Q230652,A5108292613,A5108289213,False,False
20033,"agre, p",Chemistry,2003,1,family name,https://prizeatlas.org/es/nobel-prize/quimica/2003/peter-agre/,Peter Agre,A5017989879,0000-0002-9581-890X,Q102250,A5017989879,,True,False
20034,"mackinnon, r",Chemistry,2003,1,family name,https://prizeatlas.org/es/nobel-prize/quimica/2003/roderick-mackinnon/,Roderick MacKinnon,A5025045433,0000-0001-7605-4679,Q211482,A5025045433,A5070707499,True,False
20035,"wuthrich, k",Chemistry,2002,1,family name,https://prizeatlas.org/es/nobel-prize/quimica/2002/kurt-wuthrich/,Kurt Wüthrich,A5000254356,0000-0001-8739-6965,Q110957,A5000254356,,True,False
20036,"tanaka, k",Chemistry,2002,1,family name,https://prizeatlas.org/es/nobel-prize/quimica/2002/koichi-tanaka/,Koichi Tanaka,A5009335876,0000-0002-1853-1374,Q110963,A5009335876,A5060900182;A5102863974;A5110088417;A5107599692;A5057519151;A5103373815;A5011593460;A5006611220;A5010408439;A5078815960;A5085749827;A5022872602;A5024253598;A5044976581;A5112654884,True,False
20037,"fenn, j",Chemistry,2002,1,family name,https://prizeatlas.org/es/nobel-prize/quimica/2002/john-b-fenn/,John B. Fenn,A5041577693,,Q106738,A5041577693,,True,False
20038,"noyori, r",Chemistry,2001,1,family name,https://prizeatlas.org/es/nobel-prize/quimica/2001/ryoji-noyori/,Ryōji Noyori,A5054350731,0000-0003-0688-8066,Q157210,A5054350731,A5113735741,True,False
20039,"knowles, w",Chemistry,2001,1,family name,https://prizeatlas.org/es/nobel-prize/quimica/2001/william-s-knowles/,William S. Knowles,A5048820883,,Q110947,A5048820883,,True,False
20040,"sharpless, k",Chemistry,2001,1,family name,https://prizeatlas.org/es/nobel-prize/quimica/2001/k-barry-sharpless/,K. Barry Sharpless,A5077401880,0000-0001-6051-1599,Q110925,A5077401880,A5065071838;A5011740707;A5028562253,True,False
20041,"heeger, a",Chemistry,2000,1,family name,https://prizeatlas.org/es/nobel-prize/quimica/2000/alan-j-heeger/,Alan J. Heeger,A5087631107,,Q106751,A5087631107,A5073645165;A5004482099;A5020942364,True,False
20042,shirakaw.h,Chemistry,2000,1,family name (joined),https://prizeatlas.org/es/nobel-prize/quimica/2000/hideki-shirakawa/,Hideki Shirakawa,A5113680723,,Q110916,A5113680723,,True,False
20043,"macdiarmid, a",Chemistry,2000,1,family name,https://prizeatlas.org/es/nobel-prize/quimica/2000/alan-g-macdiarmid/,Alan G. MacDiarmid,A5108238128,,Q110942,A5108238128,A5008830363,True,False
20044,"zewail, a",Chemistry,1999,1,family name,https://prizeatlas.org/es/nobel-prize/quimica/1999/ahmed-h-zewail/,Ahmed H. Zewail,A5077807260,,Q106624,A5077807260,A5027892196,True,False
20045,"pople, j",Chemistry,1998,1,family name,https://prizeatlas.org/es/nobel-prize/quimica/1998/john-a-pople/,John A. Pople,A5038387078,,Q233973,A5038387078,A5029267555,True,False
20046,"kohn, w",Chemistry,1998,1,family name,https://prizeatlas.org/es/nobel-prize/quimica/1998/walter-kohn/,Walter Kohn,A5015070406,,Q78510,A5015070406,,True,False
20047,"boyer, p",Chemistry,1997,1,family name,https://prizeatlas.org/es/nobel-prize/quimica/1997/paul-d-boyer/,Paul D. Boyer,A5112866860,,Q102395,A5112866860,A5077503767;A5044120007,True,False
20048,"walker, j",Chemistry,1997,1,family name,https://prizeatlas.org/es/nobel-prize/quimica/1997/john-e-walker/,John E. Walker,A5007387177,0000-0001-7929-2162,Q235184,A5007387177,A5031796850;A5000118921;A5022243270;A5101049332;A5054716232;A5083359913,True,False
20049,"skou, j",Chemistry,1997,1,family name,https://prizeatlas.org/es/nobel-prize/quimica/1997/jens-c-skou/,Jens C. Skou,A5110862710,,Q1687170,A5110862710,A5109839772,True,False
20050,"kroto, h",Chemistry,1996,1,family name,https://prizeatlas.org/es/nobel-prize/quimica/1996/sir-harold-w-kroto/,Sir Harold W. Kroto,A5050518847,,Q157250,A5050518847,A5108089205;A5105776649,True,False
20051,"smalley, r",Chemistry,1996,1,family name,https://prizeatlas.org/es/nobel-prize/quimica/1996/richard-e-smalley/,Richard E. Smalley,A5015746014,,Q106746,A5015746014,A5079320294,True,False
20052,"curl, r",Chemistry,1996,1,family name,https://prizeatlas.org/es/nobel-prize/quimica/1996/robert-f-curl-jr/,Robert F. Curl Jr.,A5050630131,,Q110930,A5050630131,,True,False
20053,"molina, m",Chemistry,1995,1,family name,https://prizeatlas.org/es/nobel-prize/quimica/1995/mario-j-molina/,Mario J. Molina,A5103473790,0000-0003-2339-3225,Q19045,A5103473790,A5015533543;A5103714726;A5090292188,True,False
20054,"crutzen, p",Chemistry,1995,1,family name,https://prizeatlas.org/es/nobel-prize/quimica/1995/paul-j-crutzen/,Paul J. Crutzen,A5109231427,,Q135139,A5109231427,A5001643730,True,False
20055,"rowland, f",Chemistry,1995,1,family name,https://prizeatlas.org/es/nobel-prize/quimica/1995/f-sherwood-rowland/,F. Sherwood Rowland,A5112419224,,Q111190,A5112419224,A5055607912,True,False
20056,"olah, g",Chemistry,1994,1,family name,https://prizeatlas.org/es/nobel-prize/quimica/1994/george-a-olah/,George A. Olah,A5071446330,0000-0002-1788-9753,Q192603,A5071446330,A5008384560;A5060546885;A5089380721;A5075239250;A5024825574;A5026730486;A5006596983;A5044826484;A5056699701,True,False
20057,"smith, m",Chemistry,1993,1,family name,https://prizeatlas.org/es/nobel-prize/quimica/1993/michael-smith/,Michael Smith,A5113718395,,Q232289,A5101453839,A5010826396;A5110132097;A5016898633;A5071443694;A5110130044;A5008326144;A5076585216;A5067514872;A5102898503;A5017837581;A5058599127;A5103636819;A5107309227;A5108167258,False,False
20058,"mullis, k",Chemistry,1993,1,family name,https://prizeatlas.org/es/nobel-prize/quimica/1993/kary-b-mullis/,Kary B. Mullis,A5073738482,,Q157224,A5073738482,,True,False
20059,"marcus, r",Chemistry,1992,1,family name,https://prizeatlas.org/es/nobel-prize/quimica/1992/rudolph-a-marcus/,Rudolph A. Marcus,A5051289041,0000-0001-6547-1469,Q239067,A5051289041,A5013434500;A5037348645,True,False
20060,"ernst, r",Chemistry,1991,1,family name,https://prizeatlas.org/es/nobel-prize/quimica/1991/richard-r-ernst/,Richard R. Ernst,A5103547741,,Q122272,A5103547741,,True,False
20061,"corey, e",Chemistry,1990,1,family name,https://prizeatlas.org/es/nobel-prize/quimica/1990/elias-james-corey/,Elias James Corey,A5062182194,0000-0002-1196-7896,Q135171,A5062182194,A5012941338;A5055324842;A5072801651;A5009174882;A5034776756,True,False
20062,"cech, t",Chemistry,1989,1,family name,https://prizeatlas.org/es/nobel-prize/quimica/1989/thomas-r-cech/,Thomas R. Cech,A5017573996,0000-0001-7338-3389,Q135180,A5017573996,A5037563045,True,False
20063,"altman, s",Chemistry,1989,1,family name,https://prizeatlas.org/es/nobel-prize/quimica/1989/sidney-altman/,Sidney Altman,A5003873129,0000-0001-7287-0337,Q102266,A5003873129,A5024793029,True,False
20064,"deisenhofer, j",Chemistry,1988,1,family name,https://prizeatlas.org/es/nobel-prize/quimica/1988/johann-deisenhofer/,Johann Deisenhofer,A5033642634,0000-0003-1006-1344,Q76612,A5033642634,,True,False
20065,"huber, r",Chemistry,1988,1,family name,https://prizeatlas.org/es/nobel-prize/quimica/1988/robert-huber/,Robert Huber,A5101832860,0000-0002-0133-5334,Q76623,A5101832860,A5110639179;A5103576469;A5063495689;A5013199236;A5050091861;A5067902608;A5072604023;A5043122290;A5113600462;A5063784115;A5064776239;A5067509815;A5069913182;A5103133784;A5053137846;A5065420851,True,False
20066,"michel, h",Chemistry,1988,1,family name,https://prizeatlas.org/es/nobel-prize/quimica/1988/hartmut-michel/,Hartmut Michel,A5065696174,0000-0003-4351-7846,Q77086,A5065696174,A5110062162;A5111638241;A5003122239;A5108269067;A5111624145;A5112710818,True,False
20067,"cram, d",Chemistry,1987,1,family name,https://prizeatlas.org/es/nobel-prize/quimica/1987/donald-j-cram/,Donald J. Cram,A5113579649,,Q135151,A5113579649,A5113496829;A5111981771,True,False
20068,"lehn, j",Chemistry,1987,1,family name,https://prizeatlas.org/es/nobel-prize/quimica/1987/jean-marie-lehn/,Jean-Marie Lehn,A5136384454,0000-0001-8981-4593,Q107690,A5059296399,A5039217086;A5113450757;A5110362086;A5111689149;A5110838330;A5103440725;A5104440373;A5110270588;A5106524508;A5113915685;A5103540024;A5112865074;A5002533403;A5106408382;A5108209655;A5104832006;A5111629701;A5113680608,False,False
20069,"pedersen, c",Chemistry,1987,1,family name,https://prizeatlas.org/es/nobel-prize/quimica/1987/charles-j-pedersen/,Charles J. Pedersen,A5063677220,,Q244998,A5063677220,,True,False
20070,"polanyi, j",Chemistry,1986,1,family name,https://prizeatlas.org/es/nobel-prize/quimica/1986/john-c-polanyi/,John C. Polanyi,A5027531932,0000-0002-4401-7758,Q237825,A5027531932,,True,False
20071,herschba.dr,Chemistry,1986,1,family name (joined),https://prizeatlas.org/es/nobel-prize/quimica/1986/dudley-r-herschbach/,Dudley R. Herschbach,A5000346379,0000-0003-3225-0648,Q243196,A5000346379,A5035864639,True,False
20072,"lee, y",Chemistry,1986,1,family name,https://prizeatlas.org/es/nobel-prize/quimica/1986/yuan-t-lee/,Yuan T. Lee,A5089443280,,Q243190,A5089443280,A5015444281;A5113497701;A5050735111;A5038661110;A5081866960;A5110070454;A5037746247;A5029971966;A5083839955;A5000478023;A5013905138;A5027501659;A5050657518;A5063196138;A5037243243;A5058348487;A5082026026;A5005718576;A5005760213;A5006848786;A5008017966;A5015845896;A5016875126;A5019532501;A5021634295;A5024808575;A5026755339;A5029580133;A5033252103;A5034281638;A5034384640;A5038747158;A5046391963;A5052612559;A5053898070;A5054030521;A5057865048;A5059393655;A5060332969;A5071164711;A5071791923;A5071998923;A5076486215;A5080712978;A5082772463;A5083882405,True,False
20073,"karle, j",Chemistry,1985,1,family name,https://prizeatlas.org/es/nobel-prize/quimica/1985/jerome-karle/,Jerome Karle,A5112270334,,Q106733,A5112270334,A5072054342,True,False
20074,"hauptman, h",Chemistry,1985,1,family name,https://prizeatlas.org/es/nobel-prize/quimica/1985/herbert-a-hauptman/,Herbert A. Hauptman,A5084474101,,Q107422,A5084474101,,True,False
20075,merrifie.rb,Chemistry,1984,1,family name (joined),https://prizeatlas.org/es/nobel-prize/quimica/1984/robert-bruce-merrifield/,Robert Bruce Merrifield,A5104652915,,Q224153,A5104652915,,True,False
20076,"taube, h",Chemistry,1983,1,family name,https://prizeatlas.org/es/nobel-prize/quimica/1983/henry-taube/,Henry Taube,A5090797597,,Q235983,A5090797597,,True,False
20077,"klug, a",Chemistry,1982,1,family name,https://prizeatlas.org/es/nobel-prize/quimica/1982/aaron-klug/,Aaron Klug,A5106084352,,Q190626,A5044619533,A5106084352;A5108200895,False,True
20078,"fukui, k",Chemistry,1981,1,family name,https://prizeatlas.org/es/nobel-prize/quimica/1981/kenichi-fukui/,Kenichi Fukui,A5103182830,0000-0001-8780-5853,Q217734,A5103182830,A5075653507;A5090832983;A5110889595,True,False
20079,"hoffmann, r",Chemistry,1981,1,family name,https://prizeatlas.org/es/nobel-prize/quimica/1981/roald-hoffmann/,Roald Hoffmann,A5137646326,0000-0001-5369-6046,Q273279,A5001331359,A5103359317;A5110555432;A5045171140;A5076967324,False,False
20080,"gilbert, w",Chemistry,1980,1,family name,https://prizeatlas.org/es/nobel-prize/quimica/1980/walter-gilbert/,Walter Gilbert,A5111554935,,Q217486,A5111554935,A5051655733;A5054745665,True,False
20081,"sanger, f",Chemistry,1980,1,family name,https://prizeatlas.org/es/nobel-prize/quimica/1980/frederick-sanger/,Frederick Sanger,A5114007683,,Q151564,A5114007683,,True,False
20082,"berg, p",Chemistry,1980,1,family name,https://prizeatlas.org/es/nobel-prize/quimica/1980/paul-berg/,Paul Berg,A5110714596,,Q102379,A5110714596,A5112150076;A5108557419,True,False
20083,"wittig, g",Chemistry,1979,1,family name,https://prizeatlas.org/es/nobel-prize/quimica/1979/georg-wittig/,Georg Wittig,A5086359715,,Q77171,A5086359715,A5057393066,True,False
20084,"brown, h",Chemistry,1979,1,family name,https://prizeatlas.org/es/nobel-prize/quimica/1979/herbert-c-brown/,Herbert C. Brown,A5113728728,,Q102406,A5113728728,A5061225585;A5019527330;A5026562820;A5042234053;A5083898159,True,False
20085,"mitchell, p",Chemistry,1978,1,family name,https://prizeatlas.org/es/nobel-prize/quimica/1978/peter-d-mitchell/,Peter D. Mitchell,A5020193109,,Q207992,A5020193109,A5072377193,True,False
20086,"prigogine, i",Chemistry,1977,1,family name,https://prizeatlas.org/es/nobel-prize/quimica/1977/ilya-prigogine/,Ilya Prigogine,A5034255098,,Q183509,A5034255098,A5074068063;A5091052346;A5005168714,True,False
20087,"lipscomb, w",Chemistry,1976,1,family name,https://prizeatlas.org/es/nobel-prize/quimica/1976/william-n-lipscomb/,William N. Lipscomb,A5110136758,,Q110935,A5110136758,A5111724954;A5021978434,True,False
20088,"prelog, v",Chemistry,1975,1,family name,https://prizeatlas.org/es/nobel-prize/quimica/1975/vladimir-prelog/,Vladimir Prelog,A5059650171,,Q83501,A5059650171,A5113572599;A5008387170,True,False
20089,cornfort.jw,Chemistry,1975,1,family name (joined),https://prizeatlas.org/es/nobel-prize/quimica/1975/john-warcup-cornforth/,John Warcup Cornforth,A5079161700,,Q135154,A5079161700,,True,False
20090,"flory, p",Chemistry,1974,1,family name,https://prizeatlas.org/es/nobel-prize/quimica/1974/paul-j-flory/,Paul J. Flory,A5058114693,,Q176351,A5058114693,,True,False
20091,wilkinso.g,Chemistry,1973,1,family name (joined),https://prizeatlas.org/es/nobel-prize/quimica/1973/geoffrey-wilkinson/,Geoffrey Wilkinson,A5107195870,,Q274128,A5107195870,A5015414548;A5057348742;A5108042625;A5107833035,True,False
20092,"fischer, e",Chemistry,1973,1,family name,https://prizeatlas.org/es/nobel-prize/quimica/1973/ernst-otto-fischer/,Ernst Otto Fischer,A5112083926,,Q44594,A5112083926,A5112889378;A5072113619;A5063367556;A5056929612;A5076742950;A5005947979,True,False
20093,"anfinsen, c",Chemistry,1972,1,family name,https://prizeatlas.org/es/nobel-prize/quimica/1972/christian-b-anfinsen/,Christian B. Anfinsen,A5111464295,,Q102278,A5111464295,,True,False
20094,"stein, w",Chemistry,1972,1,family name,https://prizeatlas.org/es/nobel-prize/quimica/1972/william-h-stein/,William H. Stein,A5016638160,,Q156492,A5016638160,,True,False
20095,"moore, s",Chemistry,1972,1,family name,https://prizeatlas.org/es/nobel-prize/quimica/1972/stanford-moore/,Stanford Moore,A5023645345,,Q110952,A5103345101,A5006035950;A5023645345,False,True
20096,"herzberg, g.",Chemistry,1971,1,family name,https://prizeatlas.org/es/nobel-prize/quimica/1971/gerhard-herzberg/,Gerhard Herzberg,A5049036967,,Q76602,A5049036967,A5108365560,True,False
20097,"leloir, l",Chemistry,1970,1,family name,https://prizeatlas.org/es/nobel-prize/quimica/1970/luis-f-leloir/,Luis F. Leloir,A5109570430,,Q233985,A5109570430,,True,False
20098,"barton, d",Chemistry,1969,1,family name,https://prizeatlas.org/es/nobel-prize/quimica/1969/derek-h-r-barton/,Derek H. R. Barton,A5016045140,,Q102419,A5016045140,A5051448810;A5111813673;A5027903573;A5110043034,True,False
20099,"hassel, o",Chemistry,1969,1,family name,https://prizeatlas.org/es/nobel-prize/quimica/1969/odd-hassel/,Odd Hassel,A5034143666,,Q157212,A5034143666,A5027936513,True,False
20100,"onsager, l",Chemistry,1968,1,family name,https://prizeatlas.org/es/nobel-prize/quimica/1968/lars-onsager/,Lars Onsager,A5060039934,,Q107405,A5060039934,,True,False
20101,"norrish, r",Chemistry,1967,1,family name,https://prizeatlas.org/es/nobel-prize/quimica/1967/ronald-george-wreyford-norrish/,Ronald George Wreyford Norrish,A5061978447,,Q235834,A5061978447,,True,False
20102,"porter, g",Chemistry,1967,1,family name,https://prizeatlas.org/es/nobel-prize/quimica/1967/george-porter/,George Porter,A5082600490,0000-0001-5267-2843,Q106762,A5082600490,A5109359472,True,False
20103,"eigen, m",Chemistry,1967,1,family name,https://prizeatlas.org/es/nobel-prize/quimica/1967/manfred-eigen/,Manfred Eigen,A5086771096,,Q76600,A5086771096,,True,False
20104,"mulliken, r",Chemistry,1966,1,family name,https://prizeatlas.org/es/nobel-prize/quimica/1966/robert-s-mulliken/,Robert S. Mulliken,A5088324238,,Q233355,A5088324238,A5091056367,True,False
20105,"woodward, r",Chemistry,1965,1,family name,https://prizeatlas.org/es/nobel-prize/quimica/1965/robert-burns-woodward/,Robert Burns Woodward,A5020822146,,Q232316,A5020822146,,True,False
20106,"hodgkin, d",Chemistry,1964,1,family name,https://prizeatlas.org/es/nobel-prize/quimica/1964/dorothy-crowfoot-hodgkin/,Dorothy Crowfoot Hodgkin,A5109169384,,Q7487,A5109169384,A5109387385;A5109366719,True,False
20107,"ziegler, k",Chemistry,1963,1,family name,https://prizeatlas.org/es/nobel-prize/quimica/1963/karl-ziegler/,Karl Ziegler,A5061196658,,Q76624,A5061196658,A5000032482;A5111823821,True,False
20108,"natta, g",Chemistry,1963,1,family name,https://prizeatlas.org/es/nobel-prize/quimica/1963/giulio-natta/,Giulio Natta,A5004409289,,Q234145,A5004409289,,True,False
20109,"kendrew, j",Chemistry,1962,1,family name,https://prizeatlas.org/es/nobel-prize/quimica/1962/john-cowdery-kendrew/,John Cowdery Kendrew,A5051150473,,Q232295,A5051150473,,True,False
20110,"perutz, m",Chemistry,1962,1,family name,https://prizeatlas.org/es/nobel-prize/quimica/1962/max-ferdinand-perutz/,Max Ferdinand Perutz,A5110082880,,Q78480,A5110082880,A5054441941,True,False
20111,"calvin, m",Chemistry,1961,1,family name,https://prizeatlas.org/es/nobel-prize/quimica/1961/melvin-calvin/,Melvin Calvin,A5108469716,,Q49347,A5108469716,A5108445623;A5005447597;A5005906621;A5035403799;A5112455056,True,False
20112,"libby, w",Chemistry,1960,1,family name,https://prizeatlas.org/es/nobel-prize/quimica/1960/willard-frank-libby/,Willard Frank Libby,A5034422732,,Q190486,A5034422732,,True,False
20113,"heyrovsky, j",Chemistry,1959,1,family name,https://prizeatlas.org/es/nobel-prize/quimica/1959/jaroslav-heyrovsky/,Jaroslav Heyrovsky,A5006208227,,Q157701,A5006208227,,True,False
20114,"sanger, f",Chemistry,1958,1,family name,https://prizeatlas.org/es/nobel-prize/quimica/1958/frederick-sanger/,Frederick Sanger,A5114007683,,Q151564,A5114007683,,True,False
20115,"todd, a",Chemistry,1957,1,family name,https://prizeatlas.org/es/nobel-prize/quimica/1957/lord-alexander-r-todd/,Lord (Alexander R.) Todd,A5065867961,,Q157242,A5114014625,A5065867961,False,True
20116,"hinshelwood, c",Chemistry,1956,1,family name,https://prizeatlas.org/es/nobel-prize/quimica/1956/sir-cyril-norman-hinshelwood/,Sir Cyril Norman Hinshelwood,A5033359230,,Q48986,A5033359230,,True,False
20117,n. n. semenov,Chemistry,1956,1,family name,https://prizeatlas.org/es/nobel-prize/quimica/1956/nikolay-nikolaevich-semenov/,Nikolay Nikolaevich Semenov,A5103960338,,Q48990,A5061947148,,False,False
20118,"duvigneaud, v",Chemistry,1955,1,family name (joined),https://prizeatlas.org/es/nobel-prize/quimica/1955/vincent-du-vigneaud/,Vincent du Vigneaud,A5049650244,,Q33128,A5049650244,,True,False
20119,"pauling, l",Chemistry,1954,1,family name,https://prizeatlas.org/es/nobel-prize/quimica/1954/linus-carl-pauling/,Linus Carl Pauling,A5018806471,,Q48983,A5018806471,A5064643967,True,False
20120,"staudinger, h",Chemistry,1953,1,family name,https://prizeatlas.org/es/nobel-prize/quimica/1953/hermann-staudinger/,Hermann Staudinger,A5109985870,,Q48956,A5109985870,A5110809740;A5113761828,True,False
20121,"synge, r",Chemistry,1952,1,family name,https://prizeatlas.org/es/nobel-prize/quimica/1952/richard-laurence-millington-synge/,Richard Laurence Millington Synge,A5110043456,,Q48979,A5110303273,A5110043456,False,True
20122,"martin, a",Chemistry,1952,1,family name,https://prizeatlas.org/es/nobel-prize/quimica/1952/archer-john-porter-martin/,Archer John Porter Martin,A5076905510,,Q48977,A5109559371,,False,False
20123,"seaborg, g",Chemistry,1951,1,family name,https://prizeatlas.org/es/nobel-prize/quimica/1951/glenn-theodore-seaborg/,Glenn Theodore Seaborg,A5129801973,,Q48973,A5005622777,A5111703107,False,False
20124,"mcmillan, e",Chemistry,1951,1,family name,https://prizeatlas.org/es/nobel-prize/quimica/1951/edwin-mattison-mcmillan/,Edwin Mattison McMillan,A5108662232,,Q19009,A5108662232,,True,False
20125,"alder, k",Chemistry,1950,1,family name,https://prizeatlas.org/es/nobel-prize/quimica/1950/kurt-alder/,Kurt Alder,A5057232011,,Q76595,A5057232011,,True,False
20126,"diels, o",Chemistry,1950,1,family name,https://prizeatlas.org/es/nobel-prize/quimica/1950/otto-paul-hermann-diels/,Otto Paul Hermann Diels,A5027048127,,Q76616,A5027048127,,True,False
20127,"giauque, w",Chemistry,1949,1,family name,https://prizeatlas.org/es/nobel-prize/quimica/1949/william-francis-giauque/,William Francis Giauque,A5033850368,,Q110073,A5033850368,,True,False
20128,"tiselius, a",Chemistry,1948,1,family name,https://prizeatlas.org/es/nobel-prize/quimica/1948/arne-wilhelm-kaurin-tiselius/,Arne Wilhelm Kaurin Tiselius,A5020892563,,Q233026,A5020892563,,True,False
20129,"robinson, r",Chemistry,1947,1,family name,https://prizeatlas.org/es/nobel-prize/quimica/1947/sir-robert-robinson/,Sir Robert Robinson,A5067434209,,Q49351,A5070955738,A5101770749;A5004197867;A5030864657;A5103519246,False,False
20130,"stanley, w",Chemistry,1946,1,family name,https://prizeatlas.org/es/nobel-prize/quimica/1946/wendell-meredith-stanley/,Wendell Meredith Stanley,A5027448493,,Q105937,A5027448493,,True,False
20131,"northrop, j",Chemistry,1946,1,family name,https://prizeatlas.org/es/nobel-prize/quimica/1946/john-howard-northrop/,John Howard Northrop,A5041451813,,Q106399,A5059276748,A5038553079,False,False
20132,"sumner, j",Chemistry,1946,1,family name,https://prizeatlas.org/es/nobel-prize/quimica/1946/james-batcheller-sumner/,James Batcheller Sumner,A5013711522,,Q106756,A5013711522,,True,False
20133,"virtanen, a",Chemistry,1945,1,family name,https://prizeatlas.org/es/nobel-prize/quimica/1945/artturi-ilmari-virtanen/,Artturi Ilmari Virtanen,A5103498219,,Q157239,A5103498219,A5043594079;A5077786566,True,False
20134,"hahn, o",Chemistry,1944,1,family name,https://prizeatlas.org/es/nobel-prize/quimica/1944/otto-hahn/,Otto Hahn,A5062274657,,Q57065,A5062274657,,True,False
20135,"hevesy, g",Chemistry,1943,1,family name,https://prizeatlas.org/es/nobel-prize/quimica/1943/george-de-hevesy/,George de Hevesy,A5113661650,,Q76951,A5113495627,A5111857677,False,False
20136,"ruzicka, l",Chemistry,1939,1,family name,https://prizeatlas.org/es/nobel-prize/quimica/1939/leopold-ruzicka/,Leopold Ruzicka,A5037272113,,Q122996,A5037272113,,True,False
20137,"butenandt, a",Chemistry,1939,1,family name,https://prizeatlas.org/es/nobel-prize/quimica/1939/adolf-friedrich-johann-butenandt/,Adolf Friedrich Johann Butenandt,A5009038900,,Q5327,A5009038900,,True,False
20138,"kuhn, r",Chemistry,1938,1,family name,https://prizeatlas.org/es/nobel-prize/quimica/1938/richard-kuhn/,Richard Kuhn,A5069864999,0000-0003-4148-1026,Q78483,A5069864999,A5024530059;A5103433026;A5013198719,True,False
20139,"haworth, w",Chemistry,1937,1,family name,https://prizeatlas.org/es/nobel-prize/quimica/1937/walter-norman-haworth/,Walter Norman Haworth,A5110767057,,Q204600,A5110767057,A5110290944,True,False
20140,"karrer, p",Chemistry,1937,1,family name,https://prizeatlas.org/es/nobel-prize/quimica/1937/paul-karrer/,Paul Karrer,A5112818375,,Q73093,A5112818375,,True,False
20141,"debye, p",Chemistry,1936,1,family name,https://prizeatlas.org/es/nobel-prize/quimica/1936/petrus-peter-josephus-wilhelmus-debye/,Petrus (Peter) Josephus Wilhelmus Debye,A5110078059,,Q103835,A5110078059,A5055869363;A5075595699,True,False
20142,"joliot, f",Chemistry,1935,1,family name + initials,https://prizeatlas.org/es/nobel-prize/quimica/1935/frederic-joliot/,Frédéric Joliot,A5067500746,,Q150989,A5067500746,,True,False
20143,"curie, i",Chemistry,1935,1,family name,https://prizeatlas.org/es/nobel-prize/quimica/1935/irene-joliot-curie/,Irène Joliot-Curie,A5036145844,,Q7504,A5108697296,A5108390794,False,False
20144,"urey, h",Chemistry,1934,1,family name,https://prizeatlas.org/es/nobel-prize/quimica/1934/harold-clayton-urey/,Harold Clayton Urey,A5089754331,,Q179777,A5089754331,,True,False
20145,"langmuir, i",Chemistry,1932,1,family name,https://prizeatlas.org/es/nobel-prize/quimica/1932/irving-langmuir/,Irving Langmuir,A5112358123,,Q184286,A5112358123,,True,False
20146,carl bosch,Chemistry,1931,1,ambiguous (page claimed by several Li laureates),,,,,,,,,False
20147,carl bosch,Chemistry,1931,1,ambiguous (page claimed by several Li laureates),,,,,,A5088399320,,,False
20148,"fischer, h",Chemistry,1930,1,family name,https://prizeatlas.org/es/nobel-prize/quimica/1930/hans-fischer/,Hans Fischer,A5111485167,,Q76604,A5111485167,A5113551703,True,False
20149,"harden, a",Chemistry,1929,1,family name,https://prizeatlas.org/es/nobel-prize/quimica/1929/arthur-harden/,Arthur Harden,A5113762277,,Q189803,A5113762277,,True,False
20150,"von euler, h",Chemistry,1929,1,family name,https://prizeatlas.org/es/nobel-prize/quimica/1929/hans-karl-august-simon-von-euler-chelpin/,Hans Karl August Simon von Euler-Chelpin,A5050670031,,Q76613,,,,False
20151,"windaus, a",Chemistry,1928,1,family name,https://prizeatlas.org/es/nobel-prize/quimica/1928/adolf-otto-reinhold-windaus/,Adolf Otto Reinhold Windaus,A5006651410,,Q77142,A5006651410,,True,False
20152,"wieland, h",Chemistry,1927,1,family name,https://prizeatlas.org/es/nobel-prize/quimica/1927/heinrich-otto-wieland/,Heinrich Otto Wieland,A5085975174,,Q76610,A5085975174,,True,False
20153,"svedberg, t",Chemistry,1926,1,family name,https://prizeatlas.org/es/nobel-prize/quimica/1926/the-theodor-svedberg/,The (Theodor) Svedberg,A5031324909,,Q186391,A5049911591,,False,False
20154,"zsigmondy, r",Chemistry,1925,1,family name,https://prizeatlas.org/es/nobel-prize/quimica/1925/richard-adolf-zsigmondy/,Richard Adolf Zsigmondy,A5023483563,,Q78481,A5023483563,,True,False
20155,fritz pregl,Chemistry,1923,1,family name,https://prizeatlas.org/es/nobel-prize/quimica/1923/fritz-pregl/,Fritz Pregl,A5112197388,,Q78482,A5112197388,,True,False
20156,"aston, f",Chemistry,1922,1,family name,https://prizeatlas.org/es/nobel-prize/quimica/1922/francis-william-aston/,Francis William Aston,A5090137942,,Q102291,A5090137942,,True,False
20157,"soddy, f",Chemistry,1921,1,family name,https://prizeatlas.org/es/nobel-prize/quimica/1921/frederick-soddy/,Frederick Soddy,A5053765594,,Q102830,A5053765594,,True,False
20158,"nernst, w",Chemistry,1920,1,family name,https://prizeatlas.org/es/nobel-prize/quimica/1920/walther-hermann-nernst/,Walther Hermann Nernst,A5041162507,,Q57125,A5005423532,,False,False
20159,"haber, f",Chemistry,1918,1,family name,https://prizeatlas.org/es/nobel-prize/quimica/1918/fritz-haber/,Fritz Haber,A5066846491,,Q57075,A5022190512,,False,False
20160,"willstatter, r",Chemistry,1915,1,family name,https://prizeatlas.org/es/nobel-prize/quimica/1915/richard-martin-willstatter/,Richard Martin Willstätter,A5026203400,,Q77072,A5026203400,,True,False
20161,"richards, t",Chemistry,1914,1,family name,https://prizeatlas.org/es/nobel-prize/quimica/1914/theodore-william-richards/,Theodore William Richards,A5112362648,,Q189465,A5111860242,A5112362648,False,True
20162,victor grignard,Chemistry,1912,1,family name,https://prizeatlas.org/es/nobel-prize/quimica/1912/victor-grignard/,Victor Grignard,A5034810986,,Q104582,,,,False
20163,"rutherford, e",Chemistry,1908,1,family name,https://prizeatlas.org/es/nobel-prize/quimica/1908/ernest-rutherford/,Ernest Rutherford,A5113946075,,Q9123,A5113946075,,True,False
30001,"ohsumi, y",Medicine,2016,1,family name,https://prizeatlas.org/es/nobel-prize/medicina/2016/yoshinori-ohsumi/,Yoshinori Ohsumi,A5056765809,0000-0003-2384-2166,Q8056214,A5056765809,,True,False
30002,youyou tu,Medicine,2015,1,family name,https://prizeatlas.org/es/nobel-prize/medicina/2015/tu-youyou/,Tu Youyou,A5010459426,0000-0001-9781-3857,Q462843,A5010459426,,True,False
30003,"omura, s",Medicine,2015,1,family name,https://prizeatlas.org/es/nobel-prize/medicina/2015/satoshi-omura/,Satoshi Ōmura,A5045164227,0000-0002-9187-2044,Q21061207,A5045164227,A5045446494;A5113614426;A5074367276;A5083683248;A5073922905;A5111527087,True,False
30004,"campbell, wc",Medicine,2015,1,family name,https://prizeatlas.org/es/nobel-prize/medicina/2015/william-c-campbell/,William C. Campbell,A5018339760,,Q21061212,A5018339760,,True,False
30005,"moser, ei",Medicine,2014,1,family name + initials,https://prizeatlas.org/es/nobel-prize/medicina/2014/edvard-i-moser/,Edvard I. Moser,A5086289649,0000-0003-0226-5566,Q5341373,A5086289649,,True,False
30006,"okeefe, j",Medicine,2014,1,family name (joined),https://prizeatlas.org/es/nobel-prize/medicina/2014/john-o-keefe/,John O'Keefe,A5053583655,0000-0001-5697-4881,Q1701279,A5053583655,A5110406780;A5066429696,True,False
30007,"moser, mb",Medicine,2014,1,family name + initials,https://prizeatlas.org/es/nobel-prize/medicina/2014/may-britt-moser/,May-Britt Moser,A5053497962,0000-0001-7884-3049,Q6796222,A5053497962,,True,False
30008,"sudhof, tc",Medicine,2013,1,family name,https://prizeatlas.org/es/nobel-prize/medicina/2013/thomas-c-sudhof/,Thomas C. Südhof,A5061921730,0000-0003-3361-9275,Q97270,A5061921730,A5113700463;A5113870639;A5111931611;A5108517329;A5111362964;A5061374817;A5111464557,True,False
30009,"schekman, r",Medicine,2013,1,family name,https://prizeatlas.org/es/nobel-prize/medicina/2013/randy-w-schekman/,Randy W. Schekman,A5016859611,0000-0001-8615-6409,Q740638,A5016859611,,True,False
30010,"rothman, je",Medicine,2013,1,family name,https://prizeatlas.org/es/nobel-prize/medicina/2013/james-e-rothman/,James E. Rothman,A5101629940,0000-0003-4822-4161,Q444270,A5101629940,A5107942278;A5110114169;A5111538883;A5106134405,True,False
30011,"yamanaka, s",Medicine,2012,1,family name,https://prizeatlas.org/es/nobel-prize/medicina/2012/shinya-yamanaka/,Shinya Yamanaka,A5081862387,0009-0003-1393-0987,Q80917,A5081862387,,True,False
30012,"gurdon, jb",Medicine,2012,1,family name,https://prizeatlas.org/es/nobel-prize/medicina/2012/john-b-gurdon/,John B. Gurdon,A5059632675,0000-0002-5621-3799,Q81218,A5059632675,,True,False
30013,"steinman, rm",Medicine,2011,1,family name,https://prizeatlas.org/es/nobel-prize/medicina/2011/ralph-m-steinman/,Ralph M. Steinman,A5113434905,,Q105494,A5113434905,A5110260110;A5057488163;A5110074815,True,False
30014,"hoffmann, ja",Medicine,2011,1,family name,https://prizeatlas.org/es/nobel-prize/medicina/2011/jules-a-hoffmann/,Jules A. Hoffmann,A5109919304,0000-0001-7286-1967,Q105605,A5010814488,A5103182486;A5110061055;A5109919304,False,True
30015,"beutler, b",Medicine,2011,1,family name,https://prizeatlas.org/es/nobel-prize/medicina/2011/bruce-a-beutler/,Bruce A. Beutler,A5059140393,0000-0002-3639-246X,Q104592,A5059140393,,True,False
30016,"edwards, rg",Medicine,2010,1,family name,https://prizeatlas.org/es/nobel-prize/medicina/2010/robert-g-edwards/,Robert G. Edwards,A5076630534,0000-0002-5667-291X,Q104913,A5111851953,A5102829123;A5109997222;A5076630534;A5104363156;A5074737417;A5112040083;A5103467712;A5036802114;A5050483353,False,True
30017,"szostak, jw",Medicine,2009,1,family name,https://prizeatlas.org/es/nobel-prize/medicina/2009/jack-w-szostak/,Jack W. Szostak,A5023274897,0000-0003-4131-1203,Q104600,A5023274897,,True,False
30018,"greider, cw",Medicine,2009,1,family name,https://prizeatlas.org/es/nobel-prize/medicina/2009/carol-w-greider/,Carol W. Greider,A5041730448,0000-0002-5494-8126,Q26322,A5041730448,,True,False
30019,"blackburn, eh",Medicine,2009,1,family name,https://prizeatlas.org/es/nobel-prize/medicina/2009/elizabeth-h-blackburn/,Elizabeth H. Blackburn,A5064437582,0000-0002-4885-0544,Q26321,A5064437582,A5072836716;A5105823574;A5109217011;A5111613909;A5111652113,True,False
30020,"barresinoussi, f",Medicine,2008,1,family name (joined),https://prizeatlas.org/es/nobel-prize/medicina/2008/francoise-barre-sinoussi/,Françoise Barré-Sinoussi,A5107827488,,Q103844,A5107827488,A5111815077;A5111875195;A5110138497,True,False
30021,"hausen, hz",Medicine,2008,1,family name,https://prizeatlas.org/es/nobel-prize/medicina/2008/harald-zur-hausen/,Harald zur Hausen,A5076220155,0000-0003-1103-0347,Q75847,A5076220155,A5110132273;A5108694091;A5034367474;A5053138096;A5108414657,True,False
30022,"montagnier, l",Medicine,2008,1,family name,https://prizeatlas.org/es/nobel-prize/medicina/2008/luc-montagnier/,Luc Montagnier,A5016871448,,Q103598,A5016871448,,True,False
30023,"evans, mj",Medicine,2007,1,family name,https://prizeatlas.org/es/nobel-prize/medicina/2007/martin-j-evans/,Martin J. Evans,A5089983912,0000-0001-7741-1535,Q207719,A5103273153,A5089983912;A5110074082;A5111976014;A5029182034;A5082332335,False,True
30024,"capecchi, mr",Medicine,2007,1,family name,https://prizeatlas.org/es/nobel-prize/medicina/2007/mario-r-capecchi/,Mario R. Capecchi,A5065080973,0000-0002-9591-4993,Q215574,A5065080973,A5007935383,True,False
30025,"smithies, o",Medicine,2007,1,family name,https://prizeatlas.org/es/nobel-prize/medicina/2007/oliver-smithies/,Oliver Smithies,A5070335657,0000-0002-4934-3931,Q216318,A5070335657,A5043508749;A5089388038,True,False
30026,"mello, cc",Medicine,2006,1,family name,https://prizeatlas.org/es/nobel-prize/medicina/2006/craig-c-mello/,Craig C. Mello,A5029315886,0000-0001-9176-6551,Q206455,A5029315886,A5108507716,True,False
30027,"fire, a",Medicine,2006,1,family name,https://prizeatlas.org/es/nobel-prize/medicina/2006/andrew-z-fire/,Andrew Z. Fire,A5057231025,0000-0001-6217-8312,Q202152,A5057231025,,True,False
30028,"warren, jr",Medicine,2005,1,family name,https://prizeatlas.org/es/nobel-prize/medicina/2005/j-robin-warren/,J. Robin Warren,A5103471926,,Q208670,A5040739282,A5103471926;A5111953067,False,True
30029,"marshall, bj",Medicine,2005,1,family name,https://prizeatlas.org/es/nobel-prize/medicina/2005/barry-j-marshall/,Barry J. Marshall,A5058569055,0000-0003-4853-5015,Q202136,A5058569055,,True,False
30030,"buck, l",Medicine,2004,1,family name,https://prizeatlas.org/es/nobel-prize/medicina/2004/linda-b-buck/,Linda B. Buck,A5041469934,0000-0001-6735-8961,Q200136,A5041469934,,True,False
30031,"axel, r",Medicine,2004,1,family name,https://prizeatlas.org/es/nobel-prize/medicina/2004/richard-axel/,Richard Axel,A5140697054,0000-0002-3141-4076,Q211940,A5023563090,,False,False
30032,"mansfield, p",Medicine,2003,1,family name,https://prizeatlas.org/es/nobel-prize/medicina/2003/sir-peter-mansfield/,Sir Peter Mansfield,A5053266229,,Q243601,A5086361722,A5103250473;A5022891437;A5109176350,False,False
30033,"lauterbur, pc",Medicine,2003,1,family name,https://prizeatlas.org/es/nobel-prize/medicina/2003/paul-c-lauterbur/,Paul C. Lauterbur,A5077010419,,Q106547,A5077010419,,True,False
30034,"horvitz, hr",Medicine,2002,1,family name,https://prizeatlas.org/es/nobel-prize/medicina/2002/h-robert-horvitz/,H. Robert Horvitz,A5075093223,0000-0002-9964-9613,Q295659,A5075093223,A5087526445,True,False
30035,"brenner, s",Medicine,2002,1,family name,https://prizeatlas.org/es/nobel-prize/medicina/2002/sydney-brenner/,Sydney Brenner,A5111910776,0000-0002-9433-7557,Q234463,A5111910776,A5112010859;A5111743442;A5108407752;A5072825827;A5086213114,True,False
30036,"sulston, je",Medicine,2002,1,family name,https://prizeatlas.org/es/nobel-prize/medicina/2002/john-e-sulston/,John E. Sulston,A5018043809,,Q271532,A5018043809,A5027879157,True,False
30037,"nurse, p",Medicine,2001,1,family name,https://prizeatlas.org/es/nobel-prize/medicina/2001/paul-m-nurse/,Paul M. Nurse,A5019124036,0000-0002-9244-7787,Q219716,A5019124036,,True,False
30038,"hunt, t",Medicine,2001,1,family name,https://prizeatlas.org/es/nobel-prize/medicina/2001/tim-hunt/,Tim Hunt,A5046551180,0000-0001-5174-6038,Q309977,A5046551180,A5073168996;A5010612497;A5109891213;A5112047544,True,False
30039,"hartwell, lh",Medicine,2001,1,family name,https://prizeatlas.org/es/nobel-prize/medicina/2001/leland-h-hartwell/,Leland H. Hartwell,A5112821745,,Q295869,A5112821745,A5111841634,True,False
30040,"kandel, er",Medicine,2000,1,family name,https://prizeatlas.org/es/nobel-prize/medicina/2000/eric-r-kandel/,Eric R. Kandel,A5034071817,0000-0001-7851-6902,Q155529,A5034071817,A5111673955;A5111428464;A5108411750,True,False
30041,greengar.p,Medicine,2000,1,family name (joined),https://prizeatlas.org/es/nobel-prize/medicina/2000/paul-greengard/,Paul Greengard,A5052825834,0000-0002-4437-0893,Q309979,A5052825834,A5109881127,True,False
30042,"carlsson, a",Medicine,2000,1,family name,https://prizeatlas.org/es/nobel-prize/medicina/2000/arvid-carlsson/,Arvid Carlsson,A5110564232,,Q298045,A5110564232,A5004236371;A5110051520;A5040051141;A5111843656;A5002506385;A5111635494,True,False
30043,"blobel, g",Medicine,1999,1,family name,https://prizeatlas.org/es/nobel-prize/medicina/1999/gunter-blobel/,Günter Blobel,A5081060821,0000-0002-7839-8341,Q60108,A5081060821,A5109536831;A5048392622;A5109919341;A5110026086;A5110220810,True,False
30044,"murad, f",Medicine,1998,1,family name,https://prizeatlas.org/es/nobel-prize/medicina/1998/ferid-murad/,Ferid Murad,A5113484200,,Q295999,A5113484200,A5108402315;A5081176725;A5108388304,True,False
30045,"furchgott, rf",Medicine,1998,1,family name,https://prizeatlas.org/es/nobel-prize/medicina/1998/robert-f-furchgott/,Robert F. Furchgott,A5010310471,,Q108880,A5010310471,,True,False
30046,"ignarro, lj",Medicine,1998,1,family name,https://prizeatlas.org/es/nobel-prize/medicina/1998/louis-j-ignarro/,Louis J. Ignarro,A5113501898,,Q309820,A5113501898,A5010981155;A5112768538;A5110010402;A5110075523;A5111563988;A5084334278,True,False
30047,"prusiner, sb",Medicine,1997,1,family name,https://prizeatlas.org/es/nobel-prize/medicina/1997/stanley-b-prusiner/,Stanley B. Prusiner,A5066991343,0000-0003-1955-5498,Q155380,A5066991343,A5110333680;A5111761873;A5110062556;A5110092467,True,False
30048,zinkerna.rm,Medicine,1996,1,family name (joined),https://prizeatlas.org/es/nobel-prize/medicina/1996/rolf-m-zinkernagel/,Rolf M. Zinkernagel,A5113991567,,Q116064,A5113991567,A5113524964;A5111532761;A5110189139;A5111552826;A5110137727;A5113533961,True,False
30049,"doherty, pc",Medicine,1996,1,family name,https://prizeatlas.org/es/nobel-prize/medicina/1996/peter-c-doherty/,Peter C. Doherty,A5074692390,0000-0002-5028-3489,Q309814,A5074692390,A5088199034,True,False
30050,"nussleinvolhard, c",Medicine,1995,1,family name (joined),https://prizeatlas.org/es/nobel-prize/medicina/1995/christiane-nusslein-volhard/,Christiane Nüsslein-Volhard,A5072765144,0000-0002-7688-1401,Q77174,A5072765144,A5111856736,True,False
30051,"wieschaus, e",Medicine,1995,1,family name,https://prizeatlas.org/es/nobel-prize/medicina/1995/eric-f-wieschaus/,Eric F. Wieschaus,A5083154783,0000-0002-0727-3349,Q301438,A5083154783,,True,False
30052,"lewis, eb",Medicine,1995,1,family name,https://prizeatlas.org/es/nobel-prize/medicina/1995/edward-b-lewis/,Edward B. Lewis,A5112790416,,Q274123,A5112790416,,True,False
30053,"rodbell, m",Medicine,1994,1,family name,https://prizeatlas.org/es/nobel-prize/medicina/1994/martin-rodbell/,Martin Rodbell,A5025375601,,Q60031,A5025375601,,True,False
30054,"gilman, ag",Medicine,1994,1,family name,https://prizeatlas.org/es/nobel-prize/medicina/1994/alfred-g-gilman/,Alfred G. Gilman,A5054552947,,Q296423,A5054552947,,True,False
30055,"sharp, pa",Medicine,1993,1,family name,https://prizeatlas.org/es/nobel-prize/medicina/1993/phillip-a-sharp/,Phillip A. Sharp,A5022945869,0000-0003-1465-1691,Q312977,A5022945869,A5053357142;A5105621546,True,False
30056,"roberts, rj",Medicine,1993,1,family name,https://prizeatlas.org/es/nobel-prize/medicina/1993/richard-j-roberts/,Richard J. Roberts,A5091034547,0000-0002-4348-0169,Q309816,A5091034547,A5031026816;A5024135368;A5104055726;A5049709255;A5102857366;A5110330888;A5023784523;A5108510508;A5108080679;A5111437358;A5015375501;A5021194863;A5109092672;A5109926941;A5113526334,True,False
30057,"fischer, eh",Medicine,1992,1,family name,https://prizeatlas.org/es/nobel-prize/medicina/1992/edmond-h-fischer/,Edmond H. Fischer,A5038922448,,Q109726,A5038922448,A5049503337;A5000495830,True,False
30058,"krebs, eg",Medicine,1992,1,family name,https://prizeatlas.org/es/nobel-prize/medicina/1992/edwin-g-krebs/,Edwin G. Krebs,A5110020206,,Q109731,A5110020206,A5109867936;A5113485380;A5113549655,True,False
30059,"sakmann, b",Medicine,1991,1,family name,https://prizeatlas.org/es/nobel-prize/medicina/1991/bert-sakmann/,Bert Sakmann,A5082041058,,Q77081,A5082041058,A5054049925,True,False
30060,"neher, e",Medicine,1991,1,family name,https://prizeatlas.org/es/nobel-prize/medicina/1991/erwin-neher/,Erwin Neher,A5027089376,0000-0002-9758-7922,Q77126,A5027089376,,True,False
30061,thomas ed,Medicine,1990,1,family name (reversed order),https://prizeatlas.org/es/nobel-prize/medicina/1990/e-donnall-thomas/,E. Donnall Thomas,A5077135046,,Q310485,A5077135046,A5112839492;A5001126420;A5072421936;A5112191071;A5103538874;A5024585205;A5088008752;A5019205310;A5050154369;A5021559669;A5024490477;A5040865115;A5113663958,True,False
30062,"murray, je",Medicine,1990,1,family name,https://prizeatlas.org/es/nobel-prize/medicina/1990/joseph-e-murray/,Joseph E. Murray,A5103688689,,Q192282,A5103688689,A5075904471;A5101854206;A5064931019,True,False
30063,"varmus, he",Medicine,1989,1,family name,https://prizeatlas.org/es/nobel-prize/medicina/1989/harold-e-varmus/,Harold E. Varmus,A5023586836,0000-0002-6444-1943,Q295691,A5023586836,A5104832037;A5084617726;A5111710096,True,False
30064,"bishop, jm",Medicine,1989,1,family name,https://prizeatlas.org/es/nobel-prize/medicina/1989/j-michael-bishop/,J. Michael Bishop,A5089138950,,Q311358,A5089138950,A5035919167;A5080096895;A5103351303;A5109602200;A5086260596,True,False
30065,"black, jw",Medicine,1988,1,family name,https://prizeatlas.org/es/nobel-prize/medicina/1988/james-w-black/,James W. Black,A5110411584,,Q110974,A5110411584,A5103196744;A5108455726;A5110150928,True,False
30066,"hitchings, gh",Medicine,1988,1,family name,https://prizeatlas.org/es/nobel-prize/medicina/1988/george-h-hitchings/,George H. Hitchings,A5044855710,,Q310487,A5044855710,,True,False
30067,"elion, gb",Medicine,1988,1,family name,https://prizeatlas.org/es/nobel-prize/medicina/1988/gertrude-b-elion/,Gertrude B. Elion,A5012121429,,Q35703,A5012121429,A5042816626,True,False
30068,"tonegawa, s",Medicine,1987,1,family name,https://prizeatlas.org/es/nobel-prize/medicina/1987/susumu-tonegawa/,Susumu Tonegawa,A5038557565,0000-0003-2839-8228,Q108602,A5038557565,,True,False
30069,"cohen, s",Medicine,1986,1,family name,https://prizeatlas.org/es/nobel-prize/medicina/1986/stanley-cohen/,Stanley Cohen,A5027994912,0000-0003-3846-6028,Q232299,A5027994912,A5103347210;A5084855607;A5039434595;A5057538503;A5074072070;A5012708804;A5111853590;A5045309577;A5103353931,True,False
30070,"levimontalcini, r",Medicine,1986,1,family name (joined),https://prizeatlas.org/es/nobel-prize/medicina/1986/rita-levi-montalcini/,Rita Levi-Montalcini,A5059952422,,Q185007,A5059952422,,True,False
30071,"brown, ms",Medicine,1985,1,family name,https://prizeatlas.org/es/nobel-prize/medicina/1985/michael-s-brown/,Michael S. Brown,A5079762911,0000-0002-1324-152X,Q295684,A5079762911,A5111655175;A5087263570;A5035138982;A5075135613;A5034258065;A5057829870;A5104083586;A5106406020;A5089777135;A5110068720;A5022094836;A5038664824;A5048953030;A5109161488;A5111800093;A5112186813,True,False
30072,"goldstein, jl",Medicine,1985,1,family name,https://prizeatlas.org/es/nobel-prize/medicina/1985/joseph-l-goldstein/,Joseph L. Goldstein,A5058164552,0000-0002-1894-9463,Q271424,A5058164552,A5111916593;A5108413993;A5109922942;A5108365849;A5111477111;A5091853765;A5112043617,True,False
30073,"milstein, c",Medicine,1984,1,family name,https://prizeatlas.org/es/nobel-prize/medicina/1984/cesar-milstein/,César Milstein,A5108412595,,Q155525,A5108412595,A5108438076;A5109092104;A5108440264;A5109041894,True,False
30074,"kohler, g",Medicine,1984,1,family name,https://prizeatlas.org/es/nobel-prize/medicina/1984/georges-j-f-kohler/,Georges J. F. Köhler,A5005525178,,Q77160,A5040482719,,False,False
30075,"jerne, nk",Medicine,1984,1,family name,https://prizeatlas.org/es/nobel-prize/medicina/1984/niels-k-jerne/,Niels K. Jerne,A5107036166,,Q309876,A5083456626,,False,False
30076,"mcclintock, b",Medicine,1983,1,family name,https://prizeatlas.org/es/nobel-prize/medicina/1983/barbara-mcclintock/,Barbara McClintock,A5029209905,,Q199654,A5029209905,,True,False
30077,samuelss.b,Medicine,1982,1,family name (joined),https://prizeatlas.org/es/nobel-prize/medicina/1982/bengt-i-samuelsson/,Bengt I. Samuelsson,A5112759205,0000-0003-2218-881X,Q295768,A5112759205,A5071801921;A5112790292;A5000523314;A5048177809;A5113465752,True,False
30078,"vane, jr",Medicine,1982,1,family name,https://prizeatlas.org/es/nobel-prize/medicina/1982/john-r-vane/,John R. Vane,A5059382959,,Q309971,A5059382959,A5110158046;A5110020674,True,False
30079,"bergstrom, s",Medicine,1982,1,family name,https://prizeatlas.org/es/nobel-prize/medicina/1982/karl-sune-bergstrom/,Karl Sune Bergström,A5113465569,,Q295696,A5113465569,A5112071856;A5108368073,True,False
30080,"hubel, dh",Medicine,1981,1,family name,https://prizeatlas.org/es/nobel-prize/medicina/1981/david-h-hubel/,David H. Hubel,A5109168228,,Q295644,A5109168228,,True,False
30081,"sperry, rw",Medicine,1981,1,family name,https://prizeatlas.org/es/nobel-prize/medicina/1981/roger-wolcott-sperry/,Roger Wolcott Sperry,A5113693560,,Q232305,A5113693560,A5037994919,True,False
30082,"wiesel, tn",Medicine,1981,1,family name,https://prizeatlas.org/es/nobel-prize/medicina/1981/torsten-n-wiesel/,Torsten N. Wiesel,A5108520299,,Q271421,A5108520299,A5111600802;A5109205696,True,False
30083,"snell, gd",Medicine,1980,1,family name,https://prizeatlas.org/es/nobel-prize/medicina/1980/george-d-snell/,George D. Snell,A5082173129,,Q295666,A5112809395,,False,False
30084,"dausset, j",Medicine,1980,1,family name,https://prizeatlas.org/es/nobel-prize/medicina/1980/jean-dausset/,Jean Dausset,A5111852671,,Q152760,A5111852671,A5110260554,True,False
30085,benacerr.b,Medicine,1980,1,family name (joined),https://prizeatlas.org/es/nobel-prize/medicina/1980/baruj-benacerraf/,Baruj Benacerraf,A5001497872,,Q234701,A5001497872,A5010429650,True,False
30086,"hounsfield, gn",Medicine,1979,1,family name,https://prizeatlas.org/es/nobel-prize/medicina/1979/godfrey-n-hounsfield/,Godfrey N. Hounsfield,A5108463138,,Q273769,A5108463138,,True,False
30087,"cormack, am",Medicine,1979,1,family name,https://prizeatlas.org/es/nobel-prize/medicina/1979/allan-m-cormack/,Allan M. Cormack,A5029051742,0000-0002-5867-3529,Q223542,A5029051742,,True,False
30088,"nathans, d",Medicine,1978,1,family name,https://prizeatlas.org/es/nobel-prize/medicina/1978/daniel-nathans/,Daniel Nathans,A5046735421,,Q295706,A5046735421,,True,False
30089,"arber, w",Medicine,1978,1,family name,https://prizeatlas.org/es/nobel-prize/medicina/1978/werner-arber/,Werner Arber,A5032554900,0009-0001-0086-1447,Q115495,A5032554900,,True,False
30090,"smith, ho",Medicine,1978,1,family name,https://prizeatlas.org/es/nobel-prize/medicina/1978/hamilton-o-smith/,Hamilton O. Smith,A5076771387,,Q108896,A5073667857,A5076771387;A5055999337;A5019402277;A5103081604;A5113999880;A5101589458;A5117525054,False,True
30091,"schally, av",Medicine,1977,1,family name,https://prizeatlas.org/es/nobel-prize/medicina/1977/andrew-v-schally/,Andrew V. Schally,A5068739269,0000-0003-1273-6747,Q141147,A5068739269,A5110911416;A5112029167;A5110063750;A5055497611;A5108196831;A5110130930;A5111563369,True,False
30092,guillemi.r,Medicine,1977,1,family name (joined),https://prizeatlas.org/es/nobel-prize/medicina/1977/roger-guillemin/,Roger Guillemin,A5061993952,,Q242169,A5061993952,,True,False
30093,"yalow, rs",Medicine,1977,1,family name,https://prizeatlas.org/es/nobel-prize/medicina/1977/rosalyn-sussman-yalow/,Rosalyn Sussman Yalow,A5053147774,,Q107402,A5053147774,A5014637578,True,False
30094,"gajdusek, dc",Medicine,1976,1,family name,https://prizeatlas.org/es/nobel-prize/medicina/1976/d-carleton-gajdusek/,D. Carleton Gajdusek,A5111936437,,Q108576,A5111936437,A5110285727;A5110158198;A5067681674,True,False
30095,"blumberg, bs",Medicine,1976,1,family name,https://prizeatlas.org/es/nobel-prize/medicina/1976/baruch-s-blumberg/,Baruch S. Blumberg,A5030590633,,Q105830,A5030590633,A5108460758,True,False
30096,baltimor.d,Medicine,1975,1,family name (joined),https://prizeatlas.org/es/nobel-prize/medicina/1975/david-baltimore/,David Baltimore,A5135320255,0000-0001-8723-8190,Q234949,A5042763205,A5074112336;A5055213581,False,False
30097,"temin, hm",Medicine,1975,1,family name,https://prizeatlas.org/es/nobel-prize/medicina/1975/howard-martin-temin/,Howard Martin Temin,A5111998828,,Q243536,A5111998828,,True,False
30098,"dulbecco, r",Medicine,1975,1,family name,https://prizeatlas.org/es/nobel-prize/medicina/1975/renato-dulbecco/,Renato Dulbecco,A5112826065,,Q109553,A5112826065,A5030422891,True,False
30099,"duve, cd",Medicine,1974,1,family name,https://prizeatlas.org/es/nobel-prize/medicina/1974/christian-de-duve/,Christian de Duve,A5113448164,,Q234590,A5113448164,A5111551991,True,False
30100,"palade, ge",Medicine,1974,1,family name,https://prizeatlas.org/es/nobel-prize/medicina/1974/george-e-palade/,George E. Palade,A5113604582,,Q219718,A5113604582,A5086601827,True,False
30101,"claude, a",Medicine,1974,1,family name,https://prizeatlas.org/es/nobel-prize/medicina/1974/albert-claude/,Albert Claude,A5042531309,,Q233943,A5042531309,,True,False
30102,karl von frisch,Medicine,1973,1,family name,https://prizeatlas.org/es/nobel-prize/medicina/1973/karl-von-frisch/,Karl von Frisch,A5001831229,,Q60060,A5001831229,,True,False
30103,"lorenz, k",Medicine,1973,1,family name,https://prizeatlas.org/es/nobel-prize/medicina/1973/konrad-lorenz/,Konrad Lorenz,A5072331162,,Q78496,A5072331162,,True,False
30104,"edelman, gm",Medicine,1972,1,family name,https://prizeatlas.org/es/nobel-prize/medicina/1972/gerald-m-edelman/,Gerald M. Edelman,A5111917213,,Q271766,A5111917213,A5110126312;A5015528048;A5111653694,True,False
30105,"porter, rr",Medicine,1972,1,family name,https://prizeatlas.org/es/nobel-prize/medicina/1972/rodney-r-porter/,Rodney R. Porter,A5103427668,,Q295700,A5103360452,A5103427668;A5062430686,False,True
30106,"sutherland, ew",Medicine,1971,1,family name,https://prizeatlas.org/es/nobel-prize/medicina/1971/earl-wilbur-sutherland/,Earl Wilbur Sutherland,A5112711352,,Q68118,A5112711352,,True,False
30107,von euler us,Medicine,1970,1,family name (reversed order),https://prizeatlas.org/es/nobel-prize/medicina/1970/ulf-von-euler/,Ulf von Euler,A5027420679,,Q237142,A5111425086,A5110902169,False,False
30108,"axelrod, j",Medicine,1970,1,family name,https://prizeatlas.org/es/nobel-prize/medicina/1970/julius-axelrod/,Julius Axelrod,A5103384109,,Q110106,A5103384109,A5041831446;A5111537902;A5111407164,True,False
30109,"katz, b",Medicine,1970,1,family name,https://prizeatlas.org/es/nobel-prize/medicina/1970/sir-bernard-katz/,Sir Bernard Katz,A5113492319,,Q4517,A5114225142,A5113492319;A5109310528;A5109266564,False,True
30110,"luria, se",Medicine,1969,1,family name,https://prizeatlas.org/es/nobel-prize/medicina/1969/salvador-e-luria/,Salvador E. Luria,A5112011799,,Q205667,A5112569841,A5112011799;A5065465782,False,True
30111,"hershey, ad",Medicine,1969,1,family name,https://prizeatlas.org/es/nobel-prize/medicina/1969/alfred-d-hershey/,Alfred D. Hershey,A5037196391,,Q271703,A5037196391,A5053625847,True,False
30112,"delbruck, m",Medicine,1969,1,family name,https://prizeatlas.org/es/nobel-prize/medicina/1969/max-delbruck/,Max Delbrück,A5109867900,,Q76807,A5110213709,A5109867900,False,True
30113,"nirenberg, m",Medicine,1968,1,family name,https://prizeatlas.org/es/nobel-prize/medicina/1968/marshall-w-nirenberg/,Marshall W. Nirenberg,A5025743622,,Q110060,A5025743622,A5111782411,True,False
30114,"khorana, hg",Medicine,1968,1,family name,https://prizeatlas.org/es/nobel-prize/medicina/1968/har-gobind-khorana/,Har Gobind Khorana,A5016516519,,Q107462,A5010548317,A5016516519;A5076515296;A5063799814,False,True
30115,"holley, rw",Medicine,1968,1,family name,https://prizeatlas.org/es/nobel-prize/medicina/1968/robert-w-holley/,Robert W. Holley,A5035909625,,Q108891,A5035909625,,True,False
30116,"granit, r",Medicine,1967,1,family name,https://prizeatlas.org/es/nobel-prize/medicina/1967/ragnar-granit/,Ragnar Granit,A5109098348,,Q217722,A5109098348,,True,False
30117,"hartline, hk",Medicine,1967,1,family name,https://prizeatlas.org/es/nobel-prize/medicina/1967/haldan-keffer-hartline/,Haldan Keffer Hartline,A5006716330,,Q309879,A5006716330,,True,False
30118,"wald, g",Medicine,1967,1,family name,https://prizeatlas.org/es/nobel-prize/medicina/1967/george-wald/,George Wald,A5063158693,,Q295724,A5063158693,,True,False
30119,"huggins, c",Medicine,1966,1,family name,https://prizeatlas.org/es/nobel-prize/medicina/1966/charles-brenton-huggins/,Charles Brenton Huggins,A5111513007,,Q155371,A5111513007,A5110361396;A5112321851;A5111393569,True,False
30120,"rous, p",Medicine,1966,1,family name,https://prizeatlas.org/es/nobel-prize/medicina/1966/peyton-rous/,Peyton Rous,A5040080492,,Q298707,A5040080492,,True,False
30121,"monod, j",Medicine,1965,1,family name,https://prizeatlas.org/es/nobel-prize/medicina/1965/jacques-monod/,Jacques Monod,A5057454601,,Q231402,A5057454601,,True,False
30122,"lwoff, a",Medicine,1965,1,family name,https://prizeatlas.org/es/nobel-prize/medicina/1965/andre-lwoff/,André Lwoff,A5046682441,,Q223309,A5046682441,,True,False
30123,"jacob, f",Medicine,1965,1,family name,https://prizeatlas.org/es/nobel-prize/medicina/1965/francois-jacob/,François Jacob,A5108348962,0000-0002-1006-4871,Q218311,A5108348962,A5108472040;A5113591841;A5000787813;A5047531013,True,False
30124,"lynen, f",Medicine,1964,1,family name,https://prizeatlas.org/es/nobel-prize/medicina/1964/feodor-lynen/,Feodor Lynen,A5107094688,,Q44597,A5107094688,A5044352603,True,False
30125,"bloch, k",Medicine,1964,1,family name,https://prizeatlas.org/es/nobel-prize/medicina/1964/konrad-bloch/,Konrad Bloch,A5079501364,0000-0002-2377-7387,Q35698,A5079501364,A5108377138;A5108430340,True,False
30126,"eccles, jc",Medicine,1963,1,family name,https://prizeatlas.org/es/nobel-prize/medicina/1963/sir-john-carew-eccles/,Sir John Carew Eccles,A5108408497,,Q273223,A5113540030,A5108408497;A5021874322,False,True
30127,"hodgkin, al",Medicine,1963,1,family name,https://prizeatlas.org/es/nobel-prize/medicina/1963/alan-lloyd-hodgkin/,Alan Lloyd Hodgkin,A5030452986,,Q193650,A5030452986,,True,False
30128,"huxley, af",Medicine,1963,1,family name,https://prizeatlas.org/es/nobel-prize/medicina/1963/andrew-fielding-huxley/,Andrew Fielding Huxley,A5113698511,,Q104607,A5113678219,A5113698511,False,True
30129,"wilkins, mhf",Medicine,1962,1,family name,https://prizeatlas.org/es/nobel-prize/medicina/1962/maurice-hugh-frederick-wilkins/,Maurice Hugh Frederick Wilkins,A5110085423,,Q184659,A5110085423,,True,False
30130,"watson, jd",Medicine,1962,1,family name,https://prizeatlas.org/es/nobel-prize/medicina/1962/james-dewey-watson/,James Dewey Watson,A5101495056,0009-0009-1659-3238,Q83333,A5014257109,A5103965338;A5102937255;A5101495056;A5032238034,False,True
30131,"crick, fhc",Medicine,1962,1,family name,https://prizeatlas.org/es/nobel-prize/medicina/1962/francis-harry-compton-crick/,Francis Harry Compton Crick,A5109884453,,Q123280,A5109884453,,True,False
30132,"vonbekesy, g",Medicine,1961,1,family name (joined),https://prizeatlas.org/es/nobel-prize/medicina/1961/georg-von-bekesy/,Georg von Békésy,A5002557532,,Q238716,A5002557532,,True,False
30133,"medawar, pb",Medicine,1960,1,family name,https://prizeatlas.org/es/nobel-prize/medicina/1960/peter-brian-medawar/,Peter Brian Medawar,A5112594972,,Q214209,A5112071111,A5112594972,False,True
30134,"burnet, fm",Medicine,1960,1,family name,https://prizeatlas.org/es/nobel-prize/medicina/1960/frank-macfarlane-burnet/,Frank Macfarlane Burnet,A5109855464,,Q193550,A5110414058,A5109855464,False,True
30135,"kornberg, a",Medicine,1959,1,family name,https://prizeatlas.org/es/nobel-prize/medicina/1959/arthur-kornberg/,Arthur Kornberg,A5074009134,,Q295678,A5111736971,A5074009134;A5080389579;A5057781889;A5021157551,False,True
30136,"ochoa, s",Medicine,1959,1,family name,https://prizeatlas.org/es/nobel-prize/medicina/1959/severo-ochoa/,Severo Ochoa,A5104366377,,Q233957,A5104366377,A5114209051;A5056814921;A5113807188,True,False
30137,"lederberg, j",Medicine,1958,1,family name,https://prizeatlas.org/es/nobel-prize/medicina/1958/joshua-lederberg/,Joshua Lederberg,A5060761413,,Q218823,A5060761413,,True,False
30138,"beadle, gw",Medicine,1958,1,family name,https://prizeatlas.org/es/nobel-prize/medicina/1958/george-wells-beadle/,George Wells Beadle,A5052135945,,Q238739,A5052135945,,True,False
30139,"tatum, el",Medicine,1958,1,family name,https://prizeatlas.org/es/nobel-prize/medicina/1958/edward-lawrie-tatum/,Edward Lawrie Tatum,A5063122237,,Q237499,A5063122237,,True,False
30140,"bovet, d",Medicine,1957,1,family name,https://prizeatlas.org/es/nobel-prize/medicina/1957/daniel-bovet/,Daniel Bovet,A5042775842,,Q115448,A5042775842,A5044718607,True,False
30141,"richards, dw",Medicine,1956,1,family name,https://prizeatlas.org/es/nobel-prize/medicina/1956/dickinson-w-richards/,Dickinson W. Richards,A5003482340,,Q312963,A5003482340,A5104365187,True,False
30142,"cournand, a",Medicine,1956,1,family name,https://prizeatlas.org/es/nobel-prize/medicina/1956/andre-frederic-cournand/,André Frédéric Cournand,A5108588998,,Q271757,A5108809591,A5108588998,False,True
30143,"theorell, h",Medicine,1955,1,family name,https://prizeatlas.org/es/nobel-prize/medicina/1955/axel-hugo-theodor-theorell/,Axel Hugo Theodor Theorell,A5073804103,,Q156480,A5073804103,,True,False
30144,"robbins, fc",Medicine,1954,1,family name,https://prizeatlas.org/es/nobel-prize/medicina/1954/frederick-chapman-robbins/,Frederick Chapman Robbins,A5065034781,,Q309885,A5065034781,A5008709486,True,False
30145,"weller, th",Medicine,1954,1,family name,https://prizeatlas.org/es/nobel-prize/medicina/1954/thomas-huckle-weller/,Thomas Huckle Weller,A5110189596,,Q310131,A5110189596,A5081969811,True,False
30146,"enders, jf",Medicine,1954,1,family name,https://prizeatlas.org/es/nobel-prize/medicina/1954/john-franklin-enders/,John Franklin Enders,A5103579514,,Q312961,A5103579514,A5049219844,True,False
30147,"lipmann, f",Medicine,1953,1,family name,https://prizeatlas.org/es/nobel-prize/medicina/1953/fritz-albert-lipmann/,Fritz Albert Lipmann,A5075443787,,Q77104,A5075443787,,True,False
30148,"krebs, ha",Medicine,1953,1,family name,https://prizeatlas.org/es/nobel-prize/medicina/1953/hans-adolf-krebs/,Hans Adolf Krebs,A5113454028,,Q57191,A5113454028,A5113571247,True,False
30149,"waksman, sa",Medicine,1952,1,family name,https://prizeatlas.org/es/nobel-prize/medicina/1952/selman-abraham-waksman/,Selman Abraham Waksman,A5068222051,,Q232308,A5013043074,,False,False
30150,"theiler, m",Medicine,1951,1,family name,https://prizeatlas.org/es/nobel-prize/medicina/1951/max-theiler/,Max Theiler,A5043974167,,Q46928,A5043974167,,True,False
30151,"kendall, ec",Medicine,1950,1,family name,https://prizeatlas.org/es/nobel-prize/medicina/1950/edward-calvin-kendall/,Edward Calvin Kendall,A5103333722,,Q110101,A5103333722,A5054363312;A5103048268,True,False
30152,"reichstein, t",Medicine,1950,1,family name,https://prizeatlas.org/es/nobel-prize/medicina/1950/tadeus-reichstein/,Tadeus Reichstein,A5066359670,,Q115490,A5066359670,A5064454364,True,False
30153,"hench, ps",Medicine,1950,1,family name,https://prizeatlas.org/es/nobel-prize/medicina/1950/philip-showalter-hench/,Philip Showalter Hench,A5080055556,,Q235651,A5080055556,A5079114293,True,False
30154,"hess, wr",Medicine,1949,1,family name,https://prizeatlas.org/es/nobel-prize/medicina/1949/walter-rudolf-hess/,Walter Rudolf Hess,A5111718960,,Q115470,A5112226180,,False,False
30155,"moniz, e",Medicine,1949,1,family name,https://prizeatlas.org/es/nobel-prize/medicina/1949/antonio-caetano-de-abreu-freire-egas-moniz/,Antonio Caetano de Abreu Freire Egas Moniz,A5090479084,,Q273219,A5026190596,,False,False
30156,"muller, p",Medicine,1948,1,family name,https://prizeatlas.org/es/nobel-prize/medicina/1948/paul-hermann-muller/,Paul Hermann Müller,A5014564395,,Q115475,A5014564395,,True,False
30157,"cori, gt",Medicine,1947,1,family name + initials,https://prizeatlas.org/es/nobel-prize/medicina/1947/gerty-theresa-cori-nee-radnitz/,"Gerty Theresa Cori, née Radnitz",A5003134752,,Q204733,A5003134752,A5064764669;A5083840932,True,False
30158,"houssay, ba",Medicine,1947,1,family name,https://prizeatlas.org/es/nobel-prize/medicina/1947/bernardo-alberto-houssay/,Bernardo Alberto Houssay,A5112052280,,Q237160,A5112052280,A5083665292,True,False
30159,"cori, cf",Medicine,1947,1,family name + initials,https://prizeatlas.org/es/nobel-prize/medicina/1947/carl-ferdinand-cori/,Carl Ferdinand Cori,A5108568908,,Q78501,A5108568908,A5087913728,True,False
30160,"muller, hj",Medicine,1946,1,family name,https://prizeatlas.org/es/nobel-prize/medicina/1946/hermann-joseph-muller/,Hermann Joseph Muller,A5109951871,,Q83598,A5109951871,A5109133313;A5102990753;A5113583301;A5046320200;A5108085919,True,False
30161,"chain, e",Medicine,1945,1,family name,https://prizeatlas.org/es/nobel-prize/medicina/1945/ernst-boris-chain/,Ernst Boris Chain,A5108629317,,Q58054,A5108629317,,True,False
30162,"fleming, a",Medicine,1945,1,family name,https://prizeatlas.org/es/nobel-prize/medicina/1945/sir-alexander-fleming/,Sir Alexander Fleming,A5112243224,,Q37064,A5108481774,A5108805108;A5014522178;A5018097672;A5031617124,False,False
30163,"florey, hw",Medicine,1945,1,family name,https://prizeatlas.org/es/nobel-prize/medicina/1945/sir-howard-walter-florey/,Sir Howard Walter Florey,A5110094148,,Q137106,A5110290731,,False,False
30164,"erlanger, j",Medicine,1944,1,family name,https://prizeatlas.org/es/nobel-prize/medicina/1944/joseph-erlanger/,Joseph Erlanger,A5016962982,,Q243532,A5016962982,,True,False
30165,"gasser, hs",Medicine,1944,1,family name,https://prizeatlas.org/es/nobel-prize/medicina/1944/herbert-spencer-gasser/,Herbert Spencer Gasser,A5006416610,,Q273201,A5006416610,A5113687962,True,False
30166,"doisy, ea",Medicine,1943,1,family name,https://prizeatlas.org/es/nobel-prize/medicina/1943/edward-adelbert-doisy/,Edward Adelbert Doisy,A5111368343,,Q230612,A5111368343,A5064444945,True,False
30167,"dam, h",Medicine,1943,1,family name,https://prizeatlas.org/es/nobel-prize/medicina/1943/henrik-carl-peter-dam/,Henrik Carl Peter Dam,A5030633672,,Q190501,A5030633672,A5103248582;A5091541123;A5008851460,True,False
30168,"domagk, g",Medicine,1939,1,family name,https://prizeatlas.org/es/nobel-prize/medicina/1939/gerhard-domagk/,Gerhard Domagk,A5108393610,,Q57192,A5108393610,,True,False
30169,"heymans, c",Medicine,1938,1,family name,https://prizeatlas.org/es/nobel-prize/medicina/1938/corneille-jean-francois-heymans/,Corneille Jean François Heymans,A5039587600,,Q156482,A5039587600,,True,False
30170,"gyorgyi, as",Medicine,1937,1,family name,https://prizeatlas.org/es/nobel-prize/medicina/1937/albert-von-szent-gyorgyi-nagyrapolt/,Albert von Szent-Györgyi Nagyrápolt,A5109521432,,Q180468,,,,False
30171,"dale, hh",Medicine,1936,1,family name,https://prizeatlas.org/es/nobel-prize/medicina/1936/sir-henry-hallett-dale/,Sir Henry Hallett Dale,A5059720021,,Q72194,A5108799079,,False,False
30172,"loewi, o",Medicine,1936,1,family name,https://prizeatlas.org/es/nobel-prize/medicina/1936/otto-loewi/,Otto Loewi,A5007361971,,Q77173,A5007361971,,True,False
30173,"spemann, h",Medicine,1935,1,family name,https://prizeatlas.org/es/nobel-prize/medicina/1935/hans-spemann/,Hans Spemann,A5021930742,,Q57568,A5021930742,,True,False
30174,"minot, gr",Medicine,1934,1,family name,https://prizeatlas.org/es/nobel-prize/medicina/1934/george-richards-minot/,George Richards Minot,A5113268786,,Q245000,A5113268786,A5059627566,True,False
30175,"whipple, gh",Medicine,1934,1,family name,https://prizeatlas.org/es/nobel-prize/medicina/1934/george-hoyt-whipple/,George Hoyt Whipple,A5045033585,,Q273238,A5045033585,,True,False
30176,"murphy, wp",Medicine,1934,1,family name,https://prizeatlas.org/es/nobel-prize/medicina/1934/william-parry-murphy/,William Parry Murphy,A5103116165,,Q80323,A5103116165,A5108424648,True,False
30177,"morgan, th",Medicine,1933,1,family name,https://prizeatlas.org/es/nobel-prize/medicina/1933/thomas-hunt-morgan/,Thomas Hunt Morgan,A5079834850,0000-0002-4017-3147,Q177681,A5103458617,,False,False
30178,"adrian, ed",Medicine,1932,1,family name,https://prizeatlas.org/es/nobel-prize/medicina/1932/edgar-douglas-adrian/,Edgar Douglas Adrian,A5051584702,,Q231292,A5051584702,,True,False
30179,"warburg, o",Medicine,1931,1,family name,https://prizeatlas.org/es/nobel-prize/medicina/1931/otto-heinrich-warburg/,Otto Heinrich Warburg,A5081458871,,Q76464,A5081458871,,True,False
30180,"hopkins, fg",Medicine,1929,1,family name,https://prizeatlas.org/es/nobel-prize/medicina/1929/sir-frederick-gowland-hopkins/,Sir Frederick Gowland Hopkins,A5058687221,,Q233976,A5058687221,,True,False
30181,"nicolle, c",Medicine,1928,1,family name,https://prizeatlas.org/es/nobel-prize/medicina/1928/charles-jules-henri-nicolle/,Charles Jules Henri Nicolle,A5009354937,,Q233965,,,,False
30182,"einthoven, w",Medicine,1924,1,family name,https://prizeatlas.org/es/nobel-prize/medicina/1924/willem-einthoven/,Willem Einthoven,A5013691349,,Q189488,A5013691349,,True,False
30183,"macleod, jjr",Medicine,1923,1,family name,https://prizeatlas.org/es/nobel-prize/medicina/1923/john-james-rickard-macleod/,John James Rickard Macleod,A5103633627,,Q232024,A5103633627,,True,False
30184,"banting, fg",Medicine,1923,1,family name,https://prizeatlas.org/es/nobel-prize/medicina/1923/frederick-grant-banting/,Frederick Grant Banting,A5141664781,,Q180350,A5108798799,,False,False
30185,"meyerhof, o",Medicine,1922,1,family name,https://prizeatlas.org/es/nobel-prize/medicina/1922/otto-fritz-meyerhof/,Otto Fritz Meyerhof,A5024378293,,Q57132,A5024378293,,True,False
30186,"hill, av",Medicine,1922,1,family name,https://prizeatlas.org/es/nobel-prize/medicina/1922/archibald-vivian-hill/,Archibald Vivian Hill,A5112089062,,Q155375,A5112089062,A5111369246;A5011634219,True,False
30187,"krogh, a",Medicine,1920,1,family name,https://prizeatlas.org/es/nobel-prize/medicina/1920/schack-august-steenberg-krogh/,Schack August Steenberg Krogh,A5098549773,,Q152187,A5103514865,A5054585479;A5083542637,False,False
30188,charles robert richet,Medicine,1913,1,family name,https://prizeatlas.org/es/nobel-prize/medicina/1913/charles-robert-richet/,Charles Robert Richet,A5018358489,,Q214851,,,,False
30189,"carrel, a",Medicine,1912,1,family name,https://prizeatlas.org/es/nobel-prize/medicina/1912/alexis-carrel/,Alexis Carrel,A5112098647,,Q185777,A5112098647,,True,False
10001,"thouless, dj",Physics,2016,1,family name,https://prizeatlas.org/es/nobel-prize/fisica/2016/david-j-thouless/,David J. Thouless,A5110124079,,Q726394,A5110124079,A5110661778,True,False
10002,"kosterlitz, jm",Physics,2016,1,family name,https://prizeatlas.org/es/nobel-prize/fisica/2016/j-michael-kosterlitz/,J. Michael Kosterlitz,A5057254153,0000-0002-2608-6952,Q1700920,A5108623146,A5057254153,False,True
10003,"haldane, fdm",Physics,2016,1,family name,https://prizeatlas.org/es/nobel-prize/fisica/2016/f-duncan-m-haldane/,F. Duncan M. Haldane,A5089213304,0000-0001-6420-9549,Q1002250,A5089213304,,True,False
10004,"kajita, t",Physics,2015,1,family name,https://prizeatlas.org/es/nobel-prize/fisica/2015/takaaki-kajita/,Takaaki Kajita,A5136088398,0000-0003-1207-6638,Q11538917,A5107190471,A5003388103;A5022155912;A5107860109;A5107958101,False,False
10005,"mcdonald, ab",Physics,2015,1,family name,https://prizeatlas.org/es/nobel-prize/fisica/2015/arthur-b-mcdonald/,Arthur B. McDonald,A5003241485,,Q710597,A5003241485,A5006623271;A5111807815;A5009120419,True,False
10006,"akasaki, isamu",Physics,2014,1,family name,https://prizeatlas.org/es/nobel-prize/fisica/2014/isamu-akasaki/,Isamu Akasaki,A5081597179,,Q1673706,A5081597179,A5001323135;A5030175024,True,False
10007,"amano, hiroshi",Physics,2014,1,family name,https://prizeatlas.org/es/nobel-prize/fisica/2014/hiroshi-amano/,Hiroshi Amano,A5048399593,0000-0002-7598-2593,Q11443689,A5048399593,A5109303826;A5062865221;A5034758375;A5010619422,True,False
10008,"nakamura, shuji",Physics,2014,1,family name,https://prizeatlas.org/es/nobel-prize/fisica/2014/shuji-nakamura/,Shuji Nakamura,A5060156624,0000-0001-6286-884X,Q730065,A5030709847,A5060156624;A5021607947;A5110038620;A5008178871;A5085142320;A5076942087;A5037788901;A5040200387;A5067167421;A5103185152;A5106184926;A5055429341,False,True
10009,"englert, f",Physics,2013,1,family name,https://prizeatlas.org/es/nobel-prize/fisica/2013/francois-englert/,François Englert,A5109059719,,Q151746,A5109117698,A5109059719,False,True
10010,"higgs, pw",Physics,2013,1,family name,https://prizeatlas.org/es/nobel-prize/fisica/2013/peter-w-higgs/,Peter W. Higgs,A5103709169,,Q192112,A5103709169,A5103468030;A5024724452,True,False
10011,"haroche, serge",Physics,2012,1,family name,https://prizeatlas.org/es/nobel-prize/fisica/2012/serge-haroche/,Serge Haroche,A5108398851,,Q109588,A5108398851,A5104688466,True,False
10012,"wineland, david",Physics,2012,1,family name,https://prizeatlas.org/es/nobel-prize/fisica/2012/david-j-wineland/,David J. Wineland,A5001536933,0000-0002-9770-5220,Q61045,A5001536933,A5110893023;A5090644071;A5051418090;A5087719609,True,False
10013,"perlmutter, s",Physics,2011,1,family name,https://prizeatlas.org/es/nobel-prize/fisica/2011/saul-perlmutter/,Saul Perlmutter,A5030135192,0000-0002-4436-4661,Q106949,A5030135192,,True,False
10014,"schmidt, bp",Physics,2011,1,family name,https://prizeatlas.org/es/nobel-prize/fisica/2011/brian-p-schmidt/,Brian P. Schmidt,A5102850551,0000-0001-6589-1287,Q201452,A5023063594,A5102850551;A5082160803,False,True
10015,"riess, adam g.",Physics,2011,1,family name,https://prizeatlas.org/es/nobel-prize/fisica/2011/adam-g-riess/,Adam G. Riess,A5017158718,0000-0002-6124-1196,Q106454,A5017158718,,True,False
10016,"novoselov, kostya s.",Physics,2010,1,family name,https://prizeatlas.org/es/nobel-prize/fisica/2010/konstantin-novoselov/,Konstantin Novoselov,A5135234997,0000-0003-4972-5371,Q106494,A5072248970,,False,False
10017,"geim, andre k.",Physics,2010,1,family name,https://prizeatlas.org/es/nobel-prize/fisica/2010/andre-geim/,Andre Geim,A5058357018,0000-0003-2861-8331,Q104104,A5058357018,A5107928526;A5063416790;A5103457192,True,False
10018,"kao, kc",Physics,2009,1,family name,https://prizeatlas.org/es/nobel-prize/fisica/2009/charles-kuen-kao/,Charles Kuen Kao,A5029955290,,Q16389,,,,False
10019,"boyle, ws",Physics,2009,1,family name,https://prizeatlas.org/es/nobel-prize/fisica/2009/willard-s-boyle/,Willard S. Boyle,A5078466641,,Q73058,A5088578671,,False,False
10020,"smith, ge",Physics,2009,1,family name,https://prizeatlas.org/es/nobel-prize/fisica/2009/george-e-smith/,George E. Smith,A5048212308,,Q76373,A5048212308,,True,False
10021,"nambu, yoichiro",Physics,2008,1,family name,https://prizeatlas.org/es/nobel-prize/fisica/2008/yoichiro-nambu/,Yoichiro Nambu,A5053860646,,Q188120,A5053860646,A5048749381;A5089422905;A5004453479;A5010224808,True,False
10022,"kobayash, m",Physics,2008,1,family name (joined),https://prizeatlas.org/es/nobel-prize/fisica/2008/makoto-kobayashi/,Makoto Kobayashi,A5061619362,0000-0003-0920-2154,Q202164,A5117409078,A5103184163;A5102814771;A5050075379;A5101402707;A5021434048;A5061619362;A5013806545;A5017424948;A5000871442;A5101544200;A5001727973;A5043194606;A5031710130;A5072277804;A5106823269;A5113546355,False,True
10023,"maskawa, t",Physics,2008,1,family name,https://prizeatlas.org/es/nobel-prize/fisica/2008/toshihide-maskawa/,Toshihide Maskawa,A5071580792,,Q202168,A5071580792,,True,False
10024,"fert, a",Physics,2007,1,family name,https://prizeatlas.org/es/nobel-prize/fisica/2007/albert-fert/,Albert Fert,A5055262951,0000-0003-0670-8539,Q153219,A5055262951,A5108488763;A5108074317,True,False
10025,"grunberg, p",Physics,2007,1,family name,https://prizeatlas.org/es/nobel-prize/fisica/2007/peter-grunberg/,Peter Grünberg,A5029618808,,Q57120,A5029618808,A5006067981,True,False
10026,"mather, jc",Physics,2006,1,family name,https://prizeatlas.org/es/nobel-prize/fisica/2006/john-c-mather/,John C. Mather,A5105469517,0000-0002-6460-0078,Q104651,A5103986577,A5111365536,False,False
10027,"smoot, gf",Physics,2006,1,family name,https://prizeatlas.org/es/nobel-prize/fisica/2006/george-f-smoot/,George F. Smoot,A5106522067,0000-0001-7575-0816,Q179572,A5107828466,A5106522067;A5105085160;A5106510553;A5022231048;A5048203542;A5089147316,False,True
10028,"glauber, rj",Physics,2005,1,family name,https://prizeatlas.org/es/nobel-prize/fisica/2005/roy-j-glauber/,Roy J. Glauber,A5049446469,,Q64188,A5049446469,,True,False
10029,"hall, jl",Physics,2005,1,family name,https://prizeatlas.org/es/nobel-prize/fisica/2005/john-l-hall/,John L. Hall,A5009444030,0000-0001-6137-8945,Q206390,A5009444030,A5062438346,True,False
10030,"hansch, tw",Physics,2005,1,family name,https://prizeatlas.org/es/nobel-prize/fisica/2005/theodor-w-hansch/,Theodor W. Hänsch,A5136703544,0000-0002-6476-9033,Q71013,A5027139918,A5105817149;A5109369224;A5069385293;A5065116853;A5112857751;A5107277196;A5027661323;A5053840261;A5107268018;A5111698564,False,False
10031,"wilczek, f",Physics,2004,1,family name,https://prizeatlas.org/es/nobel-prize/fisica/2004/frank-wilczek/,Frank Wilczek,A5091196459,0000-0002-6489-6155,Q107450,A5091196459,,True,False
10032,"gross, dj",Physics,2004,1,family name,https://prizeatlas.org/es/nobel-prize/fisica/2004/david-j-gross/,David J. Gross,A5101843635,0000-0002-1485-7107,Q40262,A5101843635,A5103471353;A5101843634,True,False
10033,"politzer, hd",Physics,2004,1,family name,https://prizeatlas.org/es/nobel-prize/fisica/2004/h-david-politzer/,H. David Politzer,A5032993578,,Q107407,A5032993578,,True,False
10034,"abrikosov, aa",Physics,2003,1,family name,https://prizeatlas.org/es/nobel-prize/fisica/2003/alexei-a-abrikosov/,Alexei A. Abrikosov,A5111686980,,Q188128,A5058773469,,False,False
10035,"leggett, aj",Physics,2003,1,family name,https://prizeatlas.org/es/nobel-prize/fisica/2003/anthony-j-leggett/,Anthony J. Leggett,A5112509340,,Q192718,A5112769527,A5112509340;A5009732950;A5078394110,False,True
10036,"ginzburg, vl",Physics,2003,1,family name,https://prizeatlas.org/es/nobel-prize/fisica/2003/vitaly-l-ginzburg/,Vitaly L. Ginzburg,A5107701637,,Q104668,A5107701637,,True,False
10037,"koshiba, m",Physics,2002,1,family name,https://prizeatlas.org/es/nobel-prize/fisica/2002/masatoshi-koshiba/,Masatoshi Koshiba,A5107839752,,Q155773,A5107839752,A5107934106,True,False
10038,"giacconi, r",Physics,2002,1,family name,https://prizeatlas.org/es/nobel-prize/fisica/2002/riccardo-giacconi/,Riccardo Giacconi,A5090764693,,Q186481,A5090764693,,True,False
10039,raymond davis jr.,Physics,2002,1,family name,https://prizeatlas.org/es/nobel-prize/fisica/2002/raymond-davis-jr/,Raymond Davis Jr.,A5088919307,,Q175519,A5109188168,,False,False
10040,"cornell, ea",Physics,2001,1,family name,https://prizeatlas.org/es/nobel-prize/fisica/2001/eric-a-cornell/,Eric A. Cornell,A5004950660,0009-0004-8034-9057,Q205954,A5004950660,,True,False
10041,"ketterle, w",Physics,2001,1,family name,https://prizeatlas.org/es/nobel-prize/fisica/2001/wolfgang-ketterle/,Wolfgang Ketterle,A5040820196,0000-0002-9528-3044,Q76462,A5040820196,,True,False
10042,"wiemann, ce",Physics,2001,1,fuzzy family name,https://prizeatlas.org/es/nobel-prize/fisica/2001/carl-e-wieman/,Carl E. Wieman,A5006656464,0000-0003-1449-9319,Q206379,A5006656464,A5022984421,True,False
10043,kroemer herbert ,Physics,2000,1,family name,https://prizeatlas.org/es/nobel-prize/fisica/2000/herbert-kroemer/,Herbert Kroemer,A5055558095,,Q71016,A5055558095,,True,False
10044,"alferov, zi",Physics,2000,1,family name,https://prizeatlas.org/es/nobel-prize/fisica/2000/zhores-i-alferov/,Zhores I. Alferov,A5048587348,,Q183279,A5112712563,,False,False
10045,"kilby, js",Physics,2000,1,family name,https://prizeatlas.org/es/nobel-prize/fisica/2000/jack-s-kilby/,Jack S. Kilby,A5025589417,,Q182031,A5025589417,,True,False
10046,"veltman, m",Physics,1999,1,family name,https://prizeatlas.org/es/nobel-prize/fisica/1999/martinus-j-g-veltman/,Martinus J.G. Veltman,A5087850537,,Q202149,A5087850537,,True,False
10047,"thooft, g",Physics,1999,1,family name (joined),https://prizeatlas.org/es/nobel-prize/fisica/1999/gerardus-t-hooft/,Gerardus 't Hooft,A5059474142,0000-0002-5405-5504,Q184592,A5059474142,A5109876016,True,False
10048,"stormer, hl",Physics,1998,1,family name,https://prizeatlas.org/es/nobel-prize/fisica/1998/horst-l-stormer/,Horst L. Störmer,A5111474378,,Q71015,A5111474378,,True,False
10049,"tsui, dc",Physics,1998,1,family name,https://prizeatlas.org/es/nobel-prize/fisica/1998/daniel-c-tsui/,Daniel C. Tsui,A5110862535,,Q202138,A5110862535,A5044373764,True,False
10050,"laughlin, rb",Physics,1998,1,family name,https://prizeatlas.org/es/nobel-prize/fisica/1998/robert-b-laughlin/,Robert B. Laughlin,A5051731365,,Q189997,A5051731365,,True,False
10051,"phillips, wd",Physics,1997,1,family name,https://prizeatlas.org/es/nobel-prize/fisica/1997/william-d-phillips/,William D. Phillips,A5023921458,0000-0002-5405-8422,Q190756,A5082692852,A5050888395;A5032259106;A5113952364,False,False
10052,"cohentannoudji, c",Physics,1997,1,family name (joined),https://prizeatlas.org/es/nobel-prize/fisica/1997/claude-cohen-tannoudji/,Claude Cohen-Tannoudji,A5015209954,,Q190697,A5015209954,,True,False
10053,"chu, s",Physics,1997,1,family name,https://prizeatlas.org/es/nobel-prize/fisica/1997/steven-chu/,Steven Chu,A5001967033,0000-0002-4572-0154,Q172466,A5001967033,A5011719210;A5044517310;A5089613427,True,False
10054,"lee, dm",Physics,1996,1,family name,https://prizeatlas.org/es/nobel-prize/fisica/1996/david-m-lee/,David M. Lee,A5100841472,,Q201853,A5035923827,A5083699282;A5079338690;A5017235387;A5100423797;A5082936360;A5012088639;A5089761041;A5018932014;A5038521052;A5078809978,False,False
10055,"osheroff, dd",Physics,1996,1,family name,https://prizeatlas.org/es/nobel-prize/fisica/1996/douglas-d-osheroff/,Douglas D. Osheroff,A5023092855,,Q206405,A5023092855,,True,False
10056,"richards, rc",Physics,1996,1,family name (joined),https://prizeatlas.org/es/nobel-prize/fisica/1996/robert-c-richardson/,Robert C. Richardson,A5065382176,0000-0002-3850-3709,Q402649,A5065382176,,True,False
10057,"perl, ml",Physics,1995,1,family name,https://prizeatlas.org/es/nobel-prize/fisica/1995/martin-l-perl/,Martin L. Perl,A5110436516,,Q107416,A5110436516,A5110306805;A5088555602;A5107858870;A5106287037;A5110198039;A5103338752;A5106290555;A5113675981;A5000771527;A5104388067;A5105356546;A5109248588;A5103452201;A5104475628;A5105165810;A5105781976;A5106748963;A5110103193;A5110844980;A5111878076,True,False
10058,"reines, f",Physics,1995,1,family name,https://prizeatlas.org/es/nobel-prize/fisica/1995/frederick-reines/,Frederick Reines,A5072325608,,Q191922,A5072325608,,True,False
10059,"shull, cg",Physics,1994,1,family name,https://prizeatlas.org/es/nobel-prize/fisica/1994/clifford-g-shull/,Clifford G. Shull,A5058128161,,Q201506,A5058128161,,True,False
10060,"brockhouse, bn",Physics,1994,1,family name,https://prizeatlas.org/es/nobel-prize/fisica/1994/bertram-n-brockhouse/,Bertram N. Brockhouse,A5039701235,,Q192689,A5039701235,,True,False
10061,"hulse, ra",Physics,1993,1,family name,https://prizeatlas.org/es/nobel-prize/fisica/1993/russell-a-hulse/,Russell A. Hulse,A5015145579,,Q156286,A5015145579,,True,False
10062,"taylor, jh",Physics,1993,1,family name,https://prizeatlas.org/es/nobel-prize/fisica/1993/joseph-h-taylor-jr/,Joseph H. Taylor Jr.,A5112769462,,Q192685,A5112769462,,True,False
10063,"charpak, g",Physics,1992,1,family name,https://prizeatlas.org/es/nobel-prize/fisica/1992/georges-charpak/,Georges Charpak,A5003649130,,Q153178,A5003649130,,True,False
10064,"degennes, pg",Physics,1991,1,family name (joined),https://prizeatlas.org/es/nobel-prize/fisica/1991/pierre-gilles-de-gennes/,Pierre-Gilles de Gennes,A5113527785,,Q187224,A5113527785,,True,False
10065,"taylor, re",Physics,1990,1,family name,https://prizeatlas.org/es/nobel-prize/fisica/1990/richard-e-taylor/,Richard E. Taylor,A5009098444,0000-0003-1146-7493,Q201470,A5009098444,A5103448404,True,False
10066,"friedman, ji",Physics,1990,1,family name,https://prizeatlas.org/es/nobel-prize/fisica/1990/jerome-i-friedman/,Jerome I. Friedman,A5108251783,,Q187822,A5108251783,A5004784434;A5052568385,True,False
10067,"kendall, hw",Physics,1990,1,family name,https://prizeatlas.org/es/nobel-prize/fisica/1990/henry-w-kendall/,Henry W. Kendall,A5020205138,,Q190495,A5020205138,A5015620777,True,False
10068,"ramsey, nf",Physics,1989,1,family name,https://prizeatlas.org/es/nobel-prize/fisica/1989/norman-f-ramsey/,Norman F. Ramsey,A5068702687,0000-0002-5435-1135,Q107419,A5068702687,,True,False
10069,"dehmelt, hg",Physics,1989,1,family name,https://prizeatlas.org/es/nobel-prize/fisica/1989/hans-g-dehmelt/,Hans G. Dehmelt,A5054282961,,Q70532,A5054282961,A5023678677,True,False
10070,"paul, w",Physics,1989,1,family name,https://prizeatlas.org/es/nobel-prize/fisica/1989/wolfgang-paul/,Wolfgang Paul,A5070929934,0000-0002-5637-8163,Q57227,A5070929934,,True,False
10071,"steinberger, j",Physics,1988,1,family name,https://prizeatlas.org/es/nobel-prize/fisica/1988/jack-steinberger/,Jack Steinberger,A5110517027,,Q153210,A5089821134,A5113638498;A5110517027;A5108443043;A5105165720;A5105716911;A5044138897;A5106290750;A5106291938,False,True
10072,"schwartz, m",Physics,1988,1,family name,https://prizeatlas.org/es/nobel-prize/fisica/1988/melvin-schwartz/,Melvin Schwartz,A5074909955,,Q189741,A5074909955,,True,False
10073,"lederman, lm",Physics,1988,1,family name,https://prizeatlas.org/es/nobel-prize/fisica/1988/leon-m-lederman/,Leon M. Lederman,A5046315734,,Q192695,A5046315734,A5045149556,True,False
10074,"muller, ka",Physics,1987,1,family name,https://prizeatlas.org/es/nobel-prize/fisica/1987/k-alexander-muller/,K. Alexander Müller,A5025810793,,Q122298,A5025810793,A5107924644;A5107844774;A5107858862;A5057814757;A5101044564;A5047160240;A5107839309;A5110120028;A5074587465;A5000357962;A5010194269;A5018279211;A5057750625;A5060899655;A5105527133;A5105837304;A5106445569;A5111881086,True,False
10075,"bednorz, jg",Physics,1987,1,family name,https://prizeatlas.org/es/nobel-prize/fisica/1987/j-georg-bednorz/,J. Georg Bednorz,A5112801181,,Q76687,A5112801181,A5112718349,True,False
10076,"binnig, g",Physics,1986,1,family name,https://prizeatlas.org/es/nobel-prize/fisica/1986/gerd-binnig/,Gerd Binnig,A5071169826,,Q76766,A5071169826,A5043094421;A5067968716,True,False
10077,"rohrer, h",Physics,1986,1,family name,https://prizeatlas.org/es/nobel-prize/fisica/1986/heinrich-rohrer/,Heinrich Rohrer,A5108397582,,Q123029,A5108397582,,True,False
10078,"ruska, e",Physics,1986,1,family name,https://prizeatlas.org/es/nobel-prize/fisica/1986/ernst-ruska/,Ernst Ruska,A5078172315,,Q71022,,,,False
10079,"vonklitzing, k",Physics,1985,1,family name (joined),https://prizeatlas.org/es/nobel-prize/fisica/1985/klaus-von-klitzing/,Klaus von Klitzing,A5056170134,0000-0002-1720-7396,Q71024,A5056170134,,True,False
10080,"rubbia, c",Physics,1984,1,family name,https://prizeatlas.org/es/nobel-prize/fisica/1984/carlo-rubbia/,Carlo Rubbia,A5105889392,,Q187199,A5107841807,A5105889392;A5112363497;A5026658138;A5015211241;A5105465159;A5113671382,False,True
10081,"vandermeer, s",Physics,1984,1,family name (joined),https://prizeatlas.org/es/nobel-prize/fisica/1984/simon-van-der-meer/,Simon van der Meer,A5014887350,,Q104779,,,,False
10082,"fowler, wa",Physics,1983,1,family name,https://prizeatlas.org/es/nobel-prize/fisica/1983/william-alfred-fowler/,William Alfred Fowler,A5110183614,,Q46120,A5110183614,,True,False
10083,"chandrasekhar, s",Physics,1983,1,family name,https://prizeatlas.org/es/nobel-prize/fisica/1983/subramanyan-chandrasekhar/,Subramanyan Chandrasekhar,A5110168523,,Q148109,A5110168523,A5110068618;A5082315536,True,False
10084,"wilson, kg",Physics,1982,1,family name,https://prizeatlas.org/es/nobel-prize/fisica/1982/kenneth-g-wilson/,Kenneth G. Wilson,A5106764096,,Q193503,A5106764096,A5060075583;A5083806242,True,False
10085,"siegbahn, k",Physics,1981,1,family name,https://prizeatlas.org/es/nobel-prize/fisica/1981/kai-m-siegbahn/,Kai M. Siegbahn,A5017996890,,Q192712,A5017996890,A5111992777,True,False
10086,"schawlow, al",Physics,1981,1,family name,https://prizeatlas.org/es/nobel-prize/fisica/1981/arthur-leonard-schawlow/,Arthur Leonard Schawlow,A5020129164,,Q190503,A5020129164,A5044162407,True,False
10087,"bloember, n",Physics,1981,1,family name (joined),https://prizeatlas.org/es/nobel-prize/fisica/1981/nicolaas-bloembergen/,Nicolaas Bloembergen,A5034196416,,Q189987,A5034196416,A5000555493;A5046244442;A5023322906,True,False
10088,"cronin, jw",Physics,1980,1,family name,https://prizeatlas.org/es/nobel-prize/fisica/1980/james-watson-cronin/,James Watson Cronin,A5030051084,,Q193496,A5103977169,A5030051084;A5107825961,False,True
10089,"fitch, v",Physics,1980,1,family name,https://prizeatlas.org/es/nobel-prize/fisica/1980/val-logsdon-fitch/,Val Logsdon Fitch,A5112731354,,Q206499,A5112731354,,True,False
10090,"salam, a",Physics,1979,1,family name,https://prizeatlas.org/es/nobel-prize/fisica/1979/abdus-salam/,Abdus Salam,A5101859682,0000-0002-6251-9575,Q28189,A5101859682,A5101859684;A5067407151;A5101817058;A5031327366;A5058530491;A5061192376,True,False
10091,"weinberg, s",Physics,1979,1,family name,https://prizeatlas.org/es/nobel-prize/fisica/1979/steven-weinberg/,Steven Weinberg,A5043632498,,Q179282,A5043632498,A5029097455,True,False
10092,"glashow, sl",Physics,1979,1,family name,https://prizeatlas.org/es/nobel-prize/fisica/1979/sheldon-lee-glashow/,Sheldon Lee Glashow,A5071631119,0000-0002-4796-9666,Q107420,A5071631119,A5111557554,True,False
10093,"kapitza, pl",Physics,1978,1,fuzzy family name,https://prizeatlas.org/es/nobel-prize/fisica/1978/pyotr-leonidovich-kapitsa/,Pyotr Leonidovich Kapitsa,A5109256076,,Q172844,A5109256076,,True,False
10094,"wilson, rw",Physics,1978,1,family name,https://prizeatlas.org/es/nobel-prize/fisica/1978/robert-woodrow-wilson/,Robert Woodrow Wilson,A5028123846,0000-0001-5694-6725,Q171034,A5028123846,,True,False
10095,"penzias, aa",Physics,1978,1,family name,https://prizeatlas.org/es/nobel-prize/fisica/1978/arno-allan-penzias/,Arno Allan Penzias,A5109860341,,Q172877,A5109860341,,True,False
10096,"mott, n",Physics,1977,1,family name,https://prizeatlas.org/es/nobel-prize/fisica/1977/sir-nevill-francis-mott/,Sir Nevill Francis Mott,A5109562332,,Q189485,A5109562332,A5109146179,True,False
10097,"anderson, pw",Physics,1977,1,family name,https://prizeatlas.org/es/nobel-prize/fisica/1977/philip-warren-anderson/,Philip Warren Anderson,A5075284674,,Q190770,A5075284674,A5108414790;A5113862672;A5055138929;A5064175777,True,False
10098,"van vleck, jh",Physics,1977,1,family name,https://prizeatlas.org/es/nobel-prize/fisica/1977/john-hasbrouck-van-vleck/,John Hasbrouck van Vleck,A5039188573,,Q193655,A5039188573,,True,False
10099,"ting, scc",Physics,1976,1,family name,https://prizeatlas.org/es/nobel-prize/fisica/1976/samuel-chao-chung-ting/,Samuel Chao Chung Ting,A5000492107,,Q192715,A5012326853,A5111703330;A5112245064;A5102122950;A5109177898;A5104460084;A5104460415;A5113672583;A5104455693;A5104460041;A5104493236;A5105361434;A5107824332;A5107828922,False,False
10100,"richter, b",Physics,1976,1,family name,https://prizeatlas.org/es/nobel-prize/fisica/1976/burton-richter/,Burton Richter,A5111475116,,Q192106,A5111475116,,True,False
10101,"bohr, a.",Physics,1975,1,family name,https://prizeatlas.org/es/nobel-prize/fisica/1975/aage-niels-bohr/,Aage Niels Bohr,A5103347189,,Q103854,A5103347189,A5076694286,True,False
10102,"mottelson, br",Physics,1975,1,family name,https://prizeatlas.org/es/nobel-prize/fisica/1975/ben-roy-mottelson/,Ben Roy Mottelson,A5129310364,,Q107423,A5026419837,,False,False
10103,"rainwater, j",Physics,1975,1,family name,https://prizeatlas.org/es/nobel-prize/fisica/1975/leo-james-rainwater/,Leo James Rainwater,A5130148368,,Q190745,A5108387068,A5108466500,False,False
10104,"ryle, m",Physics,1974,1,family name,https://prizeatlas.org/es/nobel-prize/fisica/1974/sir-martin-ryle/,Sir Martin Ryle,A5096232385,,Q190766,A5111688454,A5112918050,False,False
10105,"hewish, a",Physics,1974,1,family name,https://prizeatlas.org/es/nobel-prize/fisica/1974/antony-hewish/,Antony Hewish,A5043581834,,Q189990,A5043581834,,True,False
10106,"esaki, l",Physics,1973,1,family name,https://prizeatlas.org/es/nobel-prize/fisica/1973/leo-esaki/,Leo Esaki,A5086299514,,Q179852,A5086299514,,True,False
10107,"giaever, i",Physics,1973,1,family name,https://prizeatlas.org/es/nobel-prize/fisica/1973/ivar-giaever/,Ivar Giaever,A5074066171,,Q192688,A5074066171,,True,False
10108,"josephson, bd",Physics,1973,1,family name,https://prizeatlas.org/es/nobel-prize/fisica/1973/brian-david-josephson/,Brian David Josephson,A5101426062,0000-0001-9104-4700,Q181363,A5101426062,,True,False
10109,"schrieffer, jr",Physics,1972,1,family name,https://prizeatlas.org/es/nobel-prize/fisica/1972/john-robert-schrieffer/,John Robert Schrieffer,A5065234398,,Q153201,A5065234398,,True,False
10110,"cooper, ln",Physics,1972,1,family name,https://prizeatlas.org/es/nobel-prize/fisica/1972/leon-neil-cooper/,Leon Neil Cooper,A5109971261,,Q82563,A5109971261,A5015652899;A5057491259,True,False
10111,"bardeen, j",Physics,1972,1,family name,https://prizeatlas.org/es/nobel-prize/fisica/1972/john-bardeen/,John Bardeen,A5110170702,,Q949,A5110170702,A5109871396,True,False
10112,"gabor, d",Physics,1971,1,family name,https://prizeatlas.org/es/nobel-prize/fisica/1971/dennis-gabor/,Dennis Gabor,A5044944912,,Q155786,A5111793038,,False,False
10113,"neel, l",Physics,1970,1,family name,https://prizeatlas.org/es/nobel-prize/fisica/1970/louis-eugene-felix-neel/,Louis Eugène Félix Néel,A5027927828,,Q155781,A5027927828,,True,False
10114,"alfven, h",Physics,1970,1,family name,https://prizeatlas.org/es/nobel-prize/fisica/1970/hannes-olof-gosta-alfven/,Hannes Olof Gösta Alfvén,A5110126522,,Q54945,A5110126522,,True,False
10115,"gellmann, m",Physics,1969,1,family name (joined),https://prizeatlas.org/es/nobel-prize/fisica/1969/murray-gell-mann/,Murray Gell-Mann,A5017032627,,Q172840,A5017032627,A5029982793,True,False
10116,"alvarez, lw",Physics,1968,1,family name,https://prizeatlas.org/es/nobel-prize/fisica/1968/luis-walter-alvarez/,Luis Walter Alvarez,A5103959892,,Q178344,A5103959892,A5103345695,True,False
10117,"bethe, ha",Physics,1967,1,family name,https://prizeatlas.org/es/nobel-prize/fisica/1967/hans-albrecht-bethe/,Hans Albrecht Bethe,A5075738642,,Q155794,A5075738642,A5088327397,True,False
10118,"kastler, a",Physics,1966,1,family name,https://prizeatlas.org/es/nobel-prize/fisica/1966/alfred-kastler/,Alfred Kastler,A5108712478,,Q71023,A5108712478,A5015971087,True,False
10119,"feynman, rp",Physics,1965,1,family name,https://prizeatlas.org/es/nobel-prize/fisica/1965/richard-p-feynman/,Richard P. Feynman,A5037710835,,Q39246,A5037710835,,True,False
10120,"schwinger, j",Physics,1965,1,family name,https://prizeatlas.org/es/nobel-prize/fisica/1965/julian-schwinger/,Julian Schwinger,A5088438810,,Q186465,A5088438810,,True,False
10121,"tomonaga, si",Physics,1965,1,family name,https://prizeatlas.org/es/nobel-prize/fisica/1965/sin-itiro-tomonaga/,Sin-Itiro Tomonaga,A5113843719,,Q184563,A5113658618,A5113843719,False,True
10122,"prokhorov, am",Physics,1964,1,family name,https://prizeatlas.org/es/nobel-prize/fisica/1964/aleksandr-mikhailovich-prokhorov/,Aleksandr Mikhailovich Prokhorov,A5031450140,,Q83552,A5024180588,A5103894840;A5103886773;A5017896012;A5088378643,False,False
10123,"townes, ch",Physics,1964,1,family name,https://prizeatlas.org/es/nobel-prize/fisica/1964/charles-hard-townes/,Charles Hard Townes,A5041614657,,Q184566,A5041614657,A5027380949;A5069578175,True,False
10124,"basov, ng",Physics,1964,1,family name,https://prizeatlas.org/es/nobel-prize/fisica/1964/nicolay-gennadiyevich-basov/,Nicolay Gennadiyevich Basov,A5071723707,,Q83557,A5024603154,A5103411284;A5112202442;A5015528406;A5085523129,False,False
10125,"jensen, jhd",Physics,1963,1,family name,https://prizeatlas.org/es/nobel-prize/fisica/1963/j-hans-d-jensen/,J. Hans D. Jensen,A5033192767,,Q76797,A5033192767,,True,False
10126,"mayer, mg",Physics,1963,1,family name,https://prizeatlas.org/es/nobel-prize/fisica/1963/maria-goeppert-mayer/,Maria Goeppert Mayer,A5011711444,,Q57100,A5011711444,,True,False
10127,"wigner, ep",Physics,1963,1,family name,https://prizeatlas.org/es/nobel-prize/fisica/1963/eugene-paul-wigner/,Eugene Paul Wigner,A5006868097,,Q155790,A5006868097,A5063965535,True,False
10128,"landau, l",Physics,1962,1,family name,https://prizeatlas.org/es/nobel-prize/fisica/1962/lev-davidovich-landau/,Lev Davidovich Landau,A5109036612,,Q133267,A5109036612,,True,False
10129,"mossbauer, rl",Physics,1961,1,family name,https://prizeatlas.org/es/nobel-prize/fisica/1961/rudolf-ludwig-mossbauer/,Rudolf Ludwig Mössbauer,A5090789783,,Q44286,A5041516104,,False,False
10130,"hofstadter, r",Physics,1961,1,family name,https://prizeatlas.org/es/nobel-prize/fisica/1961/robert-hofstadter/,Robert Hofstadter,A5014383473,,Q130113,A5014383473,A5006011648,True,False
10131,"glaser, da",Physics,1960,1,family name,https://prizeatlas.org/es/nobel-prize/fisica/1960/donald-arthur-glaser/,Donald Arthur Glaser,A5079370543,,Q80905,A5011724078,,False,False
10132,"chamberlain, o",Physics,1959,1,family name,https://prizeatlas.org/es/nobel-prize/fisica/1959/owen-chamberlain/,Owen Chamberlain,A5042538706,,Q183655,A5042538706,,True,False
10133,"segre, e",Physics,1959,1,family name,https://prizeatlas.org/es/nobel-prize/fisica/1959/emilio-gino-segre/,Emilio Gino Segrè,A5029816247,,Q173028,A5037597748,A5103580116;A5002471012,False,False
10134,"cherenkov, pa",Physics,1958,1,family name,https://prizeatlas.org/es/nobel-prize/fisica/1958/pavel-alekseyevich-cherenkov/,Pavel Alekseyevich Cherenkov,A5060050699,,Q76970,A5060050699,,True,False
10135,"tamm, i",Physics,1958,1,family name,https://prizeatlas.org/es/nobel-prize/fisica/1958/igor-yevgenyevich-tamm/,Igor Yevgenyevich Tamm,A5033389221,,Q155759,,,,False
10136,"frank, i",Physics,1958,1,family name,https://prizeatlas.org/es/nobel-prize/fisica/1958/il-ja-mikhailovich-frank/,Il´ja Mikhailovich Frank,A5049807778,,Q192703,A5049807778,,True,False
10137,"lee, td",Physics,1957,1,family name,https://prizeatlas.org/es/nobel-prize/fisica/1957/tsung-dao-t-d-lee/,Tsung-Dao (T.D.) Lee,A5065102787,,Q183679,A5065102787,A5026011505;A5046056652;A5020240437;A5001021596;A5044881567;A5076731940;A5001358959;A5025076939;A5072599111;A5081747375;A5036183077;A5049192091;A5049397201;A5063134036;A5064089438;A5071177123;A5077914104,True,False
10138,"yang, cn",Physics,1957,1,family name,https://prizeatlas.org/es/nobel-prize/fisica/1957/chen-ning-yang/,Chen Ning Yang,A5101822713,0000-0002-3794-7543,Q181369,A5061699374,A5101822713;A5115602202;A5072511577;A5049511148;A5086868803;A5110133104;A5067487710;A5109453309,False,True
10139,"bardeen, j",Physics,1956,1,family name,https://prizeatlas.org/es/nobel-prize/fisica/1956/john-bardeen/,John Bardeen,A5110170702,,Q949,A5110170702,A5109871396,True,False
10140,"brattain, wh",Physics,1956,1,family name,https://prizeatlas.org/es/nobel-prize/fisica/1956/walter-houser-brattain/,Walter Houser Brattain,A5013640557,,Q184577,A5027643641,,False,False
10141,"shockley, w",Physics,1956,1,family name,https://prizeatlas.org/es/nobel-prize/fisica/1956/william-bradford-shockley/,William Bradford Shockley,A5043077347,,Q163415,A5043077347,,True,False
10142,"kusch, p",Physics,1955,1,family name,https://prizeatlas.org/es/nobel-prize/fisica/1955/polykarp-kusch/,Polykarp Kusch,A5019169301,,Q184571,A5019169301,A5078774496,True,False
10143,"lamb, we",Physics,1955,1,family name,https://prizeatlas.org/es/nobel-prize/fisica/1955/willis-eugene-lamb/,Willis Eugene Lamb,A5026273475,,Q186497,A5076195943,,False,False
10144,"born, m",Physics,1954,1,family name,https://prizeatlas.org/es/nobel-prize/fisica/1954/max-born/,Max Born,A5014976555,0000-0003-4807-0211,Q58978,A5104357209,A5014976555;A5110893439;A5101499974;A5110112365;A5110114206;A5002787575;A5005794049;A5101028332,False,True
10145,"bothe, w",Physics,1954,1,family name,https://prizeatlas.org/es/nobel-prize/fisica/1954/walther-bothe/,Walther Bothe,A5108455621,,Q76474,A5108426522,,False,False
10146,"zernike, f",Physics,1953,1,family name,https://prizeatlas.org/es/nobel-prize/fisica/1953/frits-zernike/,Frits Zernike,A5067247920,,Q188293,A5067247920,,True,False
10147,"bloch, f",Physics,1952,1,family name,https://prizeatlas.org/es/nobel-prize/fisica/1952/felix-bloch/,Felix Bloch,A5110098200,,Q123022,A5109920266,A5110098200,False,True
10148,"purcell, em",Physics,1952,1,family name,https://prizeatlas.org/es/nobel-prize/fisica/1952/edward-mills-purcell/,Edward Mills Purcell,A5084516018,,Q183270,A5070727013,,False,False
10149,"walton, ets",Physics,1951,1,family name,https://prizeatlas.org/es/nobel-prize/fisica/1951/ernest-thomas-sinton-walton/,Ernest Thomas Sinton Walton,A5080894409,,Q183631,A5080894409,,True,False
10150,"cockcroft, jd",Physics,1951,1,family name,https://prizeatlas.org/es/nobel-prize/fisica/1951/sir-john-douglas-cockcroft/,Sir John Douglas Cockcroft,A5041782118,,Q62897,A5041782118,,True,False
10151,"powell, cf",Physics,1950,1,family name,https://prizeatlas.org/es/nobel-prize/fisica/1950/cecil-frank-powell/,Cecil Frank Powell,A5002865454,,Q178103,A5002865454,,True,False
10152,"yukawa, h",Physics,1949,1,family name,https://prizeatlas.org/es/nobel-prize/fisica/1949/hideki-yukawa/,Hideki Yukawa,A5110090983,,Q155777,A5110090983,,True,False
10153,"blackett, pms",Physics,1948,1,family name,https://prizeatlas.org/es/nobel-prize/fisica/1948/patrick-maynard-stuart-blackett/,Patrick Maynard Stuart Blackett,A5040927725,,Q184499,A5040927725,,True,False
10154,"appleton, ev",Physics,1947,1,family name,https://prizeatlas.org/es/nobel-prize/fisica/1947/sir-edward-victor-appleton/,Sir Edward Victor Appleton,A5113984956,,Q153194,A5029915518,,False,False
10155,"bridgman, pw",Physics,1946,1,family name,https://prizeatlas.org/es/nobel-prize/fisica/1946/percy-williams-bridgman/,Percy Williams Bridgman,A5035442844,,Q172118,A5035442844,A5055825248;A5077120264,True,False
10156,"pauli, w",Physics,1945,1,family name,https://prizeatlas.org/es/nobel-prize/fisica/1945/wolfgang-pauli/,Wolfgang Pauli,A5112153934,,Q65989,A5112153934,,True,False
10157,"rabi, ii",Physics,1944,1,family name,https://prizeatlas.org/es/nobel-prize/fisica/1944/isidor-isaac-rabi/,Isidor Isaac Rabi,A5068549714,,Q165969,A5068549714,,True,False
10158,"stern, o",Physics,1943,1,family name,https://prizeatlas.org/es/nobel-prize/fisica/1943/otto-stern/,Otto Stern,A5113947643,,Q57072,A5113947643,A5032885610,True,False
10159,"lawrence, eo",Physics,1939,1,family name,https://prizeatlas.org/es/nobel-prize/fisica/1939/ernest-orlando-lawrence/,Ernest Orlando Lawrence,A5111854489,,Q169577,A5111854489,,True,False
10160,"fermi, e",Physics,1938,1,family name,https://prizeatlas.org/es/nobel-prize/fisica/1938/enrico-fermi/,Enrico Fermi,A5053459131,,Q8753,A5053459131,,True,False
10161,"davisson, cj",Physics,1937,1,family name,https://prizeatlas.org/es/nobel-prize/fisica/1937/clinton-joseph-davisson/,Clinton Joseph Davisson,A5088811775,,Q133222,A5043851040,,False,False
10162,"thomson, gp",Physics,1937,1,family name,https://prizeatlas.org/es/nobel-prize/fisica/1937/george-paget-thomson/,George Paget Thomson,A5113975792,,Q133846,A5113975792,,True,False
10163,victor f. hess,Physics,1936,1,family name,https://prizeatlas.org/es/nobel-prize/fisica/1936/victor-franz-hess/,Victor Franz Hess,A5018430739,,Q78520,,,,False
10164,"anderson, cd",Physics,1936,1,family name,https://prizeatlas.org/es/nobel-prize/fisica/1936/carl-david-anderson/,Carl David Anderson,A5045167016,,Q169366,A5109894033,,False,False
10165,"chadwick, j",Physics,1935,1,family name,https://prizeatlas.org/es/nobel-prize/fisica/1935/james-chadwick/,James Chadwick,A5042900711,0000-0003-4456-0117,Q80884,A5042900711,,True,False
10166,"schrodinger, e",Physics,1933,1,family name,https://prizeatlas.org/es/nobel-prize/fisica/1933/erwin-schrodinger/,Erwin Schrödinger,A5001002446,,Q9130,A5001002446,,True,False
10167,"dirac, pam",Physics,1933,1,family name,https://prizeatlas.org/es/nobel-prize/fisica/1933/paul-adrien-maurice-dirac/,Paul Adrien Maurice Dirac,A5078382819,,Q47480,A5078382819,A5030739178,True,False
10168,"heisenberg, w",Physics,1932,1,family name,https://prizeatlas.org/es/nobel-prize/fisica/1932/werner-karl-heisenberg/,Werner Karl Heisenberg,A5109038703,,Q40904,A5109058842,,False,False
10169,"raman, cv",Physics,1930,1,family name,https://prizeatlas.org/es/nobel-prize/fisica/1930/sir-chandrasekhara-venkata-raman/,Sir Chandrasekhara Venkata Raman,A5108634248,,Q60429,A5108634248,,True,False
10170,"broglie, ld",Physics,1929,1,family name,https://prizeatlas.org/es/nobel-prize/fisica/1929/louis-victor-pierre-raymond-de-broglie/,Louis-Victor Pierre Raymond de Broglie,A5081108187,,Q83331,A5081108187,,True,False
10171,"richardson, ow",Physics,1928,1,family name,https://prizeatlas.org/es/nobel-prize/fisica/1928/owen-willans-richardson/,Owen Willans Richardson,A5104048855,,Q169330,A5104048855,,True,False
10172,"compton, ah",Physics,1927,1,family name,https://prizeatlas.org/es/nobel-prize/fisica/1927/arthur-holly-compton/,Arthur Holly Compton,A5047440561,,Q127944,A5047440561,A5109104944,True,False
10173,"wilson, ctr",Physics,1927,1,family name,https://prizeatlas.org/es/nobel-prize/fisica/1927/charles-thomson-rees-wilson/,Charles Thomson Rees Wilson,A5103532205,,Q162900,A5103532205,,True,False
10174,"perrin, j",Physics,1926,1,family name,https://prizeatlas.org/es/nobel-prize/fisica/1926/jean-baptiste-perrin/,Jean Baptiste Perrin,A5142556382,,Q134085,,,,False
10175,gustav hertz,Physics,1925,1,family name,https://prizeatlas.org/es/nobel-prize/fisica/1925/gustav-ludwig-hertz/,Gustav Ludwig Hertz,A5141420213,,Q57070,A5089273562,,False,False
10176,"franck, j",Physics,1925,1,family name,https://prizeatlas.org/es/nobel-prize/fisica/1925/james-franck/,James Franck,A5111730510,,Q57066,A5111752605,,False,False
10177,"siegbahn, m",Physics,1924,1,family name,https://prizeatlas.org/es/nobel-prize/fisica/1924/karl-manne-georg-siegbahn/,Karl Manne Georg Siegbahn,A5111992777,,Q170741,A5018580625,,False,False
10178,"millikan, ra",Physics,1923,1,family name,https://prizeatlas.org/es/nobel-prize/fisica/1923/robert-andrews-millikan/,Robert Andrews Millikan,A5111890695,,Q130975,A5111890695,A5112492136,True,False
10179,"bohr, n",Physics,1922,1,family name,https://prizeatlas.org/es/nobel-prize/fisica/1922/niels-henrik-david-bohr/,Niels Henrik David Bohr,A5110436352,,Q7085,A5110436352,,True,False
10180,"einstein, a",Physics,1921,1,family name,https://prizeatlas.org/es/nobel-prize/fisica/1921/albert-einstein/,Albert Einstein,A5083138872,,Q937,A5109562695,A5109805546;A5111921673;A5083138872;A5089535401;A5056439766;A5103682982;A5007748967;A5018193731;A5038738926;A5084710796,False,True
10181,charles edouard guillaume,Physics,1920,1,family name,https://prizeatlas.org/es/nobel-prize/fisica/1920/charles-edouard-guillaume/,Charles Edouard Guillaume,A5111371325,,Q123026,A5111371325,,True,False
10182,"stark, j",Physics,1919,1,family name,https://prizeatlas.org/es/nobel-prize/fisica/1919/johannes-stark/,Johannes Stark,A5044638494,0000-0002-3526-911X,Q57092,A5041416871,,False,False
10183,"planck, m",Physics,1918,1,family name,https://prizeatlas.org/es/nobel-prize/fisica/1918/max-karl-ernst-ludwig-planck/,Max Karl Ernst Ludwig Planck,A5111387565,,Q9021,A5111387565,,True,False
10184,"barkla, cg",Physics,1917,1,family name,https://prizeatlas.org/es/nobel-prize/fisica/1917/charles-glover-barkla/,Charles Glover Barkla,A5023621480,,Q160522,A5023621480,,True,False
10185,"bragg, wl",Physics,1915,1,family name + initials,https://prizeatlas.org/es/nobel-prize/fisica/1915/william-lawrence-bragg/,William Lawrence Bragg,A5097192634,,Q131729,A5111593587,,False,False
10186,"bragg, wh",Physics,1915,1,family name + initials,https://prizeatlas.org/es/nobel-prize/fisica/1915/sir-william-henry-bragg/,Sir William Henry Bragg,A5111774863,,Q133747,A5111593587,,False,False
10187,"laue, m",Physics,1914,1,family name,https://prizeatlas.org/es/nobel-prize/fisica/1914/max-von-laue/,Max von Laue,A5059362679,,Q57067,A5040641598,,False,False
10188,"onnes, hk",Physics,1913,1,family name,https://prizeatlas.org/es/nobel-prize/fisica/1913/heike-kamerlingh-onnes/,Heike Kamerlingh Onnes,A5058521007,,Q62891,,,,False
10189,"wien, w",Physics,1911,1,family name,https://prizeatlas.org/es/nobel-prize/fisica/1911/wilhelm-wien/,Wilhelm Wien,A5013992358,,Q57068,A5112769153,,False,False
10190,albert a. michelson,Physics,1907,1,family name,https://prizeatlas.org/es/nobel-prize/fisica/1907/albert-abraham-michelson/,Albert Abraham Michelson,A5110645705,,Q127234,A5110166340,A5110645705,False,True
10191,joseph john thomson,Physics,1906,1,family name,https://prizeatlas.org/es/nobel-prize/fisica/1906/joseph-john-thomson/,Joseph John Thomson,A5109162332,,Q47285,A5110435578,,False,False
10192,"lenard, p",Physics,1905,1,family name,https://prizeatlas.org/es/nobel-prize/fisica/1905/philipp-eduard-anton-von-lenard/,Philipp Eduard Anton von Lenard,A5089200801,,Q57063,A5089200801,,True,False
10193,"zeeman, p",Physics,1902,1,family name,https://prizeatlas.org/es/nobel-prize/fisica/1902/pieter-zeeman/,Pieter Zeeman,A5086631495,,Q79000,A5086631495,,True,False
