category_en,category,category_slug,year,name,openalex_author_id,orcid,wikidata_qid,ror,motivation,prize_share,prize_share_value,affiliation_institution,affiliation_sub_unit,affiliation_place,birth_date,birth_city,birth_country,citizenship,death_date,death_city,death_country,age_at_prize,co_laureates,n_co_laureates,award_group,group_size,slug,person_slug,person_key,url,url_en,year_page_motivation,link_name,found_via,subjects,prize_share_text,n_openalex_author_id_links,n_orcid_links,n_wikidata_qid_links,n_ror_links,jsonld_birth_place,jsonld_affiliations,jsonld_award,jsonld_same_as,n_affiliations,affiliation_institution_slug,co_laureate_slugs,site_updated,birth_year,csv_award_record_id,csv_sex,csv_laureate_type,csv_affiliation_wikidata_qid,csv_institution_openalex_id,csv_author_openalex_id,csv_orcid,csv_ror,csv_full_name,csv_affiliation_name,csv_affiliation_sub_name,csv_award_wikidata_qid,csv_match
Chemistry,Química,quimica,1901,Jacobus Henricus van 't Hoff,A5012710873,,Q102822,01hcx6992,in recognition of the extraordinary services he has rendered by the discovery of the laws of chemical dynamics and osmotic pressure in solutions,1/1,1.0,Universidad Humboldt de Berlín,,"Berlin, Alemania",1852-08-30,Rotterdam,Países Bajos,Países Bajos,1911-03-01,Berlin,Alemania,49,,0,1,1,jacobus-henricus-van-t-hoff,jacobus-henricus-van-t-hoff,Q102822,https://prizeatlas.org/es/nobel-prize/quimica/1901/jacobus-henricus-van-t-hoff/,https://prizeatlas.org/nobel-prize/chemistry/1901/jacobus-henricus-van-t-hoff/,in recognition of the extraordinary services he has rendered by the discovery of the laws of chemical dynamics and osmotic pressure in solutions,Jacobus Henricus van 't Hoff,index,Química,Premio Nobel 1901 1/1,1,0,1,1,"Rotterdam, Países Bajos",Universidad Humboldt de Berlín,"Premio Nobel de Química, 1901",https://www.wikidata.org/wiki/Q102822,1,humboldt-university-of-berlin,,2026-09-30,1852,nobel-000001,Male,Individual,Q152087,I39343248,A5012710873,,01hcx6992,Jacobus Henricus van 't Hoff,Humboldt University of Berlin,,Q7191,True
Chemistry,Química,quimica,1902,Hermann Emil Fischer,A5056929612,,Q70554,01hcx6992,in recognition of the extraordinary services he has rendered by his work on sugar and purine syntheses,1/1,1.0,Universidad Humboldt de Berlín,,"Berlin, Alemania",1852-10-09,Euskirchen,Alemania,Alemania,1919-07-15,Berlin,Alemania,50,,0,1,1,hermann-emil-fischer,hermann-emil-fischer,Q70554,https://prizeatlas.org/es/nobel-prize/quimica/1902/hermann-emil-fischer/,https://prizeatlas.org/nobel-prize/chemistry/1902/hermann-emil-fischer/,in recognition of the extraordinary services he has rendered by his work on sugar and purine syntheses,Hermann Emil Fischer,index,Química,Premio Nobel 1902 1/1,1,0,1,1,"Euskirchen, Alemania",Universidad Humboldt de Berlín,"Premio Nobel de Química, 1902",https://www.wikidata.org/wiki/Q70554,1,humboldt-university-of-berlin,,2026-09-30,1852,nobel-000007,Male,Individual,Q152087,I39343248,A5056929612,,01hcx6992,Hermann Emil Fischer,Humboldt University of Berlin,,Q7191,True
Chemistry,Química,quimica,1903,Svante August Arrhenius,A5079191490,,Q80956,05f0yaq80,in recognition of the extraordinary services he has rendered to the advancement of chemistry by his electrolytic theory of dissociation,1/1,1.0,Universidad de Estocolmo,,"Stockholm, Suecia",1859-02-19,Vik,Suecia,Suecia,1927-10-02,Stockholm,Suecia,44,,0,1,1,svante-august-arrhenius,svante-august-arrhenius,Q80956,https://prizeatlas.org/es/nobel-prize/quimica/1903/svante-august-arrhenius/,https://prizeatlas.org/nobel-prize/chemistry/1903/svante-august-arrhenius/,in recognition of the extraordinary services he has rendered to the advancement of chemistry by his electrolytic theory of dissociation,Svante August Arrhenius,index,Química,Premio Nobel 1903 1/1,1,0,1,1,"Vik, Suecia",Universidad de Estocolmo,"Premio Nobel de Química, 1903",https://www.wikidata.org/wiki/Q80956,1,stockholm-university,,2026-09-30,1859,nobel-000014,Male,Individual,Q221645,I161593684,A5079191490,,05f0yaq80,Svante August Arrhenius,Stockholm University,,Q7191,True
Chemistry,Química,quimica,1904,Sir William Ramsay,A5072406075,,Q950726,02jx3x895,"in recognition of his services in the discovery of the inert gaseous elements in air, and his determination of their place in the periodic system",1/1,1.0,University College de Londres,University College London,"London, Reino Unido",1852-10-02,Glasgow,Reino Unido,Reino Unido,1916-07-23,High Wycombe,Reino Unido,52,,0,1,1,sir-william-ramsay,sir-william-ramsay,Q950726,https://prizeatlas.org/es/nobel-prize/quimica/1904/sir-william-ramsay/,https://prizeatlas.org/nobel-prize/chemistry/1904/sir-william-ramsay/,"in recognition of his services in the discovery of the inert gaseous elements in air, and his determination of their place in the periodic system",Sir William Ramsay,index,Química,Premio Nobel 1904 1/1,1,0,1,1,"Glasgow, Reino Unido",University College de Londres,"Premio Nobel de Química, 1904",https://www.wikidata.org/wiki/Q950726,1,university-college-london,,2026-09-30,1852,nobel-000021,Male,Individual,Q193196,I45129253,A5072406075,,02jx3x895,Sir William Ramsay,University College London,University College London,Q7191,True
Chemistry,Química,quimica,1905,Johann Friedrich Wilhelm Adolf von Baeyer,A5109983401,,Q57078,05591te55,"in recognition of his services in the advancement of organic chemistry and the chemical industry, through his work on organic dyes and hydroaromatic compounds",1/1,1.0,Universidad de Múnich,,"Munich, Alemania",1835-10-31,Berlin,Alemania,Alemania,1917-08-20,Starnberg,Alemania,70,,0,1,1,johann-friedrich-wilhelm-adolf-von-baeyer,johann-friedrich-wilhelm-adolf-von-baeyer,Q57078,https://prizeatlas.org/es/nobel-prize/quimica/1905/johann-friedrich-wilhelm-adolf-von-baeyer/,https://prizeatlas.org/nobel-prize/chemistry/1905/johann-friedrich-wilhelm-adolf-von-baeyer/,"in recognition of his services in the advancement of organic chemistry and the chemical industry, through his work on organic dyes and hydroaromatic compounds",Johann Friedrich Wilhelm Adolf von Baeyer,index,Química,Premio Nobel 1905 1/1,1,0,1,1,"Berlin, Alemania",Universidad de Múnich,"Premio Nobel de Química, 1905",https://www.wikidata.org/wiki/Q57078,1,lmu-munich,,2026-09-30,1835,nobel-000027,Male,Individual,Q55044,I8204097,A5109983401,,05591te55,Johann Friedrich Wilhelm Adolf von Baeyer,LMU Munich,,Q7191,True
Chemistry,Química,quimica,1906,Henri Moissan,A5076091880,,Q102804,02en5vm52,"in recognition of the great services rendered by him in his investigation and isolation of the element fluorine, and for the adoption in the service of science of the electric furnace called after him",1/1,1.0,Sorbonne Université,,"Paris, Francia",1852-09-28,Paris,Francia,Francia,1907-02-20,Paris,Francia,54,,0,1,1,henri-moissan,henri-moissan,Q102804,https://prizeatlas.org/es/nobel-prize/quimica/1906/henri-moissan/,https://prizeatlas.org/nobel-prize/chemistry/1906/henri-moissan/,"in recognition of the great services rendered by him in his investigation and isolation of the element fluorine, and for the adoption in the service of science of the electric furnace called after him",Henri Moissan,index,Química,Premio Nobel 1906 1/1,1,0,1,1,"Paris, Francia",Sorbonne Université,"Premio Nobel de Química, 1906",https://www.wikidata.org/wiki/Q102804,1,sorbonne-university,,2026-09-30,1852,nobel-000032,Male,Individual,Q41497113,I39804081,A5076091880,,02en5vm52,Henri Moissan,Sorbonne University,,Q7191,True
Chemistry,Química,quimica,1907,Eduard Buchner,A5110023642,,Q43917,,for his biochemical researches and his discovery of cell-free fermentation,1/1,1.0,Landwirtschaftliche Hochschule (Agricultural College),,"Berlin, Alemania",1860-05-20,Munich,Alemania,Alemania,1917-08-13,Focsani,Rumania,47,,0,1,1,eduard-buchner,eduard-buchner,Q43917,https://prizeatlas.org/es/nobel-prize/quimica/1907/eduard-buchner/,https://prizeatlas.org/nobel-prize/chemistry/1907/eduard-buchner/,for his biochemical researches and his discovery of cell-free fermentation,Eduard Buchner,index,Química,Premio Nobel 1907 1/1,1,0,1,0,"Munich, Alemania",Landwirtschaftliche Hochschule (Agricultural College),"Premio Nobel de Química, 1907",https://www.wikidata.org/wiki/Q43917,1,landwirtschaftliche-hochschule-agricultural-college,,2026-09-30,1860,nobel-000038,Male,Individual,Q1804763,,A5110023642,,,Eduard Buchner,Landwirtschaftliche Hochschule (Agricultural College),,Q7191,True
Chemistry,Química,quimica,1908,Ernest Rutherford,A5113946075,,Q9123,,"for his investigations into the disintegration of the elements, and the chemistry of radioactive substances",1/1,1.0,Universidad Victoria de Manchester,,"Manchester, Reino Unido",1871-08-30,Nelson,Nueva Zelanda,Nueva Zelanda,1937-10-19,Cambridge,Reino Unido,37,,0,1,1,ernest-rutherford,ernest-rutherford,Q9123,https://prizeatlas.org/es/nobel-prize/quimica/1908/ernest-rutherford/,https://prizeatlas.org/nobel-prize/chemistry/1908/ernest-rutherford/,"for his investigations into the disintegration of the elements, and the chemistry of radioactive substances",Ernest Rutherford,index,Química,Premio Nobel 1908 1/1,1,0,1,0,"Nelson, Nueva Zelanda",Universidad Victoria de Manchester,"Premio Nobel de Química, 1908",https://www.wikidata.org/wiki/Q9123,1,victoria-university,,2026-09-30,1871,nobel-000044,Male,Individual,Q867530,,A5113946075,,,Ernest Rutherford,Victoria University,,Q7191,True
Chemistry,Química,quimica,1909,Wilhelm Ostwald,A5044295858,,Q12658,03s7gtk40,in recognition of his work on catalysis and for his investigations into the fundamental principles governing chemical equilibria and rates of reaction,1/1,1.0,Universidad de Leipzig,,"Leipzig, Alemania",1853-09-02,Riga,Letonia,Alemania; Letonia,1932-04-04,Leipzig,Alemania,56,,0,1,1,wilhelm-ostwald,wilhelm-ostwald,Q12658,https://prizeatlas.org/es/nobel-prize/quimica/1909/wilhelm-ostwald/,https://prizeatlas.org/nobel-prize/chemistry/1909/wilhelm-ostwald/,in recognition of his work on catalysis and for his investigations into the fundamental principles governing chemical equilibria and rates of reaction,Wilhelm Ostwald,index,Química,Premio Nobel 1909 1/1,1,0,1,1,"Riga, Letonia",Universidad de Leipzig,"Premio Nobel de Química, 1909",https://www.wikidata.org/wiki/Q12658,1,university-of-leipzig,,2026-09-30,1853,nobel-000051,Male,Individual,Q154804,I926574661,A5044295858,,03s7gtk40,Wilhelm Ostwald,University of Leipzig,,Q7191,True
Chemistry,Química,quimica,1910,Otto Wallach,A5066998776,,Q57127,01y9bpm73,in recognition of his services to organic chemistry and the chemical industry by his pioneer work in the field of alicyclic compounds,1/1,1.0,Universidad de Gotinga,,"Göttingen, Alemania",1847-03-27,Koenigsberg (Kaliningrad),Rusia,Alemania,1931-02-26,Göttingen,Alemania,63,,0,1,1,otto-wallach,otto-wallach,Q57127,https://prizeatlas.org/es/nobel-prize/quimica/1910/otto-wallach/,https://prizeatlas.org/nobel-prize/chemistry/1910/otto-wallach/,in recognition of his services to organic chemistry and the chemical industry by his pioneer work in the field of alicyclic compounds,Otto Wallach,index,Química,Premio Nobel 1910 1/1,1,0,1,1,"Koenigsberg (Kaliningrad), Rusia",Universidad de Gotinga,"Premio Nobel de Química, 1910",https://www.wikidata.org/wiki/Q57127,1,university-of-gottingen,,2026-09-30,1847,nobel-000058,Male,Individual,Q152838,I74656192,A5066998776,,01y9bpm73,Otto Wallach,University of Göttingen,,Q7191,True
Chemistry,Química,quimica,1911,"Marie Curie, née Sklodowska",A5038745913,,Q7186,02en5vm52,"in recognition of her services to the advancement of chemistry by the discovery of the elements radium and polonium, by the isolation of radium and the study of the nature and compounds of this remarkable element",1/1,1.0,Sorbonne Université,,"Paris, Francia",1867-11-07,Warsaw,Polonia,Polonia; Francia,1934-07-04,Sallanches,Francia,44,,0,1,1,marie-curie-nee-sklodowska,marie-curie-nee-sklodowska,Q7186,https://prizeatlas.org/es/nobel-prize/quimica/1911/marie-curie-nee-sklodowska/,https://prizeatlas.org/nobel-prize/chemistry/1911/marie-curie-nee-sklodowska/,"in recognition of her services to the advancement of chemistry by the discovery of the elements radium and polonium, by the isolation of radium and the study of the nature and compounds of this remarkable element","Marie Curie, née Sklodowska",index,Química,Premio Nobel 1911 1/1,1,0,1,1,"Warsaw, Polonia",Sorbonne Université,"Premio Nobel de Química, 1911",https://www.wikidata.org/wiki/Q7186,1,sorbonne-university,,2026-09-30,1867,nobel-000063,Female,Individual,Q41497113,I39804081,A5038745913,,02en5vm52,"Marie Curie, née Sklodowska",Sorbonne University,,Q7191,True
Chemistry,Química,quimica,1912,Victor Grignard,A5034810986,,Q104582,04vfs2w97,"for the discovery of the so-called Grignard reagent, which in recent years has greatly advanced the progress of organic chemistry",1/2,0.5,Universidad de Lorena,,"Nancy, Francia",1871-05-06,Cherbourg,Francia,Francia,1935-12-13,Lyon,Francia,41,Paul Sabatier,1,1,1,victor-grignard,victor-grignard,Q104582,https://prizeatlas.org/es/nobel-prize/quimica/1912/victor-grignard/,https://prizeatlas.org/nobel-prize/chemistry/1912/victor-grignard/,"for the discovery of the so-called Grignard reagent, which in recent years has greatly advanced the progress of organic chemistry",Victor Grignard,index,Química,Premio Nobel 1912 1/2,1,0,1,1,"Cherbourg, Francia",Universidad de Lorena,"Premio Nobel de Química, 1912",https://www.wikidata.org/wiki/Q104582,1,university-of-lorraine,paul-sabatier,2026-09-30,1871,nobel-000069,Male,Individual,Q4173330,I90183372,A5034810986,,04vfs2w97,Victor Grignard,University of Lorraine,,Q7191,True
Chemistry,Química,quimica,1912,Paul Sabatier,A5076069804,,Q104575,,for his method of hydrogenating organic compounds in the presence of finely disintegrated metals whereby the progress of organic chemistry has been greatly advanced in recent years,1/2,0.5,Universidad de Toulouse,,"Toulouse, Francia",1854-11-05,Carcassonne,Francia,Francia,1941-08-14,Toulouse,Francia,58,Victor Grignard,1,2,1,paul-sabatier,paul-sabatier,Q104575,https://prizeatlas.org/es/nobel-prize/quimica/1912/paul-sabatier/,https://prizeatlas.org/nobel-prize/chemistry/1912/paul-sabatier/,for his method of hydrogenating organic compounds in the presence of finely disintegrated metals whereby the progress of organic chemistry has been greatly advanced in recent years,Paul Sabatier,index,Química,Premio Nobel 1912 1/2,1,0,1,0,"Carcassonne, Francia",Universidad de Toulouse,"Premio Nobel de Química, 1912",https://www.wikidata.org/wiki/Q104575,1,university-of-toulouse,victor-grignard,2026-09-30,1854,nobel-000070,Male,Individual,Q578023,,A5076069804,,,Paul Sabatier,University of Toulouse,,Q7191,True
Chemistry,Química,quimica,1913,Alfred Werner,A5110161121,,Q123014,02crff812,in recognition of his work on the linkage of atoms in molecules by which he has thrown new light on earlier investigations and opened up new fields of research especially in inorganic chemistry,1/1,1.0,Universidad de Zúrich,,"Zurich, Suiza",1866-12-12,Mulhouse,Francia,Suiza; Francia,1919-11-15,Zurich,Suiza,47,,0,1,1,alfred-werner,alfred-werner,Q123014,https://prizeatlas.org/es/nobel-prize/quimica/1913/alfred-werner/,https://prizeatlas.org/nobel-prize/chemistry/1913/alfred-werner/,in recognition of his work on the linkage of atoms in molecules by which he has thrown new light on earlier investigations and opened up new fields of research especially in inorganic chemistry,Alfred Werner,index,Química,Premio Nobel 1913 1/1,1,0,1,1,"Mulhouse, Francia",Universidad de Zúrich,"Premio Nobel de Química, 1913",https://www.wikidata.org/wiki/Q123014,1,university-of-zurich,,2026-09-30,1866,nobel-000075,Male,Individual,Q206702,I202697423,A5110161121,,02crff812,Alfred Werner,University of Zurich,,Q7191,True
Chemistry,Química,quimica,1914,Theodore William Richards,A5112362648,,Q189465,03vek6s52,in recognition of his accurate determinations of the atomic weight of a large number of chemical elements,1/1,1.0,Universidad Harvard,,"Cambridge, Estados Unidos",1868-01-31,"Germantown, PA",Estados Unidos,Estados Unidos,1928-04-02,"Cambridge, MA",Estados Unidos,46,,0,1,1,theodore-william-richards,theodore-william-richards,Q189465,https://prizeatlas.org/es/nobel-prize/quimica/1914/theodore-william-richards/,https://prizeatlas.org/nobel-prize/chemistry/1914/theodore-william-richards/,in recognition of his accurate determinations of the atomic weight of a large number of chemical elements,Theodore William Richards,index,Química,Premio Nobel 1914 1/1,1,0,1,1,"Germantown, PA, Estados Unidos",Universidad Harvard,"Premio Nobel de Química, 1914",https://www.wikidata.org/wiki/Q189465,1,harvard-university,,2026-09-30,1868,nobel-000080,Male,Individual,Q13371,I136199984,A5112362648,,03vek6s52,Theodore William Richards,Harvard University,,Q7191,True
Chemistry,Química,quimica,1915,Richard Martin Willstätter,A5026203400,,Q77072,05591te55,"for his researches on plant pigments, especially chlorophyll",1/1,1.0,Universidad de Múnich,,"Munich, Alemania",1872-08-13,Karlsruhe,Alemania,Alemania,1942-08-03,Locarno,Suiza,43,,0,1,1,richard-martin-willstatter,richard-martin-willstatter,Q77072,https://prizeatlas.org/es/nobel-prize/quimica/1915/richard-martin-willstatter/,https://prizeatlas.org/nobel-prize/chemistry/1915/richard-martin-willstatter/,"for his researches on plant pigments, especially chlorophyll",Richard Martin Willstätter,index,Química,Premio Nobel 1915 1/1,1,0,1,1,"Karlsruhe, Alemania",Universidad de Múnich,"Premio Nobel de Química, 1915",https://www.wikidata.org/wiki/Q77072,1,lmu-munich,,2026-09-30,1872,nobel-000083,Male,Individual,Q55044,I8204097,A5026203400,,05591te55,Richard Martin Willstätter,LMU Munich,,Q7191,True
Chemistry,Química,quimica,1918,Fritz Haber,A5066846491,,Q57075,01hhn8329,for the synthesis of ammonia from its elements,1/1,1.0,Sociedad Max Planck,Fritz Haber Institute,"Berlin, Alemania",1868-12-09,Breslau (Wroclaw),Polonia,Alemania,1934-01-29,Basel,Suiza,50,,0,1,1,fritz-haber,fritz-haber,Q57075,https://prizeatlas.org/es/nobel-prize/quimica/1918/fritz-haber/,https://prizeatlas.org/nobel-prize/chemistry/1918/fritz-haber/,for the synthesis of ammonia from its elements,Fritz Haber,index,Química,Premio Nobel 1918 1/1,1,0,1,1,"Breslau (Wroclaw), Polonia",Sociedad Max Planck,"Premio Nobel de Química, 1918",https://www.wikidata.org/wiki/Q57075,1,max-planck-society,,2026-09-30,1868,nobel-000092,Male,Individual,Q158085,I149899117,A5066846491,,01hhn8329,Fritz Haber,Max Planck Society,Fritz Haber Institute,Q7191,True
Chemistry,Química,quimica,1920,Walther Hermann Nernst,A5041162507,,Q57125,01hcx6992,in recognition of his work in thermochemistry,1/1,1.0,Universidad Humboldt de Berlín,,"Berlin, Alemania",1864-06-25,Wąbrzeźno,Polonia,Alemania,1941-11-18,Muskau,Alemania,56,,0,1,1,walther-hermann-nernst,walther-hermann-nernst,Q57125,https://prizeatlas.org/es/nobel-prize/quimica/1920/walther-hermann-nernst/,https://prizeatlas.org/nobel-prize/chemistry/1920/walther-hermann-nernst/,in recognition of his work in thermochemistry,Walther Hermann Nernst,index,Química,Premio Nobel 1920 1/1,1,0,1,1,"Wąbrzeźno, Polonia",Universidad Humboldt de Berlín,"Premio Nobel de Química, 1920",https://www.wikidata.org/wiki/Q57125,1,humboldt-university-of-berlin,,2026-09-30,1864,nobel-000098,Male,Individual,Q152087,I39343248,A5041162507,,01hcx6992,Walther Hermann Nernst,Humboldt University of Berlin,,Q7191,True
Chemistry,Química,quimica,1921,Frederick Soddy,A5053765594,,Q102830,052gg0110,"for his contributions to our knowledge of the chemistry of radioactive substances, and his investigations into the origin and nature of isotopes",1/1,1.0,Universidad de Oxford,,"Oxford, Reino Unido",1877-09-02,Eastbourne,Reino Unido,Reino Unido,1956-09-22,Brighton,Reino Unido,44,,0,1,1,frederick-soddy,frederick-soddy,Q102830,https://prizeatlas.org/es/nobel-prize/quimica/1921/frederick-soddy/,https://prizeatlas.org/nobel-prize/chemistry/1921/frederick-soddy/,"for his contributions to our knowledge of the chemistry of radioactive substances, and his investigations into the origin and nature of isotopes",Frederick Soddy,index,Química,Premio Nobel 1921 1/1,1,0,1,1,"Eastbourne, Reino Unido",Universidad de Oxford,"Premio Nobel de Química, 1921",https://www.wikidata.org/wiki/Q102830,1,university-of-oxford,,2026-09-30,1877,nobel-000103,Male,Individual,Q34433,I40120149,A5053765594,,052gg0110,Frederick Soddy,University of Oxford,,Q7191,True
Chemistry,Química,quimica,1922,Francis William Aston,A5090137942,,Q102291,013meh722,"for his discovery, by means of his mass spectrograph, of isotopes, in a large number of non-radioactive elements, and for his enunciation of the whole-number rule",1/1,1.0,Universidad de Cambridge,,"Cambridge, Reino Unido",1877-09-01,Harborne,Reino Unido,Reino Unido,1945-11-20,Cambridge,Reino Unido,45,,0,1,1,francis-william-aston,francis-william-aston,Q102291,https://prizeatlas.org/es/nobel-prize/quimica/1922/francis-william-aston/,https://prizeatlas.org/nobel-prize/chemistry/1922/francis-william-aston/,"for his discovery, by means of his mass spectrograph, of isotopes, in a large number of non-radioactive elements, and for his enunciation of the whole-number rule",Francis William Aston,index,Química,Premio Nobel 1922 1/1,1,0,1,1,"Harborne, Reino Unido",Universidad de Cambridge,"Premio Nobel de Química, 1922",https://www.wikidata.org/wiki/Q102291,1,university-of-cambridge,,2026-09-30,1877,nobel-000108,Male,Individual,Q35794,I241749,A5090137942,,013meh722,Francis William Aston,University of Cambridge,,Q7191,True
Chemistry,Química,quimica,1923,Fritz Pregl,A5112197388,,Q78482,01faaaf77,for his invention of the method of micro-analysis of organic substances,1/1,1.0,Universidad de Graz,,"Graz, Austria",1869-09-03,Laibach (Ljubljana),Eslovenia,Austria; Eslovenia,1930-12-13,Graz,Austria,54,,0,1,1,fritz-pregl,fritz-pregl,Q78482,https://prizeatlas.org/es/nobel-prize/quimica/1923/fritz-pregl/,https://prizeatlas.org/nobel-prize/chemistry/1923/fritz-pregl/,for his invention of the method of micro-analysis of organic substances,Fritz Pregl,index,Química,Premio Nobel 1923 1/1,1,0,1,1,"Laibach (Ljubljana), Eslovenia",Universidad de Graz,"Premio Nobel de Química, 1923",https://www.wikidata.org/wiki/Q78482,1,university-of-graz,,2026-09-30,1869,nobel-000114,Male,Individual,Q622683,I15766117,A5112197388,,01faaaf77,Fritz Pregl,University of Graz,,Q7191,True
Chemistry,Química,quimica,1925,Richard Adolf Zsigmondy,A5023483563,,Q78481,01y9bpm73,"for his demonstration of the heterogenous nature of colloid solutions and for the methods he used, which have since become fundamental in modern colloid chemistry",1/1,1.0,Universidad de Gotinga,,"Göttingen, Alemania",1865-04-01,Vienna,Austria,Austria,1929-09-24,Göttingen,Alemania,60,,0,1,1,richard-adolf-zsigmondy,richard-adolf-zsigmondy,Q78481,https://prizeatlas.org/es/nobel-prize/quimica/1925/richard-adolf-zsigmondy/,https://prizeatlas.org/nobel-prize/chemistry/1925/richard-adolf-zsigmondy/,"for his demonstration of the heterogenous nature of colloid solutions and for the methods he used, which have since become fundamental in modern colloid chemistry",Richard Adolf Zsigmondy,index,Química,Premio Nobel 1925 1/1,1,0,1,1,"Vienna, Austria",Universidad de Gotinga,"Premio Nobel de Química, 1925",https://www.wikidata.org/wiki/Q78481,1,university-of-gottingen,,2026-09-30,1865,nobel-000122,Male,Individual,Q152838,I74656192,A5023483563,,01y9bpm73,Richard Adolf Zsigmondy,University of Göttingen,,Q7191,True
Chemistry,Química,quimica,1926,The (Theodor) Svedberg,A5031324909,,Q186391,048a87296,for his work on disperse systems,1/1,1.0,Universidad de Upsala,,"Uppsala, Suecia",1884-08-30,Fleräng,Suecia,Suecia,1971-02-25,Örebro,Suecia,42,,0,1,1,the-theodor-svedberg,the-theodor-svedberg,Q186391,https://prizeatlas.org/es/nobel-prize/quimica/1926/the-theodor-svedberg/,https://prizeatlas.org/nobel-prize/chemistry/1926/the-theodor-svedberg/,for his work on disperse systems,The (Theodor) Svedberg,index,Química,Premio Nobel 1926 1/1,1,0,1,1,"Fleräng, Suecia",Universidad de Upsala,"Premio Nobel de Química, 1926",https://www.wikidata.org/wiki/Q186391,1,uppsala-university,,2026-09-30,1884,nobel-000128,Male,Individual,Q185246,I123387679,A5031324909,,048a87296,The (Theodor) Svedberg,Uppsala University,,Q7191,True
Chemistry,Química,quimica,1927,Heinrich Otto Wieland,A5085975174,,Q76610,05591te55,for his investigations of the constitution of the bile acids and related substances,1/1,1.0,Universidad de Múnich,,"Munich, Alemania",1877-06-04,Pforzheim,Alemania,Alemania,1957-08-05,Munich,Alemania,50,,0,1,1,heinrich-otto-wieland,heinrich-otto-wieland,Q76610,https://prizeatlas.org/es/nobel-prize/quimica/1927/heinrich-otto-wieland/,https://prizeatlas.org/nobel-prize/chemistry/1927/heinrich-otto-wieland/,for his investigations of the constitution of the bile acids and related substances,Heinrich Otto Wieland,index,Química,Premio Nobel 1927 1/1,1,0,1,1,"Pforzheim, Alemania",Universidad de Múnich,"Premio Nobel de Química, 1927",https://www.wikidata.org/wiki/Q76610,1,lmu-munich,,2026-09-30,1877,nobel-000134,Male,Individual,Q55044,I8204097,A5085975174,,05591te55,Heinrich Otto Wieland,LMU Munich,,Q7191,True
Chemistry,Química,quimica,1928,Adolf Otto Reinhold Windaus,A5006651410,,Q77142,01y9bpm73,for the services rendered through his research into the constitution of the sterols and their connection with the vitamins,1/1,1.0,Universidad de Gotinga,,"Göttingen, Alemania",1876-12-25,Berlin,Alemania,Alemania,1959-06-09,Göttingen,Alemania,52,,0,1,1,adolf-otto-reinhold-windaus,adolf-otto-reinhold-windaus,Q77142,https://prizeatlas.org/es/nobel-prize/quimica/1928/adolf-otto-reinhold-windaus/,https://prizeatlas.org/nobel-prize/chemistry/1928/adolf-otto-reinhold-windaus/,for the services rendered through his research into the constitution of the sterols and their connection with the vitamins,Adolf Otto Reinhold Windaus,index,Química,Premio Nobel 1928 1/1,1,0,1,1,"Berlin, Alemania",Universidad de Gotinga,"Premio Nobel de Química, 1928",https://www.wikidata.org/wiki/Q77142,1,university-of-gottingen,,2026-09-30,1876,nobel-000141,Male,Individual,Q152838,I74656192,A5006651410,,01y9bpm73,Adolf Otto Reinhold Windaus,University of Göttingen,,Q7191,True
Chemistry,Química,quimica,1929,Arthur Harden,A5113762277,,Q189803,04cw6st05,for their investigations on the fermentation of sugar and fermentative enzymes,1/2,0.5,Universidad de Londres,,"London, Reino Unido",1865-10-12,Manchester,Reino Unido,Reino Unido,1940-06-17,Bourne,Reino Unido,64,Hans Karl August Simon von Euler-Chelpin,1,1,2,arthur-harden,arthur-harden,Q189803,https://prizeatlas.org/es/nobel-prize/quimica/1929/arthur-harden/,https://prizeatlas.org/nobel-prize/chemistry/1929/arthur-harden/,for their investigations on the fermentation of sugar and fermentative enzymes,Arthur Harden,index,Química,Premio Nobel 1929 1/2,1,0,1,1,"Manchester, Reino Unido",Universidad de Londres,"Premio Nobel de Química, 1929",https://www.wikidata.org/wiki/Q189803,1,university-of-london,hans-karl-august-simon-von-euler-chelpin,2026-09-30,1865,nobel-000145,Male,Individual,Q170027,I124357947,A5113762277,,04cw6st05,Arthur Harden,University of London,,Q7191,True
Chemistry,Química,quimica,1929,Hans Karl August Simon von Euler-Chelpin,A5050670031,,Q76613,05f0yaq80,for their investigations on the fermentation of sugar and fermentative enzymes,1/2,0.5,Universidad de Estocolmo,,"Stockholm, Suecia",1873-02-15,Augsburg,Alemania,Alemania; Suecia,1964-11-06,Stockholm,Suecia,56,Arthur Harden,1,1,2,hans-karl-august-simon-von-euler-chelpin,hans-karl-august-simon-von-euler-chelpin,Q76613,https://prizeatlas.org/es/nobel-prize/quimica/1929/hans-karl-august-simon-von-euler-chelpin/,https://prizeatlas.org/nobel-prize/chemistry/1929/hans-karl-august-simon-von-euler-chelpin/,for their investigations on the fermentation of sugar and fermentative enzymes,Hans Karl August Simon von Euler-Chelpin,index,Química,Premio Nobel 1929 1/2,1,0,1,1,"Augsburg, Alemania",Universidad de Estocolmo,"Premio Nobel de Química, 1929",https://www.wikidata.org/wiki/Q76613,1,stockholm-university,arthur-harden,2026-09-30,1873,nobel-000146,Male,Individual,Q221645,I161593684,A5050670031,,05f0yaq80,Hans Karl August Simon von Euler-Chelpin,Stockholm University,,Q7191,True
Chemistry,Química,quimica,1930,Hans Fischer,A5111485167,,Q76604,02kkvpp62,for his researches into the constitution of haemin and chlorophyll and especially for his synthesis of haemin,1/1,1.0,Universidad Técnica de Múnich,Technische Hochschule (Institute of Technology),"Munich, Alemania",1881-07-27,Hoechst,Alemania,Alemania,1945-03-31,Munich,Alemania,49,,0,1,1,hans-fischer,hans-fischer,Q76604,https://prizeatlas.org/es/nobel-prize/quimica/1930/hans-fischer/,https://prizeatlas.org/nobel-prize/chemistry/1930/hans-fischer/,for his researches into the constitution of haemin and chlorophyll and especially for his synthesis of haemin,Hans Fischer,index,Química,Premio Nobel 1930 1/1,1,0,1,1,"Hoechst, Alemania",Universidad Técnica de Múnich,"Premio Nobel de Química, 1930",https://www.wikidata.org/wiki/Q76604,1,technical-university-of-munich,,2026-09-30,1881,nobel-000152,Male,Individual,Q157808,I62916508,A5111485167,,02kkvpp62,Hans Fischer,Technical University of Munich,Technische Hochschule (Institute of Technology),Q7191,True
Chemistry,Química,quimica,1931,Carl Bosch,A5088399320,,Q76606,038t36y30,in recognition of their contributions to the invention and development of chemical high pressure methods,1/2,0.5,Universidad de Heidelberg,,"Heidelberg, Alemania",1874-08-27,Cologne,Alemania,Alemania,1940-04-26,Heidelberg,Alemania,57,Friedrich Bergius,1,1,2,carl-bosch,carl-bosch,Q76606,https://prizeatlas.org/es/nobel-prize/quimica/1931/carl-bosch/,https://prizeatlas.org/nobel-prize/chemistry/1931/carl-bosch/,in recognition of their contributions to the invention and development of chemical high pressure methods,Carl Bosch,index,Química,Premio Nobel 1931 1/2,1,0,1,1,"Cologne, Alemania",Universidad de Heidelberg,"Premio Nobel de Química, 1931",https://www.wikidata.org/wiki/Q76606,1,university-of-heidelberg,friedrich-bergius,2026-09-30,1874,nobel-000157,Male,Individual,Q151510,I223822909,A5088399320,,038t36y30,Carl Bosch,University of Heidelberg,,Q7191,True
Chemistry,Química,quimica,1931,Friedrich Bergius,A5063574367,,Q76614,038t36y30,in recognition of their contributions to the invention and development of chemical high pressure methods,1/2,0.5,Universidad de Heidelberg,,"Heidelberg, Alemania",1884-10-11,"Goldschmieden, near Breslau",Polonia,Alemania,1949-03-30,Buenos Aires,Argentina,47,Carl Bosch,1,1,2,friedrich-bergius,friedrich-bergius,Q76614,https://prizeatlas.org/es/nobel-prize/quimica/1931/friedrich-bergius/,https://prizeatlas.org/nobel-prize/chemistry/1931/friedrich-bergius/,in recognition of their contributions to the invention and development of chemical high pressure methods,Friedrich Bergius,index,Química,Premio Nobel 1931 1/2,1,0,1,1,"Goldschmieden, near Breslau, Polonia",Universidad de Heidelberg,"Premio Nobel de Química, 1931",https://www.wikidata.org/wiki/Q76614,1,university-of-heidelberg,carl-bosch,2026-09-30,1884,nobel-000158,Male,Individual,Q151510,I223822909,A5063574367,,038t36y30,Friedrich Bergius,University of Heidelberg,,Q7191,True
Chemistry,Química,quimica,1932,Irving Langmuir,A5112358123,,Q184286,013msgt25,for his discoveries and investigations in surface chemistry,1/1,1.0,General Electric,,"Schenectady, Estados Unidos",1881-01-31,"Brooklyn, NY",Estados Unidos,Estados Unidos,1957-08-16,"Falmouth, MA",Estados Unidos,51,,0,1,1,irving-langmuir,irving-langmuir,Q184286,https://prizeatlas.org/es/nobel-prize/quimica/1932/irving-langmuir/,https://prizeatlas.org/nobel-prize/chemistry/1932/irving-langmuir/,for his discoveries and investigations in surface chemistry,Irving Langmuir,index,Química,Premio Nobel 1932 1/1,1,0,1,1,"Brooklyn, NY, Estados Unidos",General Electric,"Premio Nobel de Química, 1932",https://www.wikidata.org/wiki/Q184286,1,general-electric-company,,2026-09-30,1881,nobel-000163,Male,Individual,Q54173,I1332737386,A5112358123,,013msgt25,Irving Langmuir,General Electric Company,,Q7191,True
Chemistry,Química,quimica,1934,Harold Clayton Urey,A5089754331,,Q179777,00hj8s172,for his discovery of heavy hydrogen,1/1,1.0,Universidad de Columbia,,"New York, Estados Unidos",1893-04-29,"Walkerton, IN",Estados Unidos,Estados Unidos,1981-01-05,"La Jolla, CA",Estados Unidos,41,,0,1,1,harold-clayton-urey,harold-clayton-urey,Q179777,https://prizeatlas.org/es/nobel-prize/quimica/1934/harold-clayton-urey/,https://prizeatlas.org/nobel-prize/chemistry/1934/harold-clayton-urey/,for his discovery of heavy hydrogen,Harold Clayton Urey,index,Química,Premio Nobel 1934 1/1,1,0,1,1,"Walkerton, IN, Estados Unidos",Universidad de Columbia,"Premio Nobel de Química, 1934",https://www.wikidata.org/wiki/Q179777,1,columbia-university,,2026-09-30,1893,nobel-000173,Male,Individual,Q49088,I78577930,A5089754331,,00hj8s172,Harold Clayton Urey,Columbia University,,Q7191,True
Chemistry,Química,quimica,1935,Frédéric Joliot,A5067500746,,Q150989,04t0gwh46,in recognition of their synthesis of new radioactive elements,1/2,0.5,Instituto Curie,,"Paris, Francia",1900-03-19,Paris,Francia,Francia,1958-08-14,Paris,Francia,35,Irène Joliot-Curie,1,1,2,frederic-joliot,frederic-joliot,Q150989,https://prizeatlas.org/es/nobel-prize/quimica/1935/frederic-joliot/,https://prizeatlas.org/nobel-prize/chemistry/1935/frederic-joliot/,in recognition of their synthesis of new radioactive elements,Frédéric Joliot,index,Química,Premio Nobel 1935 1/2,1,0,1,1,"Paris, Francia",Instituto Curie,"Premio Nobel de Química, 1935",https://www.wikidata.org/wiki/Q150989,1,institut-du-radium,irene-joliot-curie,2026-09-30,1900,nobel-000179,Male,Individual,Q2451973,I80043,A5067500746,,04t0gwh46,Frédéric Joliot,Institut du Radium,,Q7191,True
Chemistry,Química,quimica,1935,Irène Joliot-Curie,A5036145844,,Q7504,04t0gwh46,in recognition of their synthesis of new radioactive elements,1/2,0.5,Instituto Curie,,"Paris, Francia",1897-09-12,Paris,Francia,Francia,1956-03-17,Paris,Francia,38,Frédéric Joliot,1,1,2,irene-joliot-curie,irene-joliot-curie,Q7504,https://prizeatlas.org/es/nobel-prize/quimica/1935/irene-joliot-curie/,https://prizeatlas.org/nobel-prize/chemistry/1935/irene-joliot-curie/,in recognition of their synthesis of new radioactive elements,Irène Joliot-Curie,index,Química,Premio Nobel 1935 1/2,1,0,1,1,"Paris, Francia",Instituto Curie,"Premio Nobel de Química, 1935",https://www.wikidata.org/wiki/Q7504,1,institut-du-radium,frederic-joliot,2026-09-30,1897,nobel-000180,Female,Individual,Q2451973,I80043,A5036145844,,04t0gwh46,Irène Joliot-Curie,Institut du Radium,,Q7191,True
Chemistry,Química,quimica,1936,Petrus (Peter) Josephus Wilhelmus Debye,A5110078059,,Q103835,01hcx6992,for his contributions to our knowledge of molecular structure through his investigations on dipole moments and on the diffraction of X-rays and electrons in gases,1/1,1.0,Universidad Humboldt de Berlín,,"Berlin, Alemania",1884-03-24,Maastricht,Países Bajos,Países Bajos; Estados Unidos,1966-11-02,"Ithaca, NY",Estados Unidos,52,,0,1,1,petrus-peter-josephus-wilhelmus-debye,petrus-peter-josephus-wilhelmus-debye,Q103835,https://prizeatlas.org/es/nobel-prize/quimica/1936/petrus-peter-josephus-wilhelmus-debye/,https://prizeatlas.org/nobel-prize/chemistry/1936/petrus-peter-josephus-wilhelmus-debye/,for his contributions to our knowledge of molecular structure through his investigations on dipole moments and on the diffraction of X-rays and electrons in gases,Petrus (Peter) Josephus Wilhelmus Debye,index,Química,Premio Nobel 1936 1/1,1,0,1,1,"Maastricht, Países Bajos",Universidad Humboldt de Berlín,"Premio Nobel de Química, 1936",https://www.wikidata.org/wiki/Q103835,1,humboldt-university-of-berlin,,2026-09-30,1884,nobel-000184,Male,Individual,Q152087,I39343248,A5110078059,,01hcx6992,Petrus (Peter) Josephus Wilhelmus Debye,Humboldt University of Berlin,,Q7191,True
Chemistry,Química,quimica,1937,Walter Norman Haworth,A5110767057,,Q204600,03angcq70,for his investigations on carbohydrates and vitamin C,1/2,0.5,Universidad de Birmingham,,"Birmingham, Reino Unido",1883-03-19,Chorley,Reino Unido,Reino Unido,1950-03-19,Birmingham,Reino Unido,54,Paul Karrer,1,1,1,walter-norman-haworth,walter-norman-haworth,Q204600,https://prizeatlas.org/es/nobel-prize/quimica/1937/walter-norman-haworth/,https://prizeatlas.org/nobel-prize/chemistry/1937/walter-norman-haworth/,for his investigations on carbohydrates and vitamin C,Walter Norman Haworth,index,Química,Premio Nobel 1937 1/2,1,0,1,1,"Chorley, Reino Unido",Universidad de Birmingham,"Premio Nobel de Química, 1937",https://www.wikidata.org/wiki/Q204600,1,university-of-birmingham,paul-karrer,2026-09-30,1883,nobel-000191,Male,Individual,Q223429,I79619799,A5110767057,,03angcq70,Walter Norman Haworth,University of Birmingham,,Q7191,True
Chemistry,Química,quimica,1937,Paul Karrer,A5112818375,,Q73093,02crff812,"for his investigations on carotenoids, flavins and vitamins A and B2",1/2,0.5,Universidad de Zúrich,,"Zurich, Suiza",1889-04-21,Moscow,Rusia,Suiza,1971-06-18,Zurich,Suiza,48,Walter Norman Haworth,1,2,1,paul-karrer,paul-karrer,Q73093,https://prizeatlas.org/es/nobel-prize/quimica/1937/paul-karrer/,https://prizeatlas.org/nobel-prize/chemistry/1937/paul-karrer/,"for his investigations on carotenoids, flavins and vitamins A and B2",Paul Karrer,index,Química,Premio Nobel 1937 1/2,1,0,1,1,"Moscow, Rusia",Universidad de Zúrich,"Premio Nobel de Química, 1937",https://www.wikidata.org/wiki/Q73093,1,university-of-zurich,walter-norman-haworth,2026-09-30,1889,nobel-000192,Male,Individual,Q206702,I202697423,A5112818375,,02crff812,Paul Karrer,University of Zurich,,Q7191,True
Chemistry,Química,quimica,1938,Richard Kuhn,A5069864999,0000-0003-4148-1026,Q78483,01hhn8329,for his work on carotenoids and vitamins,1/1,1.0,Sociedad Max Planck,Max Planck Institute for Medical Research,"Heidelberg, Alemania",1900-12-03,Vienna,Austria,Austria; Alemania,1967-07-31,Heidelberg,Alemania,38,,0,1,1,richard-kuhn,richard-kuhn,Q78483,https://prizeatlas.org/es/nobel-prize/quimica/1938/richard-kuhn/,https://prizeatlas.org/nobel-prize/chemistry/1938/richard-kuhn/,for his work on carotenoids and vitamins,Richard Kuhn,index,Química,Premio Nobel 1938 1/1,1,1,1,1,"Vienna, Austria",Sociedad Max Planck,"Premio Nobel de Química, 1938",https://www.wikidata.org/wiki/Q78483,1,max-planck-society,,2026-09-30,1900,nobel-000198,Male,Individual,Q158085,I149899117,A5069864999,0000-0003-4148-1026,01hhn8329,Richard Kuhn,Max Planck Society,Max Planck Institute for Medical Research,Q7191,True
Chemistry,Química,quimica,1939,Adolf Friedrich Johann Butenandt,A5009038900,,Q5327,01hhn8329,for his work on sex hormones,1/2,0.5,Sociedad Max Planck,Max Planck Institute of Biochemistry,"Martinsried, Alemania",1903-03-24,Bremerhaven-Lehe,Alemania,Alemania,1995-01-18,Munich,Alemania,36,Leopold Ruzicka,1,1,1,adolf-friedrich-johann-butenandt,adolf-friedrich-johann-butenandt,Q5327,https://prizeatlas.org/es/nobel-prize/quimica/1939/adolf-friedrich-johann-butenandt/,https://prizeatlas.org/nobel-prize/chemistry/1939/adolf-friedrich-johann-butenandt/,for his work on sex hormones,Adolf Friedrich Johann Butenandt,index,Química,Premio Nobel 1939 1/2,1,0,1,1,"Bremerhaven-Lehe, Alemania",Sociedad Max Planck,"Premio Nobel de Química, 1939",https://www.wikidata.org/wiki/Q5327,1,max-planck-society,leopold-ruzicka,2026-09-30,1903,nobel-000203,Male,Individual,Q158085,I149899117,A5009038900,,01hhn8329,Adolf Friedrich Johann Butenandt,Max Planck Society,Max Planck Institute of Biochemistry,Q7191,True
Chemistry,Química,quimica,1939,Leopold Ruzicka,A5037272113,,Q122996,05a28rw58,for his work on polymethylenes and higher terpenes,1/2,0.5,Escuela Politécnica Federal de Zúrich,,"Zurich, Suiza",1887-09-13,Vukovar,Croacia,Croacia; Suiza,1976-09-26,Zurich,Suiza,52,Adolf Friedrich Johann Butenandt,1,2,1,leopold-ruzicka,leopold-ruzicka,Q122996,https://prizeatlas.org/es/nobel-prize/quimica/1939/leopold-ruzicka/,https://prizeatlas.org/nobel-prize/chemistry/1939/leopold-ruzicka/,for his work on polymethylenes and higher terpenes,Leopold Ruzicka,index,Química,Premio Nobel 1939 1/2,1,0,1,1,"Vukovar, Croacia",Escuela Politécnica Federal de Zúrich,"Premio Nobel de Química, 1939",https://www.wikidata.org/wiki/Q122996,1,eth-zurich,adolf-friedrich-johann-butenandt,2026-09-30,1887,nobel-000204,Male,Individual,Q11942,I35440088,A5037272113,,05a28rw58,Leopold Ruzicka,ETH Zurich,,Q7191,True
Chemistry,Química,quimica,1943,George de Hevesy,A5113661650,,Q76951,05f0yaq80,for his work on the use of isotopes as tracers in the study of chemical processes,1/1,1.0,Universidad de Estocolmo,,"Stockholm, Suecia",1885-08-01,Budapest,Hungría,Hungría; Suecia,1966-07-05,Freiburg im Breisgau,Alemania,58,,0,1,1,george-de-hevesy,george-de-hevesy,Q76951,https://prizeatlas.org/es/nobel-prize/quimica/1943/george-de-hevesy/,https://prizeatlas.org/nobel-prize/chemistry/1943/george-de-hevesy/,for his work on the use of isotopes as tracers in the study of chemical processes,George de Hevesy,index,Química,Premio Nobel 1943 1/1,1,0,1,1,"Budapest, Hungría",Universidad de Estocolmo,"Premio Nobel de Química, 1943",https://www.wikidata.org/wiki/Q76951,1,stockholm-university,,2026-09-30,1885,nobel-000208,Male,Individual,Q221645,I161593684,A5113661650,,05f0yaq80,George de Hevesy,Stockholm University,,Q7191,True
Chemistry,Química,quimica,1944,Otto Hahn,A5062274657,,Q57065,01hhn8329,for his discovery of the fission of heavy nuclei,1/1,1.0,Sociedad Max Planck,Max Planck Institute for Chemistry,"Mainz, Alemania",1879-03-08,Frankfurt-on-the-Main,Alemania,Alemania,1968-07-28,Göttingen,Alemania,65,,0,1,1,otto-hahn,otto-hahn,Q57065,https://prizeatlas.org/es/nobel-prize/quimica/1944/otto-hahn/,https://prizeatlas.org/nobel-prize/chemistry/1944/otto-hahn/,for his discovery of the fission of heavy nuclei,Otto Hahn,index,Química,Premio Nobel 1944 1/1,1,0,1,1,"Frankfurt-on-the-Main, Alemania",Sociedad Max Planck,"Premio Nobel de Química, 1944",https://www.wikidata.org/wiki/Q57065,1,max-planck-society,,2026-09-30,1879,nobel-000212,Male,Individual,Q158085,I149899117,A5062274657,,01hhn8329,Otto Hahn,Max Planck Society,Max Planck Institute for Chemistry,Q7191,True
Chemistry,Química,quimica,1945,Artturi Ilmari Virtanen,A5103498219,,Q157239,040af2s02,"for his research and inventions in agricultural and nutrition chemistry, especially for his fodder preservation method",1/1,1.0,Universidad de Helsinki,,"Helsinki, Finlandia",1895-01-15,Helsinki,Finlandia,Finlandia,1973-11-11,Helsinki,Finlandia,50,,0,1,1,artturi-ilmari-virtanen,artturi-ilmari-virtanen,Q157239,https://prizeatlas.org/es/nobel-prize/quimica/1945/artturi-ilmari-virtanen/,https://prizeatlas.org/nobel-prize/chemistry/1945/artturi-ilmari-virtanen/,"for his research and inventions in agricultural and nutrition chemistry, especially for his fodder preservation method",Artturi Ilmari Virtanen,index,Química,Premio Nobel 1945 1/1,1,0,1,1,"Helsinki, Finlandia",Universidad de Helsinki,"Premio Nobel de Química, 1945",https://www.wikidata.org/wiki/Q157239,1,university-of-helsinki,,2026-09-30,1895,nobel-000218,Male,Individual,Q28695,I133731052,A5103498219,,040af2s02,Artturi Ilmari Virtanen,University of Helsinki,,Q7191,True
Chemistry,Química,quimica,1946,James Batcheller Sumner,A5013711522,,Q106756,05bnh6r87,for his discovery that enzymes can be crystallized,1/2,0.5,Universidad Cornell,,"Ithaca, Estados Unidos",1887-11-19,"Canton, MA",Estados Unidos,Estados Unidos,1955-08-12,"Buffalo, NY",Estados Unidos,59,John Howard Northrop; Wendell Meredith Stanley,2,1,1,james-batcheller-sumner,james-batcheller-sumner,Q106756,https://prizeatlas.org/es/nobel-prize/quimica/1946/james-batcheller-sumner/,https://prizeatlas.org/nobel-prize/chemistry/1946/james-batcheller-sumner/,for his discovery that enzymes can be crystallized,James Batcheller Sumner,index,Química,Premio Nobel 1946 1/2,1,0,1,1,"Canton, MA, Estados Unidos",Universidad Cornell,"Premio Nobel de Química, 1946",https://www.wikidata.org/wiki/Q106756,1,cornell-university,john-howard-northrop; wendell-meredith-stanley,2026-09-30,1887,nobel-000225,Male,Individual,Q49115,I205783295,A5013711522,,05bnh6r87,James Batcheller Sumner,Cornell University,,Q7191,True
Chemistry,Química,quimica,1946,John Howard Northrop,A5041451813,,Q106399,0420db125,for their preparation of enzymes and virus proteins in a pure form,1/4,0.25,Universidad Rockefeller,Rockefeller Institute for Medical Research,"New York, Estados Unidos",1891-07-05,"Yonkers, NY",Estados Unidos,Estados Unidos,1987-05-27,"Wickenberg, AZ",Estados Unidos,55,James Batcheller Sumner; Wendell Meredith Stanley,2,2,2,john-howard-northrop,john-howard-northrop,Q106399,https://prizeatlas.org/es/nobel-prize/quimica/1946/john-howard-northrop/,https://prizeatlas.org/nobel-prize/chemistry/1946/john-howard-northrop/,for their preparation of enzymes and virus proteins in a pure form,John Howard Northrop,index,Química,Premio Nobel 1946 1/4,1,0,1,1,"Yonkers, NY, Estados Unidos",Universidad Rockefeller,"Premio Nobel de Química, 1946",https://www.wikidata.org/wiki/Q106399,1,rockefeller-university,james-batcheller-sumner; wendell-meredith-stanley,2026-09-30,1891,nobel-000226,Male,Individual,Q270272,I83399316,A5041451813,,0420db125,John Howard Northrop,Rockefeller University,Rockefeller Institute for Medical Research,Q7191,True
Chemistry,Química,quimica,1946,Wendell Meredith Stanley,A5027448493,,Q105937,0420db125,for their preparation of enzymes and virus proteins in a pure form,1/4,0.25,Universidad Rockefeller,Rockefeller Institute for Medical Research,"New York, Estados Unidos",1904-08-16,"Ridgeville, IN",Estados Unidos,Estados Unidos,1971-06-15,Salamanca,España,42,James Batcheller Sumner; John Howard Northrop,2,2,2,wendell-meredith-stanley,wendell-meredith-stanley,Q105937,https://prizeatlas.org/es/nobel-prize/quimica/1946/wendell-meredith-stanley/,https://prizeatlas.org/nobel-prize/chemistry/1946/wendell-meredith-stanley/,for their preparation of enzymes and virus proteins in a pure form,Wendell Meredith Stanley,index,Química,Premio Nobel 1946 1/4,1,0,1,1,"Ridgeville, IN, Estados Unidos",Universidad Rockefeller,"Premio Nobel de Química, 1946",https://www.wikidata.org/wiki/Q105937,1,rockefeller-university,james-batcheller-sumner; john-howard-northrop,2026-09-30,1904,nobel-000227,Male,Individual,Q270272,I83399316,A5027448493,,0420db125,Wendell Meredith Stanley,Rockefeller University,Rockefeller Institute for Medical Research,Q7191,True
Chemistry,Química,quimica,1947,Sir Robert Robinson,A5067434209,,Q49351,052gg0110,"for his investigations on plant products of biological importance, especially the alkaloids",1/1,1.0,Universidad de Oxford,,"Oxford, Reino Unido",1886-09-13,"Rufford, near Chesterfield",Reino Unido,Reino Unido,1975-02-08,Great Missenden,Reino Unido,61,,0,1,1,sir-robert-robinson,sir-robert-robinson,Q49351,https://prizeatlas.org/es/nobel-prize/quimica/1947/sir-robert-robinson/,https://prizeatlas.org/nobel-prize/chemistry/1947/sir-robert-robinson/,"for his investigations on plant products of biological importance, especially the alkaloids",Sir Robert Robinson,index,Química,Premio Nobel 1947 1/1,1,0,1,1,"Rufford, near Chesterfield, Reino Unido",Universidad de Oxford,"Premio Nobel de Química, 1947",https://www.wikidata.org/wiki/Q49351,1,university-of-oxford,,2026-09-30,1886,nobel-000233,Male,Individual,Q34433,I40120149,A5067434209,,052gg0110,Sir Robert Robinson,University of Oxford,,Q7191,True
Chemistry,Química,quimica,1948,Arne Wilhelm Kaurin Tiselius,A5020892563,,Q233026,048a87296,"for his research on electrophoresis and adsorption analysis, especially for his discoveries concerning the complex nature of the serum proteins",1/1,1.0,Universidad de Upsala,,"Uppsala, Suecia",1902-08-10,Stockholm,Suecia,Suecia,1971-10-29,Uppsala,Suecia,46,,0,1,1,arne-wilhelm-kaurin-tiselius,arne-wilhelm-kaurin-tiselius,Q233026,https://prizeatlas.org/es/nobel-prize/quimica/1948/arne-wilhelm-kaurin-tiselius/,https://prizeatlas.org/nobel-prize/chemistry/1948/arne-wilhelm-kaurin-tiselius/,"for his research on electrophoresis and adsorption analysis, especially for his discoveries concerning the complex nature of the serum proteins",Arne Wilhelm Kaurin Tiselius,index,Química,Premio Nobel 1948 1/1,1,0,1,1,"Stockholm, Suecia",Universidad de Upsala,"Premio Nobel de Química, 1948",https://www.wikidata.org/wiki/Q233026,1,uppsala-university,,2026-09-30,1902,nobel-000241,Male,Individual,Q185246,I123387679,A5020892563,,048a87296,Arne Wilhelm Kaurin Tiselius,Uppsala University,,Q7191,True
Chemistry,Química,quimica,1949,William Francis Giauque,A5033850368,,Q110073,00pjdza24,"for his contributions in the field of chemical thermodynamics, particularly concerning the behaviour of substances at extremely low temperatures",1/1,1.0,Universidad de California,"University of California, Berkeley","Berkeley, Estados Unidos",1895-05-12,Niagara Falls,Canadá,Estados Unidos; Canadá,1982-03-28,"Berkeley, CA",Estados Unidos,54,,0,1,1,william-francis-giauque,william-francis-giauque,Q110073,https://prizeatlas.org/es/nobel-prize/quimica/1949/william-francis-giauque/,https://prizeatlas.org/nobel-prize/chemistry/1949/william-francis-giauque/,"for his contributions in the field of chemical thermodynamics, particularly concerning the behaviour of substances at extremely low temperatures",William Francis Giauque,index,Química,Premio Nobel 1949 1/1,1,0,1,1,"Niagara Falls, Canadá",Universidad de California,"Premio Nobel de Química, 1949",https://www.wikidata.org/wiki/Q110073,1,university-of-california,,2026-09-30,1895,nobel-000245,Male,Individual,Q184478,I2803209242,A5033850368,,00pjdza24,William Francis Giauque,University of California,"University of California, Berkeley",Q7191,True
Chemistry,Química,quimica,1950,Kurt Alder,A5057232011,,Q76595,00rcxh774,for their discovery and development of the diene synthesis,1/2,0.5,Universidad de Colonia,,"Cologne, Alemania",1902-07-10,Königshütte (Chorzów),Polonia,Alemania,1958-06-20,Cologne,Alemania,48,Otto Paul Hermann Diels,1,1,2,kurt-alder,kurt-alder,Q76595,https://prizeatlas.org/es/nobel-prize/quimica/1950/kurt-alder/,https://prizeatlas.org/nobel-prize/chemistry/1950/kurt-alder/,for their discovery and development of the diene synthesis,Kurt Alder,index,Química,Premio Nobel 1950 1/2,1,0,1,1,"Königshütte (Chorzów), Polonia",Universidad de Colonia,"Premio Nobel de Química, 1950",https://www.wikidata.org/wiki/Q76595,1,university-of-cologne,otto-paul-hermann-diels,2026-09-30,1902,nobel-000252,Male,Individual,Q54096,I180923762,A5057232011,,00rcxh774,Kurt Alder,University of Cologne,,Q7191,True
Chemistry,Química,quimica,1950,Otto Paul Hermann Diels,A5027048127,,Q76616,04v76ef78,for their discovery and development of the diene synthesis,1/2,0.5,Universidad de Kiel,,"Kiel, Alemania",1876-01-23,Hamburg,Alemania,Alemania,1954-03-07,Kiel,Alemania,74,Kurt Alder,1,1,2,otto-paul-hermann-diels,otto-paul-hermann-diels,Q76616,https://prizeatlas.org/es/nobel-prize/quimica/1950/otto-paul-hermann-diels/,https://prizeatlas.org/nobel-prize/chemistry/1950/otto-paul-hermann-diels/,for their discovery and development of the diene synthesis,Otto Paul Hermann Diels,index,Química,Premio Nobel 1950 1/2,1,0,1,1,"Hamburg, Alemania",Universidad de Kiel,"Premio Nobel de Química, 1950",https://www.wikidata.org/wiki/Q76616,1,kiel-university,kurt-alder,2026-09-30,1876,nobel-000251,Male,Individual,Q156737,I32021983,A5027048127,,04v76ef78,Otto Paul Hermann Diels,Kiel University,,Q7191,True
Chemistry,Química,quimica,1951,Edwin Mattison McMillan,A5108662232,,Q19009,00pjdza24,for their discoveries in the chemistry of the transuranium elements,1/2,0.5,Universidad de California,"University of California, Berkeley","Berkeley, Estados Unidos",1907-09-18,"Redondo Beach, CA",Estados Unidos,Estados Unidos,1991-09-07,"El Cerrito, CA",Estados Unidos,44,Glenn Theodore Seaborg,1,1,2,edwin-mattison-mcmillan,edwin-mattison-mcmillan,Q19009,https://prizeatlas.org/es/nobel-prize/quimica/1951/edwin-mattison-mcmillan/,https://prizeatlas.org/nobel-prize/chemistry/1951/edwin-mattison-mcmillan/,for their discoveries in the chemistry of the transuranium elements,Edwin Mattison McMillan,index,Química,Premio Nobel 1951 1/2,1,0,1,1,"Redondo Beach, CA, Estados Unidos",Universidad de California,"Premio Nobel de Química, 1951",https://www.wikidata.org/wiki/Q19009,1,university-of-california,glenn-theodore-seaborg,2026-09-30,1907,nobel-000259,Male,Individual,Q184478,I2803209242,A5108662232,,00pjdza24,Edwin Mattison McMillan,University of California,"University of California, Berkeley",Q7191,True
Chemistry,Química,quimica,1951,Glenn Theodore Seaborg,A5129801973,,Q48973,00pjdza24,for their discoveries in the chemistry of the transuranium elements,1/2,0.5,Universidad de California,"University of California, Berkeley","Berkeley, Estados Unidos",1912-04-19,"Ishpeming, MI",Estados Unidos,Estados Unidos,1999-02-25,"Lafayette, CA",Estados Unidos,39,Edwin Mattison McMillan,1,1,2,glenn-theodore-seaborg,glenn-theodore-seaborg,Q48973,https://prizeatlas.org/es/nobel-prize/quimica/1951/glenn-theodore-seaborg/,https://prizeatlas.org/nobel-prize/chemistry/1951/glenn-theodore-seaborg/,for their discoveries in the chemistry of the transuranium elements,Glenn Theodore Seaborg,index,Química,Premio Nobel 1951 1/2,1,0,1,1,"Ishpeming, MI, Estados Unidos",Universidad de California,"Premio Nobel de Química, 1951",https://www.wikidata.org/wiki/Q48973,1,university-of-california,edwin-mattison-mcmillan,2026-09-30,1912,nobel-000260,Male,Individual,Q184478,I2803209242,A5129801973,,00pjdza24,Glenn Theodore Seaborg,University of California,"University of California, Berkeley",Q7191,True
Chemistry,Química,quimica,1952,Archer John Porter Martin,A5076905510,,Q48977,,for their invention of partition chromatography,1/2,0.5,National Institute for Medical Research,,"London, Reino Unido",1910-03-01,London,Reino Unido,Reino Unido,2002-07-28,Llangarron,Reino Unido,42,Richard Laurence Millington Synge,1,1,2,archer-john-porter-martin,archer-john-porter-martin,Q48977,https://prizeatlas.org/es/nobel-prize/quimica/1952/archer-john-porter-martin/,https://prizeatlas.org/nobel-prize/chemistry/1952/archer-john-porter-martin/,for their invention of partition chromatography,Archer John Porter Martin,index,Química,Premio Nobel 1952 1/2,1,0,1,0,"London, Reino Unido",National Institute for Medical Research,"Premio Nobel de Química, 1952",https://www.wikidata.org/wiki/Q48977,1,national-institute-for-medical-research,richard-laurence-millington-synge,2026-09-30,1910,nobel-000266,Male,Individual,Q1732774,,A5076905510,,,Archer John Porter Martin,National Institute for Medical Research,,Q7191,True
Chemistry,Química,quimica,1952,Richard Laurence Millington Synge,A5110043456,,Q48979,,for their invention of partition chromatography,1/2,0.5,Rowett Research Institute,,"Bucksburn (Scotland), Reino Unido",1914-10-28,Liverpool,Reino Unido,Reino Unido,1994-08-18,Norwich,Reino Unido,38,Archer John Porter Martin,1,1,2,richard-laurence-millington-synge,richard-laurence-millington-synge,Q48979,https://prizeatlas.org/es/nobel-prize/quimica/1952/richard-laurence-millington-synge/,https://prizeatlas.org/nobel-prize/chemistry/1952/richard-laurence-millington-synge/,for their invention of partition chromatography,Richard Laurence Millington Synge,index,Química,Premio Nobel 1952 1/2,1,0,1,0,"Liverpool, Reino Unido",Rowett Research Institute,"Premio Nobel de Química, 1952",https://www.wikidata.org/wiki/Q48979,1,rowett-research-institute,archer-john-porter-martin,2026-09-30,1914,nobel-000267,Male,Individual,Q3041197,,A5110043456,,,Richard Laurence Millington Synge,Rowett Research Institute,,Q7191,True
Chemistry,Química,quimica,1953,Hermann Staudinger,A5109985870,,Q48956,0245cg223,for his discoveries in the field of macromolecular chemistry,1/1,1.0,Universidad de Friburgo,,"Freiburg im Breisgau, Alemania",1881-03-23,Worms,Alemania,Alemania,1965-09-08,Freiburg im Breisgau,Alemania,72,,0,1,1,hermann-staudinger,hermann-staudinger,Q48956,https://prizeatlas.org/es/nobel-prize/quimica/1953/hermann-staudinger/,https://prizeatlas.org/nobel-prize/chemistry/1953/hermann-staudinger/,for his discoveries in the field of macromolecular chemistry,Hermann Staudinger,index,Química,Premio Nobel 1953 1/1,1,0,1,1,"Worms, Alemania",Universidad de Friburgo,"Premio Nobel de Química, 1953",https://www.wikidata.org/wiki/Q48956,1,university-of-freiburg,,2026-09-30,1881,nobel-000273,Male,Individual,Q153987,I161046081,A5109985870,,0245cg223,Hermann Staudinger,University of Freiburg,,Q7191,True
Chemistry,Química,quimica,1954,Linus Carl Pauling,A5018806471,,Q48983,05dxps055,for his research into the nature of the chemical bond and its application to the elucidation of the structure of complex substances,1/1,1.0,Instituto de Tecnología de California,,"Pasadena, Estados Unidos",1901-02-28,"Portland, OR",Estados Unidos,Estados Unidos,1994-08-19,"Big Sur, CA",Estados Unidos,53,,0,1,1,linus-carl-pauling,linus-carl-pauling,Q48983,https://prizeatlas.org/es/nobel-prize/quimica/1954/linus-carl-pauling/,https://prizeatlas.org/nobel-prize/chemistry/1954/linus-carl-pauling/,for his research into the nature of the chemical bond and its application to the elucidation of the structure of complex substances,Linus Carl Pauling,index,Química,Premio Nobel 1954 1/1,1,0,1,1,"Portland, OR, Estados Unidos",Instituto de Tecnología de California,"Premio Nobel de Química, 1954",https://www.wikidata.org/wiki/Q48983,1,california-institute-of-technology,,2026-09-30,1901,nobel-000279,Male,Individual,Q161562,I122411786,A5018806471,,05dxps055,Linus Carl Pauling,California Institute of Technology,,Q7191,True
Chemistry,Química,quimica,1955,Vincent du Vigneaud,A5049650244,,Q33128,05bnh6r87,"for his work on biochemically important sulphur compounds, especially for the first synthesis of a polypeptide hormone",1/1,1.0,Universidad Cornell,,"Ithaca, Estados Unidos",1901-05-18,"Chicago, IL",Estados Unidos,Estados Unidos,1978-12-11,"White Plains, NY",Estados Unidos,54,,0,1,1,vincent-du-vigneaud,vincent-du-vigneaud,Q33128,https://prizeatlas.org/es/nobel-prize/quimica/1955/vincent-du-vigneaud/,https://prizeatlas.org/nobel-prize/chemistry/1955/vincent-du-vigneaud/,"for his work on biochemically important sulphur compounds, especially for the first synthesis of a polypeptide hormone",Vincent du Vigneaud,index,Química,Premio Nobel 1955 1/1,1,0,1,1,"Chicago, IL, Estados Unidos",Universidad Cornell,"Premio Nobel de Química, 1955",https://www.wikidata.org/wiki/Q33128,1,cornell-university,,2026-09-30,1901,nobel-000287,Male,Individual,Q49115,I205783295,A5049650244,,05bnh6r87,Vincent du Vigneaud,Cornell University,,Q7191,True
Chemistry,Química,quimica,1956,Nikolay Nikolaevich Semenov,A5103960338,,Q48990,,for their researches into the mechanism of chemical reactions,1/2,0.5,Institute for Chemical Physics of the Academy of Sciences of the USSR,,"Moscow, Rusia",1896-04-03,Saratov,Rusia,Rusia,1986-09-25,Moscow,Rusia,60,Sir Cyril Norman Hinshelwood,1,1,2,nikolay-nikolaevich-semenov,nikolay-nikolaevich-semenov,Q48990,https://prizeatlas.org/es/nobel-prize/quimica/1956/nikolay-nikolaevich-semenov/,https://prizeatlas.org/nobel-prize/chemistry/1956/nikolay-nikolaevich-semenov/,for their researches into the mechanism of chemical reactions,Nikolay Nikolaevich Semenov,index,Química,Premio Nobel 1956 1/2,1,0,1,0,"Saratov, Rusia",Institute for Chemical Physics of the Academy of Sciences of the USSR,"Premio Nobel de Química, 1956",https://www.wikidata.org/wiki/Q48990,1,institute-for-chemical-physics-of-the-academy-of-sciences-of-the-ussr,sir-cyril-norman-hinshelwood,2026-09-30,1896,nobel-000293,Male,Individual,,,A5103960338,,,Nikolay Nikolaevich Semenov,Institute for Chemical Physics of the Academy of Sciences of the USSR,,Q7191,True
Chemistry,Química,quimica,1956,Sir Cyril Norman Hinshelwood,A5033359230,,Q48986,052gg0110,for their researches into the mechanism of chemical reactions,1/2,0.5,Universidad de Oxford,,"Oxford, Reino Unido",1897-05-19,London,Reino Unido,Reino Unido,1967-10-09,London,Reino Unido,59,Nikolay Nikolaevich Semenov,1,1,2,sir-cyril-norman-hinshelwood,sir-cyril-norman-hinshelwood,Q48986,https://prizeatlas.org/es/nobel-prize/quimica/1956/sir-cyril-norman-hinshelwood/,https://prizeatlas.org/nobel-prize/chemistry/1956/sir-cyril-norman-hinshelwood/,for their researches into the mechanism of chemical reactions,Sir Cyril Norman Hinshelwood,index,Química,Premio Nobel 1956 1/2,1,0,1,1,"London, Reino Unido",Universidad de Oxford,"Premio Nobel de Química, 1956",https://www.wikidata.org/wiki/Q48986,1,university-of-oxford,nikolay-nikolaevich-semenov,2026-09-30,1897,nobel-000292,Male,Individual,Q34433,I40120149,A5033359230,,052gg0110,Sir Cyril Norman Hinshelwood,University of Oxford,,Q7191,True
Chemistry,Química,quimica,1957,Lord (Alexander R.) Todd,A5065867961,,Q157242,013meh722,for his work on nucleotides and nucleotide co-enzymes,1/1,1.0,Universidad de Cambridge,,"Cambridge, Reino Unido",1907-10-02,Glasgow,Reino Unido,Reino Unido,1997-01-10,Cambridge,Reino Unido,50,,0,1,1,lord-alexander-r-todd,lord-alexander-r-todd,Q157242,https://prizeatlas.org/es/nobel-prize/quimica/1957/lord-alexander-r-todd/,https://prizeatlas.org/nobel-prize/chemistry/1957/lord-alexander-r-todd/,for his work on nucleotides and nucleotide co-enzymes,Lord (Alexander R.) Todd,index,Química,Premio Nobel 1957 1/1,1,0,1,1,"Glasgow, Reino Unido",Universidad de Cambridge,"Premio Nobel de Química, 1957",https://www.wikidata.org/wiki/Q157242,1,university-of-cambridge,,2026-09-30,1907,nobel-000301,Male,Individual,Q35794,I241749,A5065867961,,013meh722,Lord (Alexander R.) Todd,University of Cambridge,,Q7191,True
Chemistry,Química,quimica,1958,Frederick Sanger,A5114007683,,Q151564,013meh722,"for his work on the structure of proteins, especially that of insulin",1/1,1.0,Universidad de Cambridge,,"Cambridge, Reino Unido",1918-08-13,Rendcombe,Reino Unido,Reino Unido,2013-11-19,Cambridge,Reino Unido,40,,0,1,1,frederick-sanger,frederick-sanger,Q151564,https://prizeatlas.org/es/nobel-prize/quimica/1958/frederick-sanger/,https://prizeatlas.org/nobel-prize/chemistry/1958/frederick-sanger/,"for his work on the structure of proteins, especially that of insulin",Frederick Sanger,index,Química,Premio Nobel 1958 1/1,1,0,1,1,"Rendcombe, Reino Unido",Universidad de Cambridge,"Premio Nobel de Química, 1958",https://www.wikidata.org/wiki/Q151564,1,university-of-cambridge,,2026-09-30,1918,nobel-000307,Male,Individual,Q35794,I241749,A5114007683,,013meh722,Frederick Sanger,University of Cambridge,,Q7191,True
Chemistry,Química,quimica,1959,Jaroslav Heyrovsky,A5006208227,,Q157701,,for his discovery and development of the polarographic methods of analysis,1/1,1.0,Polarographic Institute of the Czechoslovak Academy of Science,,"Prague, República Checa",1890-12-20,Prague,República Checa,República Checa,1967-03-27,Prague,República Checa,69,,0,1,1,jaroslav-heyrovsky,jaroslav-heyrovsky,Q157701,https://prizeatlas.org/es/nobel-prize/quimica/1959/jaroslav-heyrovsky/,https://prizeatlas.org/nobel-prize/chemistry/1959/jaroslav-heyrovsky/,for his discovery and development of the polarographic methods of analysis,Jaroslav Heyrovsky,index,Química,Premio Nobel 1959 1/1,1,0,1,0,"Prague, República Checa",Polarographic Institute of the Czechoslovak Academy of Science,"Premio Nobel de Química, 1959",https://www.wikidata.org/wiki/Q157701,1,polarographic-institute-of-the-czechoslovak-academy-of-science,,2026-09-30,1890,nobel-000316,Male,Individual,,,A5006208227,,,Jaroslav Heyrovsky,Polarographic Institute of the Czechoslovak Academy of Science,,Q7191,True
Chemistry,Química,quimica,1960,Willard Frank Libby,A5034422732,,Q190486,00pjdza24,"for his method to use carbon-14 for age determination in archaeology, geology, geophysics, and other branches of science",1/1,1.0,Universidad de California,"University of California, Los Angeles","Los Angeles, Estados Unidos",1908-12-17,"Grand Valley, CO",Estados Unidos,Estados Unidos,1980-09-08,"Los Angeles, CA",Estados Unidos,52,,0,1,1,willard-frank-libby,willard-frank-libby,Q190486,https://prizeatlas.org/es/nobel-prize/quimica/1960/willard-frank-libby/,https://prizeatlas.org/nobel-prize/chemistry/1960/willard-frank-libby/,"for his method to use carbon-14 for age determination in archaeology, geology, geophysics, and other branches of science",Willard Frank Libby,index,Química,Premio Nobel 1960 1/1,1,0,1,1,"Grand Valley, CO, Estados Unidos",Universidad de California,"Premio Nobel de Química, 1960",https://www.wikidata.org/wiki/Q190486,1,university-of-california,,2026-09-30,1908,nobel-000323,Male,Individual,Q184478,I2803209242,A5034422732,,00pjdza24,Willard Frank Libby,University of California,"University of California, Los Angeles",Q7191,True
Chemistry,Química,quimica,1961,Melvin Calvin,A5108469716,,Q49347,00pjdza24,for his research on the carbon dioxide assimilation in plants,1/1,1.0,Universidad de California,"University of California, Berkeley","Berkeley, Estados Unidos",1911-04-08,"St. Paul, MN",Estados Unidos,Estados Unidos,1997-01-08,"Berkeley, CA",Estados Unidos,50,,0,1,1,melvin-calvin,melvin-calvin,Q49347,https://prizeatlas.org/es/nobel-prize/quimica/1961/melvin-calvin/,https://prizeatlas.org/nobel-prize/chemistry/1961/melvin-calvin/,for his research on the carbon dioxide assimilation in plants,Melvin Calvin,index,Química,Premio Nobel 1961 1/1,1,0,1,1,"St. Paul, MN, Estados Unidos",Universidad de California,"Premio Nobel de Química, 1961",https://www.wikidata.org/wiki/Q49347,1,university-of-california,,2026-09-30,1911,nobel-000329,Male,Individual,Q184478,I2803209242,A5108469716,,00pjdza24,Melvin Calvin,University of California,"University of California, Berkeley",Q7191,True
Chemistry,Química,quimica,1962,John Cowdery Kendrew,A5051150473,,Q232295,00tw3jy02,for their studies of the structures of globular proteins,1/2,0.5,MRC Laboratory of Molecular Biology,,"Cambridge, Reino Unido",1917-03-24,Oxford,Reino Unido,Reino Unido,1997-08-23,Cambridge,Reino Unido,45,Max Ferdinand Perutz,1,1,2,john-cowdery-kendrew,john-cowdery-kendrew,Q232295,https://prizeatlas.org/es/nobel-prize/quimica/1962/john-cowdery-kendrew/,https://prizeatlas.org/nobel-prize/chemistry/1962/john-cowdery-kendrew/,for their studies of the structures of globular proteins,John Cowdery Kendrew,index,Química,Premio Nobel 1962 1/2,1,0,1,1,"Oxford, Reino Unido",MRC Laboratory of Molecular Biology,"Premio Nobel de Química, 1962",https://www.wikidata.org/wiki/Q232295,1,mrc-laboratory-of-molecular-biology,max-ferdinand-perutz,2026-09-30,1917,nobel-000336,Male,Individual,Q185800,I170203145,A5051150473,,00tw3jy02,John Cowdery Kendrew,MRC Laboratory of Molecular Biology,,Q7191,True
Chemistry,Química,quimica,1962,Max Ferdinand Perutz,A5110082880,,Q78480,00tw3jy02,for their studies of the structures of globular proteins,1/2,0.5,MRC Laboratory of Molecular Biology,,"Cambridge, Reino Unido",1914-05-19,Vienna,Austria,Reino Unido; Austria,2002-02-06,Cambridge,Reino Unido,48,John Cowdery Kendrew,1,1,2,max-ferdinand-perutz,max-ferdinand-perutz,Q78480,https://prizeatlas.org/es/nobel-prize/quimica/1962/max-ferdinand-perutz/,https://prizeatlas.org/nobel-prize/chemistry/1962/max-ferdinand-perutz/,for their studies of the structures of globular proteins,Max Ferdinand Perutz,index,Química,Premio Nobel 1962 1/2,1,0,1,1,"Vienna, Austria",MRC Laboratory of Molecular Biology,"Premio Nobel de Química, 1962",https://www.wikidata.org/wiki/Q78480,1,mrc-laboratory-of-molecular-biology,john-cowdery-kendrew,2026-09-30,1914,nobel-000335,Male,Individual,Q185800,I170203145,A5110082880,,00tw3jy02,Max Ferdinand Perutz,MRC Laboratory of Molecular Biology,,Q7191,True
Chemistry,Química,quimica,1963,Giulio Natta,A5004409289,,Q234145,,for their discoveries in the field of the chemistry and technology of high polymers,1/2,0.5,universidad técnica,,"Milan, Italia",1903-02-26,Imperia,Italia,Italia,1979-05-02,Bergamo,Italia,60,Karl Ziegler,1,1,2,giulio-natta,giulio-natta,Q234145,https://prizeatlas.org/es/nobel-prize/quimica/1963/giulio-natta/,https://prizeatlas.org/nobel-prize/chemistry/1963/giulio-natta/,for their discoveries in the field of the chemistry and technology of high polymers,Giulio Natta,index,Química,Premio Nobel 1963 1/2,1,0,1,0,"Imperia, Italia",universidad técnica,"Premio Nobel de Química, 1963",https://www.wikidata.org/wiki/Q234145,1,institute-of-technology,karl-ziegler,2026-09-30,1903,nobel-000344,Male,Individual,Q1371037,,A5004409289,,,Giulio Natta,Institute of Technology,,Q7191,True
Chemistry,Química,quimica,1963,Karl Ziegler,A5061196658,,Q76624,01hhn8329,for their discoveries in the field of the chemistry and technology of high polymers,1/2,0.5,Sociedad Max Planck,Max Planck Institute for Coal Research,"Mülheim an der Ruhr, Alemania",1898-11-26,Helsa,Alemania,Alemania,1973-08-12,Mülheim,Alemania,65,Giulio Natta,1,1,2,karl-ziegler,karl-ziegler,Q76624,https://prizeatlas.org/es/nobel-prize/quimica/1963/karl-ziegler/,https://prizeatlas.org/nobel-prize/chemistry/1963/karl-ziegler/,for their discoveries in the field of the chemistry and technology of high polymers,Karl Ziegler,index,Química,Premio Nobel 1963 1/2,1,0,1,1,"Helsa, Alemania",Sociedad Max Planck,"Premio Nobel de Química, 1963",https://www.wikidata.org/wiki/Q76624,1,max-planck-society,giulio-natta,2026-09-30,1898,nobel-000343,Male,Individual,Q158085,I149899117,A5061196658,,01hhn8329,Karl Ziegler,Max Planck Society,Max Planck Institute for Coal Research,Q7191,True
Chemistry,Química,quimica,1964,Dorothy Crowfoot Hodgkin,A5109169384,,Q7487,052gg0110,for her determinations by X-ray techniques of the structures of important biochemical substances,1/1,1.0,Universidad de Oxford; Royal Society,; ,"Oxford, Reino Unido; London, Reino Unido",1910-05-12,Cairo,Egipto,Reino Unido,1994-07-29,Shipston-on-Stour,Reino Unido,54,,0,1,1,dorothy-crowfoot-hodgkin,dorothy-crowfoot-hodgkin,Q7487,https://prizeatlas.org/es/nobel-prize/quimica/1964/dorothy-crowfoot-hodgkin/,https://prizeatlas.org/nobel-prize/chemistry/1964/dorothy-crowfoot-hodgkin/,for her determinations by X-ray techniques of the structures of important biochemical substances,Dorothy Crowfoot Hodgkin,index,Química,Premio Nobel 1964 1/1,1,0,1,1,"Cairo, Egipto",Universidad de Oxford; Royal Society,"Premio Nobel de Química, 1964",https://www.wikidata.org/wiki/Q7487,2,university-of-oxford; royal-society,,2026-09-30,1910,nobel-000354,Female,Individual,Q34433,I40120149,A5109169384,,052gg0110,Dorothy Crowfoot Hodgkin,University of Oxford,,Q7191,True
Chemistry,Química,quimica,1965,Robert Burns Woodward,A5020822146,,Q232316,03vek6s52,for his outstanding achievements in the art of organic synthesis,1/1,1.0,Universidad Harvard,,"Cambridge, Estados Unidos",1917-04-10,"Boston, MA",Estados Unidos,Estados Unidos,1979-07-08,"Cambridge, MA",Estados Unidos,48,,0,1,1,robert-burns-woodward,robert-burns-woodward,Q232316,https://prizeatlas.org/es/nobel-prize/quimica/1965/robert-burns-woodward/,https://prizeatlas.org/nobel-prize/chemistry/1965/robert-burns-woodward/,for his outstanding achievements in the art of organic synthesis,Robert Burns Woodward,index,Química,Premio Nobel 1965 1/1,1,0,1,1,"Boston, MA, Estados Unidos",Universidad Harvard,"Premio Nobel de Química, 1965",https://www.wikidata.org/wiki/Q232316,1,harvard-university,,2026-09-30,1917,nobel-000362,Male,Individual,Q13371,I136199984,A5020822146,,03vek6s52,Robert Burns Woodward,Harvard University,,Q7191,True
Chemistry,Química,quimica,1966,Robert S. Mulliken,A5088324238,,Q233355,024mw5h28,for his fundamental work concerning chemical bonds and the electronic structure of molecules by the molecular orbital method,1/1,1.0,Universidad de Chicago,,"Chicago, Estados Unidos",1896-06-07,"Newburyport, MA",Estados Unidos,Estados Unidos,1986-10-31,"Arlington, VA",Estados Unidos,70,,0,1,1,robert-s-mulliken,robert-s-mulliken,Q233355,https://prizeatlas.org/es/nobel-prize/quimica/1966/robert-s-mulliken/,https://prizeatlas.org/nobel-prize/chemistry/1966/robert-s-mulliken/,for his fundamental work concerning chemical bonds and the electronic structure of molecules by the molecular orbital method,Robert S. Mulliken,index,Química,Premio Nobel 1966 1/1,1,0,1,1,"Newburyport, MA, Estados Unidos",Universidad de Chicago,"Premio Nobel de Química, 1966",https://www.wikidata.org/wiki/Q233355,1,university-of-chicago,,2026-09-30,1896,nobel-000371,Male,Individual,Q131252,I40347166,A5088324238,,024mw5h28,Robert S. Mulliken,University of Chicago,,Q7191,True
Chemistry,Química,quimica,1967,George Porter,A5082600490,0000-0001-5267-2843,Q106762,037m83a38,"for their studies of extremely fast chemical reactions, effected by disturbing the equilibrium by means of very short pulses of energy",1/4,0.25,Royal Institution,,"London, Reino Unido",1920-12-06,Stainforth,Reino Unido,Reino Unido,2002-08-31,Canterbury,Reino Unido,47,Manfred Eigen; Ronald George Wreyford Norrish,2,1,3,george-porter,george-porter,Q106762,https://prizeatlas.org/es/nobel-prize/quimica/1967/george-porter/,https://prizeatlas.org/nobel-prize/chemistry/1967/george-porter/,"for their studies of extremely fast chemical reactions, effected by disturbing the equilibrium by means of very short pulses of energy",George Porter,index,Química,Premio Nobel 1967 1/4,1,1,1,1,"Stainforth, Reino Unido",Royal Institution,"Premio Nobel de Química, 1967",https://www.wikidata.org/wiki/Q106762,1,royal-institution-of-great-britain,manfred-eigen; ronald-george-wreyford-norrish,2026-09-30,1920,nobel-000379,Male,Individual,Q2171086,I1340753257,A5082600490,0000-0001-5267-2843,037m83a38,George Porter,Royal Institution of Great Britain,,Q7191,True
Chemistry,Química,quimica,1967,Manfred Eigen,A5086771096,,Q76600,01hhn8329,"for their studies of extremely fast chemical reactions, effected by disturbing the equilibrium by means of very short pulses of energy",1/2,0.5,Sociedad Max Planck,Max Planck Institute for Multidisciplinary Sciences,"Göttingen, Alemania",1927-05-09,Bochum,Alemania,Alemania,2019-02-06,Göttingen,Alemania,40,Ronald George Wreyford Norrish; George Porter,2,1,3,manfred-eigen,manfred-eigen,Q76600,https://prizeatlas.org/es/nobel-prize/quimica/1967/manfred-eigen/,https://prizeatlas.org/nobel-prize/chemistry/1967/manfred-eigen/,"for their studies of extremely fast chemical reactions, effected by disturbing the equilibrium by means of very short pulses of energy",Manfred Eigen,index,Química,Premio Nobel 1967 1/2,1,0,1,1,"Bochum, Alemania",Sociedad Max Planck,"Premio Nobel de Química, 1967",https://www.wikidata.org/wiki/Q76600,1,max-planck-society,ronald-george-wreyford-norrish; george-porter,2026-09-30,1927,nobel-000377,Male,Individual,Q158085,I149899117,A5086771096,,01hhn8329,Manfred Eigen,Max Planck Society,Max Planck Institute for Multidisciplinary Sciences,Q7191,True
Chemistry,Química,quimica,1967,Ronald George Wreyford Norrish,A5061978447,,Q235834,013meh722,"for their studies of extremely fast chemical reactions, effected by disturbing the equilibrium by means of very short pulses of energy",1/4,0.25,Universidad de Cambridge,Institute of Physical Chemistry,"Cambridge, Reino Unido",1897-11-09,Cambridge,Reino Unido,Reino Unido,1978-06-07,Cambridge,Reino Unido,70,Manfred Eigen; George Porter,2,1,3,ronald-george-wreyford-norrish,ronald-george-wreyford-norrish,Q235834,https://prizeatlas.org/es/nobel-prize/quimica/1967/ronald-george-wreyford-norrish/,https://prizeatlas.org/nobel-prize/chemistry/1967/ronald-george-wreyford-norrish/,"for their studies of extremely fast chemical reactions, effected by disturbing the equilibrium by means of very short pulses of energy",Ronald George Wreyford Norrish,index,Química,Premio Nobel 1967 1/4,1,0,1,1,"Cambridge, Reino Unido",Universidad de Cambridge,"Premio Nobel de Química, 1967",https://www.wikidata.org/wiki/Q235834,1,university-of-cambridge,manfred-eigen; george-porter,2026-09-30,1897,nobel-000378,Male,Individual,Q35794,I241749,A5061978447,,013meh722,Ronald George Wreyford Norrish,University of Cambridge,Institute of Physical Chemistry,Q7191,True
Chemistry,Química,quimica,1968,Lars Onsager,A5060039934,,Q107405,03v76x132,"for the discovery of the reciprocal relations bearing his name, which are fundamental for the thermodynamics of irreversible processes",1/1,1.0,Universidad Yale,,"New Haven, Estados Unidos",1903-11-27,Kristiania (Oslo),Noruega,Noruega; Estados Unidos; Países Bajos,1976-10-05,"Coral Gables, FL",Estados Unidos,65,,0,1,1,lars-onsager,lars-onsager,Q107405,https://prizeatlas.org/es/nobel-prize/quimica/1968/lars-onsager/,https://prizeatlas.org/nobel-prize/chemistry/1968/lars-onsager/,"for the discovery of the reciprocal relations bearing his name, which are fundamental for the thermodynamics of irreversible processes",Lars Onsager,index,Química,Premio Nobel 1968 1/1,1,0,1,1,"Kristiania (Oslo), Noruega",Universidad Yale,"Premio Nobel de Química, 1968",https://www.wikidata.org/wiki/Q107405,1,yale-university,,2026-09-30,1903,nobel-000385,Male,Individual,Q49112,I32971472,A5060039934,,03v76x132,Lars Onsager,Yale University,,Q7191,True
Chemistry,Química,quimica,1969,Derek H. R. Barton,A5016045140,,Q102419,041kmwe10,for their contributions to the development of the concept of conformation and its application in chemistry,1/2,0.5,Escuela Imperial de Londres,,"London, Reino Unido",1918-09-08,Gravesend,Reino Unido,Reino Unido,1998-03-16,"College Station, TX",Estados Unidos,51,Odd Hassel,1,1,2,derek-h-r-barton,derek-h-r-barton,Q102419,https://prizeatlas.org/es/nobel-prize/quimica/1969/derek-h-r-barton/,https://prizeatlas.org/nobel-prize/chemistry/1969/derek-h-r-barton/,for their contributions to the development of the concept of conformation and its application in chemistry,Derek H. R. Barton,index,Química,Premio Nobel 1969 1/2,1,0,1,1,"Gravesend, Reino Unido",Escuela Imperial de Londres,"Premio Nobel de Química, 1969",https://www.wikidata.org/wiki/Q102419,1,imperial-college-london,odd-hassel,2026-09-30,1918,nobel-000392,Male,Individual,Q189022,I47508984,A5016045140,,041kmwe10,Derek H. R. Barton,Imperial College London,,Q7191,True
Chemistry,Química,quimica,1969,Odd Hassel,A5034143666,,Q157212,01xtthb56,for their contributions to the development of the concept of conformation and its application in chemistry,1/2,0.5,Universidad de Oslo,,"Oslo, Noruega",1897-05-17,Kristiania (Oslo),Noruega,Noruega,1981-05-11,Oslo,Noruega,72,Derek H. R. Barton,1,1,2,odd-hassel,odd-hassel,Q157212,https://prizeatlas.org/es/nobel-prize/quimica/1969/odd-hassel/,https://prizeatlas.org/nobel-prize/chemistry/1969/odd-hassel/,for their contributions to the development of the concept of conformation and its application in chemistry,Odd Hassel,index,Química,Premio Nobel 1969 1/2,1,0,1,1,"Kristiania (Oslo), Noruega",Universidad de Oslo,"Premio Nobel de Química, 1969",https://www.wikidata.org/wiki/Q157212,1,university-of-oslo,derek-h-r-barton,2026-09-30,1897,nobel-000393,Male,Individual,Q486156,I184942183,A5034143666,,01xtthb56,Odd Hassel,University of Oslo,,Q7191,True
Chemistry,Química,quimica,1970,Luis F. Leloir,A5109570430,,Q233985,0431v7h69,for his discovery of sugar nucleotides and their role in the biosynthesis of carbohydrates,1/1,1.0,Instituto Leloir,Institute for Biochemical Research,"Buenos Aires, Argentina",1906-09-06,Paris,Francia,Argentina; Francia,1987-12-02,Buenos Aires,Argentina,64,,0,1,1,luis-f-leloir,luis-f-leloir,Q233985,https://prizeatlas.org/es/nobel-prize/quimica/1970/luis-f-leloir/,https://prizeatlas.org/nobel-prize/chemistry/1970/luis-f-leloir/,for his discovery of sugar nucleotides and their role in the biosynthesis of carbohydrates,Luis F. Leloir,index,Química,Premio Nobel 1970 1/1,1,0,1,1,"Paris, Francia",Instituto Leloir,"Premio Nobel de Química, 1970",https://www.wikidata.org/wiki/Q233985,1,leloir-institute,,2026-09-30,1906,nobel-000402,Male,Individual,Q6520936,I2801749607,A5109570430,,0431v7h69,Luis F. Leloir,Leloir Institute,Institute for Biochemical Research,Q7191,True
Chemistry,Química,quimica,1971,Gerhard Herzberg,A5049036967,,Q76602,04mte1k06,"for his contributions to the knowledge of electronic structure and geometry of molecules, particularly free radicals",1/1,1.0,National Research Council of Canada,,"Ottawa, Canadá",1904-12-25,Hamburg,Alemania,Canadá; Alemania,1999-03-03,Ottawa,Canadá,67,,0,1,1,gerhard-herzberg,gerhard-herzberg,Q76602,https://prizeatlas.org/es/nobel-prize/quimica/1971/gerhard-herzberg/,https://prizeatlas.org/nobel-prize/chemistry/1971/gerhard-herzberg/,"for his contributions to the knowledge of electronic structure and geometry of molecules, particularly free radicals",Gerhard Herzberg,index,Química,Premio Nobel 1971 1/1,1,0,1,1,"Hamburg, Alemania",National Research Council of Canada,"Premio Nobel de Química, 1971",https://www.wikidata.org/wiki/Q76602,1,national-research-council-of-canada,,2026-09-30,1904,nobel-000411,Male,Individual,Q1437507,I4210159778,A5049036967,,04mte1k06,Gerhard Herzberg,National Research Council of Canada,,Q7191,True
Chemistry,Química,quimica,1972,Christian B. Anfinsen,A5111464295,,Q102278,01cwqze88,"for his work on ribonuclease, especially concerning the connection between the amino acid sequence and the biologically active conformation",1/2,0.5,National Institutes of Health,,"Bethesda, Estados Unidos",1916-03-26,"Monessen, PA",Estados Unidos,Estados Unidos,1995-05-14,"Randallstown, MD",Estados Unidos,56,Stanford Moore; William H. Stein,2,1,1,christian-b-anfinsen,christian-b-anfinsen,Q102278,https://prizeatlas.org/es/nobel-prize/quimica/1972/christian-b-anfinsen/,https://prizeatlas.org/nobel-prize/chemistry/1972/christian-b-anfinsen/,"for his work on ribonuclease, especially concerning the connection between the amino acid sequence and the biologically active conformation",Christian B. Anfinsen,index,Química,Premio Nobel 1972 1/2,1,0,1,1,"Monessen, PA, Estados Unidos",National Institutes of Health,"Premio Nobel de Química, 1972",https://www.wikidata.org/wiki/Q102278,1,national-institutes-of-health,stanford-moore; william-h-stein,2026-09-30,1916,nobel-000417,Male,Individual,Q390551,I1299303238,A5111464295,,01cwqze88,Christian B. Anfinsen,National Institutes of Health,,Q7191,True
Chemistry,Química,quimica,1972,Stanford Moore,A5023645345,,Q110952,0420db125,for their contribution to the understanding of the connection between chemical structure and catalytic activity of the active centre of the ribonuclease molecule,1/4,0.25,Universidad Rockefeller,,"New York, Estados Unidos",1913-09-04,"Chicago, IL",Estados Unidos,Estados Unidos,1982-08-23,"New York, NY",Estados Unidos,59,Christian B. Anfinsen; William H. Stein,2,2,2,stanford-moore,stanford-moore,Q110952,https://prizeatlas.org/es/nobel-prize/quimica/1972/stanford-moore/,https://prizeatlas.org/nobel-prize/chemistry/1972/stanford-moore/,for their contribution to the understanding of the connection between chemical structure and catalytic activity of the active centre of the ribonuclease molecule,Stanford Moore,index,Química,Premio Nobel 1972 1/4,1,0,1,1,"Chicago, IL, Estados Unidos",Universidad Rockefeller,"Premio Nobel de Química, 1972",https://www.wikidata.org/wiki/Q110952,1,rockefeller-university,christian-b-anfinsen; william-h-stein,2026-09-30,1913,nobel-000418,Male,Individual,Q270272,I83399316,A5023645345,,0420db125,Stanford Moore,Rockefeller University,,Q7191,True
Chemistry,Química,quimica,1972,William H. Stein,A5016638160,,Q156492,0420db125,for their contribution to the understanding of the connection between chemical structure and catalytic activity of the active centre of the ribonuclease molecule,1/4,0.25,Universidad Rockefeller,,"New York, Estados Unidos",1911-06-25,"New York, NY",Estados Unidos,Estados Unidos,1980-02-02,"New York, NY",Estados Unidos,61,Christian B. Anfinsen; Stanford Moore,2,2,2,william-h-stein,william-h-stein,Q156492,https://prizeatlas.org/es/nobel-prize/quimica/1972/william-h-stein/,https://prizeatlas.org/nobel-prize/chemistry/1972/william-h-stein/,for their contribution to the understanding of the connection between chemical structure and catalytic activity of the active centre of the ribonuclease molecule,William H. Stein,index,Química,Premio Nobel 1972 1/4,1,0,1,1,"New York, NY, Estados Unidos",Universidad Rockefeller,"Premio Nobel de Química, 1972",https://www.wikidata.org/wiki/Q156492,1,rockefeller-university,christian-b-anfinsen; stanford-moore,2026-09-30,1911,nobel-000419,Male,Individual,Q270272,I83399316,A5016638160,,0420db125,William H. Stein,Rockefeller University,,Q7191,True
Chemistry,Química,quimica,1973,Ernst Otto Fischer,A5112083926,,Q44594,02kkvpp62,"for their pioneering work, performed independently, on the chemistry of the organometallic, so called sandwich compounds",1/2,0.5,Universidad Técnica de Múnich,,"Munich, Alemania",1918-11-10,Munich,Alemania,Alemania,2007-07-23,Munich,Alemania,55,Geoffrey Wilkinson,1,1,2,ernst-otto-fischer,ernst-otto-fischer,Q44594,https://prizeatlas.org/es/nobel-prize/quimica/1973/ernst-otto-fischer/,https://prizeatlas.org/nobel-prize/chemistry/1973/ernst-otto-fischer/,"for their pioneering work, performed independently, on the chemistry of the organometallic, so called sandwich compounds",Ernst Otto Fischer,index,Química,Premio Nobel 1973 1/2,1,0,1,1,"Munich, Alemania",Universidad Técnica de Múnich,"Premio Nobel de Química, 1973",https://www.wikidata.org/wiki/Q44594,1,technical-university-of-munich,geoffrey-wilkinson,2026-09-30,1918,nobel-000428,Male,Individual,Q157808,I62916508,A5112083926,,02kkvpp62,Ernst Otto Fischer,Technical University of Munich,,Q7191,True
Chemistry,Química,quimica,1973,Geoffrey Wilkinson,A5107195870,,Q274128,041kmwe10,"for their pioneering work, performed independently, on the chemistry of the organometallic, so called sandwich compounds",1/2,0.5,Escuela Imperial de Londres,,"London, Reino Unido",1921-07-14,Todmorden,Reino Unido,Reino Unido,1996-09-26,London,Reino Unido,52,Ernst Otto Fischer,1,1,2,geoffrey-wilkinson,geoffrey-wilkinson,Q274128,https://prizeatlas.org/es/nobel-prize/quimica/1973/geoffrey-wilkinson/,https://prizeatlas.org/nobel-prize/chemistry/1973/geoffrey-wilkinson/,"for their pioneering work, performed independently, on the chemistry of the organometallic, so called sandwich compounds",Geoffrey Wilkinson,index,Química,Premio Nobel 1973 1/2,1,0,1,1,"Todmorden, Reino Unido",Escuela Imperial de Londres,"Premio Nobel de Química, 1973",https://www.wikidata.org/wiki/Q274128,1,imperial-college-london,ernst-otto-fischer,2026-09-30,1921,nobel-000429,Male,Individual,Q189022,I47508984,A5107195870,,041kmwe10,Geoffrey Wilkinson,Imperial College London,,Q7191,True
Chemistry,Química,quimica,1974,Paul J. Flory,A5058114693,,Q176351,00f54p054,"for his fundamental achievements, both theoretical and experimental, in the physical chemistry of the macromolecules",1/1,1.0,Universidad Stanford,,"Stanford, Estados Unidos",1910-06-19,"Sterling, IL",Estados Unidos,Estados Unidos,1985-09-08,"Big Sur, CA",Estados Unidos,64,,0,1,1,paul-j-flory,paul-j-flory,Q176351,https://prizeatlas.org/es/nobel-prize/quimica/1974/paul-j-flory/,https://prizeatlas.org/nobel-prize/chemistry/1974/paul-j-flory/,"for his fundamental achievements, both theoretical and experimental, in the physical chemistry of the macromolecules",Paul J. Flory,index,Química,Premio Nobel 1974 1/1,1,0,1,1,"Sterling, IL, Estados Unidos",Universidad Stanford,"Premio Nobel de Química, 1974",https://www.wikidata.org/wiki/Q176351,1,stanford-university,,2026-09-30,1910,nobel-000440,Male,Individual,Q41506,I97018004,A5058114693,,00f54p054,Paul J. Flory,Stanford University,,Q7191,True
Chemistry,Química,quimica,1975,John Warcup Cornforth,A5079161700,,Q135154,00ayhx656,for his work on the stereochemistry of enzyme-catalyzed reactions,1/2,0.5,Universidad de Sussex,,"Brighton, Reino Unido",1917-09-07,Sydney,Australia,Australia,2013-12-08,,,58,Vladimir Prelog,1,1,1,john-warcup-cornforth,john-warcup-cornforth,Q135154,https://prizeatlas.org/es/nobel-prize/quimica/1975/john-warcup-cornforth/,https://prizeatlas.org/nobel-prize/chemistry/1975/john-warcup-cornforth/,for his work on the stereochemistry of enzyme-catalyzed reactions,John Warcup Cornforth,index,Química,Premio Nobel 1975 1/2,1,0,1,1,"Sydney, Australia",Universidad de Sussex,"Premio Nobel de Química, 1975",https://www.wikidata.org/wiki/Q135154,1,university-of-sussex,vladimir-prelog,2026-09-30,1917,nobel-000452,Male,Individual,Q1161297,I162608824,A5079161700,,00ayhx656,John Warcup Cornforth,University of Sussex,,Q7191,True
Chemistry,Química,quimica,1975,Vladimir Prelog,A5059650171,,Q83501,05a28rw58,for his research into the stereochemistry of organic molecules and reactions,1/2,0.5,Escuela Politécnica Federal de Zúrich,,"Zurich, Suiza",1906-07-23,Sarajevo,Bosnia y Herzegovina,Bosnia y Herzegovina; Suiza,1998-01-07,Zurich,Suiza,69,John Warcup Cornforth,1,2,1,vladimir-prelog,vladimir-prelog,Q83501,https://prizeatlas.org/es/nobel-prize/quimica/1975/vladimir-prelog/,https://prizeatlas.org/nobel-prize/chemistry/1975/vladimir-prelog/,for his research into the stereochemistry of organic molecules and reactions,Vladimir Prelog,index,Química,Premio Nobel 1975 1/2,1,0,1,1,"Sarajevo, Bosnia y Herzegovina",Escuela Politécnica Federal de Zúrich,"Premio Nobel de Química, 1975",https://www.wikidata.org/wiki/Q83501,1,eth-zurich,john-warcup-cornforth,2026-09-30,1906,nobel-000453,Male,Individual,Q11942,I35440088,A5059650171,,05a28rw58,Vladimir Prelog,ETH Zurich,,Q7191,True
Chemistry,Química,quimica,1976,William N. Lipscomb,A5110136758,,Q110935,03vek6s52,for his studies on the structure of boranes illuminating problems of chemical bonding,1/1,1.0,Universidad Harvard,,"Cambridge, Estados Unidos",1919-12-09,"Cleveland, OH",Estados Unidos,Estados Unidos,2011-04-14,"Cambridge, MA",Estados Unidos,57,,0,1,1,william-n-lipscomb,william-n-lipscomb,Q110935,https://prizeatlas.org/es/nobel-prize/quimica/1976/william-n-lipscomb/,https://prizeatlas.org/nobel-prize/chemistry/1976/william-n-lipscomb/,for his studies on the structure of boranes illuminating problems of chemical bonding,William N. Lipscomb,index,Química,Premio Nobel 1976 1/1,1,0,1,1,"Cleveland, OH, Estados Unidos",Universidad Harvard,"Premio Nobel de Química, 1976",https://www.wikidata.org/wiki/Q110935,1,harvard-university,,2026-09-30,1919,nobel-000464,Male,Individual,Q13371,I136199984,A5110136758,,03vek6s52,William N. Lipscomb,Harvard University,,Q7191,True
Chemistry,Química,quimica,1977,Ilya Prigogine,A5034255098,,Q183509,01r9htc13,"for his contributions to non-equilibrium thermodynamics, particularly the theory of dissipative structures",1/1,1.0,Universidad libre de Bruselas,,"Brussels, Bélgica",1917-01-25,Moscow,Rusia,Bélgica; Rusia,2003-05-28,Brussels,Bélgica,60,,0,1,1,ilya-prigogine,ilya-prigogine,Q183509,https://prizeatlas.org/es/nobel-prize/quimica/1977/ilya-prigogine/,https://prizeatlas.org/nobel-prize/chemistry/1977/ilya-prigogine/,"for his contributions to non-equilibrium thermodynamics, particularly the theory of dissipative structures",Ilya Prigogine,index,Química,Premio Nobel 1977 1/1,1,0,1,1,"Moscow, Rusia",Universidad libre de Bruselas,"Premio Nobel de Química, 1977",https://www.wikidata.org/wiki/Q183509,1,universite-libre-de-bruxelles,,2026-09-30,1917,nobel-000473,Male,Individual,Q574606,I132053463,A5034255098,,01r9htc13,Ilya Prigogine,Université libre de Bruxelles,,Q7191,True
Chemistry,Química,quimica,1978,Peter D. Mitchell,A5020193109,,Q207992,,for his contribution to the understanding of biological energy transfer through the formulation of the chemiosmotic theory,1/1,1.0,Glynn Research Laboratories,,"Bodmin, Reino Unido",1920-09-29,Mitcham,Reino Unido,Reino Unido,1992-04-10,Bodmin,Reino Unido,58,,0,1,1,peter-d-mitchell,peter-d-mitchell,Q207992,https://prizeatlas.org/es/nobel-prize/quimica/1978/peter-d-mitchell/,https://prizeatlas.org/nobel-prize/chemistry/1978/peter-d-mitchell/,for his contribution to the understanding of biological energy transfer through the formulation of the chemiosmotic theory,Peter D. Mitchell,index,Química,Premio Nobel 1978 1/1,1,0,1,0,"Mitcham, Reino Unido",Glynn Research Laboratories,"Premio Nobel de Química, 1978",https://www.wikidata.org/wiki/Q207992,1,glynn-research-laboratories,,2026-09-30,1920,nobel-000484,Male,Individual,Q126938536,,A5020193109,,,Peter D. Mitchell,Glynn Research Laboratories,,Q7191,True
Chemistry,Química,quimica,1979,Georg Wittig,A5086359715,,Q77171,038t36y30,"for their development of the use of boron- and phosphorus-containing compounds, respectively, into important reagents in organic synthesis",1/2,0.5,Universidad de Heidelberg,,"Heidelberg, Alemania",1897-06-16,Berlin,Alemania,Alemania,1987-08-26,Heidelberg,Alemania,82,Herbert C. Brown,1,1,2,georg-wittig,georg-wittig,Q77171,https://prizeatlas.org/es/nobel-prize/quimica/1979/georg-wittig/,https://prizeatlas.org/nobel-prize/chemistry/1979/georg-wittig/,"for their development of the use of boron- and phosphorus-containing compounds, respectively, into important reagents in organic synthesis",Georg Wittig,index,Química,Premio Nobel 1979 1/2,1,0,1,1,"Berlin, Alemania",Universidad de Heidelberg,"Premio Nobel de Química, 1979",https://www.wikidata.org/wiki/Q77171,1,university-of-heidelberg,herbert-c-brown,2026-09-30,1897,nobel-000496,Male,Individual,Q151510,I223822909,A5086359715,,038t36y30,Georg Wittig,University of Heidelberg,,Q7191,True
Chemistry,Química,quimica,1979,Herbert C. Brown,A5113728728,,Q102406,02dqehb95,"for their development of the use of boron- and phosphorus-containing compounds, respectively, into important reagents in organic synthesis",1/2,0.5,Universidad Purdue,,"West Lafayette, Estados Unidos",1912-05-22,London,Reino Unido,Reino Unido; Estados Unidos,2004-12-19,"Lafayette, IN",Estados Unidos,67,Georg Wittig,1,1,2,herbert-c-brown,herbert-c-brown,Q102406,https://prizeatlas.org/es/nobel-prize/quimica/1979/herbert-c-brown/,https://prizeatlas.org/nobel-prize/chemistry/1979/herbert-c-brown/,"for their development of the use of boron- and phosphorus-containing compounds, respectively, into important reagents in organic synthesis",Herbert C. Brown,index,Química,Premio Nobel 1979 1/2,1,0,1,1,"London, Reino Unido",Universidad Purdue,"Premio Nobel de Química, 1979",https://www.wikidata.org/wiki/Q102406,1,purdue-university,georg-wittig,2026-09-30,1912,nobel-000495,Male,Individual,Q217741,I219193219,A5113728728,,02dqehb95,Herbert C. Brown,Purdue University,,Q7191,True
Chemistry,Química,quimica,1980,Frederick Sanger,A5114007683,,Q151564,00tw3jy02,for their contributions concerning the determination of base sequences in nucleic acids,1/4,0.25,MRC Laboratory of Molecular Biology,,"Cambridge, Reino Unido",1918-08-13,Rendcombe,Reino Unido,Reino Unido,2013-11-19,Cambridge,Reino Unido,62,Paul Berg; Walter Gilbert,2,1,2,frederick-sanger,frederick-sanger,Q151564,https://prizeatlas.org/es/nobel-prize/quimica/1980/frederick-sanger/,https://prizeatlas.org/nobel-prize/chemistry/1980/frederick-sanger/,for their contributions concerning the determination of base sequences in nucleic acids,Frederick Sanger,index,Química,Premio Nobel 1980 1/4,1,0,1,1,"Rendcombe, Reino Unido",MRC Laboratory of Molecular Biology,"Premio Nobel de Química, 1980",https://www.wikidata.org/wiki/Q151564,1,mrc-laboratory-of-molecular-biology,paul-berg; walter-gilbert,2026-09-30,1918,nobel-000506,Male,Individual,Q185800,I170203145,A5114007683,,00tw3jy02,Frederick Sanger,MRC Laboratory of Molecular Biology,,Q7191,True
Chemistry,Química,quimica,1980,Walter Gilbert,A5111554935,,Q217486,03vek6s52,for their contributions concerning the determination of base sequences in nucleic acids,1/4,0.25,Universidad Harvard,Biological Laboratories,"Cambridge, Estados Unidos",1932-03-21,"Boston, MA",Estados Unidos,Estados Unidos,,,,48,Frederick Sanger; Paul Berg,2,1,2,walter-gilbert,walter-gilbert,Q217486,https://prizeatlas.org/es/nobel-prize/quimica/1980/walter-gilbert/,https://prizeatlas.org/nobel-prize/chemistry/1980/walter-gilbert/,for their contributions concerning the determination of base sequences in nucleic acids,Walter Gilbert,index,Química,Premio Nobel 1980 1/4,1,0,1,1,"Boston, MA, Estados Unidos",Universidad Harvard,"Premio Nobel de Química, 1980",https://www.wikidata.org/wiki/Q217486,1,harvard-university,frederick-sanger; paul-berg,2026-09-30,1932,nobel-000508,Male,Individual,Q13371,I136199984,A5111554935,,03vek6s52,Walter Gilbert,Harvard University,Biological Laboratories,Q7191,True
Chemistry,Química,quimica,1980,Paul Berg,A5110714596,,Q102379,00f54p054,"for his fundamental studies of the biochemistry of nucleic acids, with particular regard to recombinant-DNA",1/2,0.5,Universidad Stanford,,"Stanford, Estados Unidos",1926-06-30,"New York, NY",Estados Unidos,Estados Unidos,2023-02-15,"Stanford, CA",Estados Unidos,54,Frederick Sanger; Walter Gilbert,2,2,1,paul-berg,paul-berg,Q102379,https://prizeatlas.org/es/nobel-prize/quimica/1980/paul-berg/,https://prizeatlas.org/nobel-prize/chemistry/1980/paul-berg/,"for his fundamental studies of the biochemistry of nucleic acids, with particular regard to recombinant-DNA",Paul Berg,index,Química,Premio Nobel 1980 1/2,1,0,1,1,"New York, NY, Estados Unidos",Universidad Stanford,"Premio Nobel de Química, 1980",https://www.wikidata.org/wiki/Q102379,1,stanford-university,frederick-sanger; walter-gilbert,2026-09-30,1926,nobel-000507,Male,Individual,Q41506,I97018004,A5110714596,,00f54p054,Paul Berg,Stanford University,,Q7191,True
Chemistry,Química,quimica,1981,Kenichi Fukui,A5103182830,0000-0001-8780-5853,Q217734,02kpeqv85,"for their theories, developed independently, concerning the course of chemical reactions",1/2,0.5,Universidad de Kioto,,"Kyoto, Japón",1918-10-04,Nara,Japón,Japón,1998-01-09,Kyoto,Japón,63,Roald Hoffmann,1,1,2,kenichi-fukui,kenichi-fukui,Q217734,https://prizeatlas.org/es/nobel-prize/quimica/1981/kenichi-fukui/,https://prizeatlas.org/nobel-prize/chemistry/1981/kenichi-fukui/,"for their theories, developed independently, concerning the course of chemical reactions",Kenichi Fukui,index,Química,Premio Nobel 1981 1/2,1,1,1,1,"Nara, Japón",Universidad de Kioto,"Premio Nobel de Química, 1981",https://www.wikidata.org/wiki/Q217734,1,kyoto-university,roald-hoffmann,2026-09-30,1918,nobel-000517,Male,Individual,Q336264,I22299242,A5103182830,0000-0001-8780-5853,02kpeqv85,Kenichi Fukui,Kyoto University,,Q7191,True
Chemistry,Química,quimica,1981,Roald Hoffmann,A5137646326,0000-0001-5369-6046,Q273279,05bnh6r87,"for their theories, developed independently, concerning the course of chemical reactions",1/2,0.5,Universidad Cornell,,"Ithaca, Estados Unidos",1937-07-18,Zloczov,Ucrania,Polonia; Estados Unidos,,,,44,Kenichi Fukui,1,1,2,roald-hoffmann,roald-hoffmann,Q273279,https://prizeatlas.org/es/nobel-prize/quimica/1981/roald-hoffmann/,https://prizeatlas.org/nobel-prize/chemistry/1981/roald-hoffmann/,"for their theories, developed independently, concerning the course of chemical reactions",Roald Hoffmann,index,Química,Premio Nobel 1981 1/2,1,1,1,1,"Zloczov, Ucrania",Universidad Cornell,"Premio Nobel de Química, 1981",https://www.wikidata.org/wiki/Q273279,1,cornell-university,kenichi-fukui,2026-09-30,1937,nobel-000518,Male,Individual,Q49115,I205783295,A5137646326,0000-0001-5369-6046,05bnh6r87,Roald Hoffmann,Cornell University,,Q7191,True
Chemistry,Química,quimica,1982,Aaron Klug,A5106084352,,Q190626,00tw3jy02,for his development of crystallographic electron microscopy and his structural elucidation of biologically important nucleic acid-protein complexes,1/1,1.0,MRC Laboratory of Molecular Biology,,"Cambridge, Reino Unido",1926-08-11,Zelvas,Lituania,Reino Unido,2018-11-20,,,56,,0,1,1,aaron-klug,aaron-klug,Q190626,https://prizeatlas.org/es/nobel-prize/quimica/1982/aaron-klug/,https://prizeatlas.org/nobel-prize/chemistry/1982/aaron-klug/,for his development of crystallographic electron microscopy and his structural elucidation of biologically important nucleic acid-protein complexes,Aaron Klug,index,Química,Premio Nobel 1982 1/1,1,0,1,1,"Zelvas, Lituania",MRC Laboratory of Molecular Biology,"Premio Nobel de Química, 1982",https://www.wikidata.org/wiki/Q190626,1,mrc-laboratory-of-molecular-biology,,2026-09-30,1926,nobel-000528,Male,Individual,Q185800,I170203145,A5106084352,,00tw3jy02,Aaron Klug,MRC Laboratory of Molecular Biology,,Q7191,True
Chemistry,Química,quimica,1983,Henry Taube,A5090797597,,Q235983,00f54p054,"for his work on the mechanisms of electron transfer reactions, especially in metal complexes",1/1,1.0,Universidad Stanford,,"Stanford, Estados Unidos",1915-11-30,Neudorf,Canadá,Estados Unidos,2005-11-16,"Stanford, CA",Estados Unidos,68,,0,1,1,henry-taube,henry-taube,Q235983,https://prizeatlas.org/es/nobel-prize/quimica/1983/henry-taube/,https://prizeatlas.org/nobel-prize/chemistry/1983/henry-taube/,"for his work on the mechanisms of electron transfer reactions, especially in metal complexes",Henry Taube,index,Química,Premio Nobel 1983 1/1,1,0,1,1,"Neudorf, Canadá",Universidad Stanford,"Premio Nobel de Química, 1983",https://www.wikidata.org/wiki/Q235983,1,stanford-university,,2026-09-30,1915,nobel-000537,Male,Individual,Q41506,I97018004,A5090797597,,00f54p054,Henry Taube,Stanford University,,Q7191,True
Chemistry,Química,quimica,1984,Robert Bruce Merrifield,A5104652915,,Q224153,0420db125,for his development of methodology for chemical synthesis on a solid matrix,1/1,1.0,Universidad Rockefeller,,"New York, Estados Unidos",1921-07-15,"Fort Worth, TX",Estados Unidos,Estados Unidos,2006-05-14,"Cresskill, NJ",Estados Unidos,63,,0,1,1,robert-bruce-merrifield,robert-bruce-merrifield,Q224153,https://prizeatlas.org/es/nobel-prize/quimica/1984/robert-bruce-merrifield/,https://prizeatlas.org/nobel-prize/chemistry/1984/robert-bruce-merrifield/,for his development of methodology for chemical synthesis on a solid matrix,Robert Bruce Merrifield,index,Química,Premio Nobel 1984 1/1,1,0,1,1,"Fort Worth, TX, Estados Unidos",Universidad Rockefeller,"Premio Nobel de Química, 1984",https://www.wikidata.org/wiki/Q224153,1,rockefeller-university,,2026-09-30,1921,nobel-000544,Male,Individual,Q270272,I83399316,A5104652915,,0420db125,Robert Bruce Merrifield,Rockefeller University,,Q7191,True
Chemistry,Química,quimica,1985,Herbert A. Hauptman,A5084474101,,Q107422,02e1cpg76,for their outstanding achievements in the development of direct methods for the determination of crystal structures,1/2,0.5,Hauptman-Woodward Medical Research Institute,The Medical Foundation of Buffalo,"Buffalo, Estados Unidos",1917-02-14,"New York, NY",Estados Unidos,Estados Unidos,2011-10-23,"Buffalo, NY",Estados Unidos,68,Jerome Karle,1,1,2,herbert-a-hauptman,herbert-a-hauptman,Q107422,https://prizeatlas.org/es/nobel-prize/quimica/1985/herbert-a-hauptman/,https://prizeatlas.org/nobel-prize/chemistry/1985/herbert-a-hauptman/,for their outstanding achievements in the development of direct methods for the determination of crystal structures,Herbert A. Hauptman,index,Química,Premio Nobel 1985 1/2,1,0,1,1,"New York, NY, Estados Unidos",Hauptman-Woodward Medical Research Institute,"Premio Nobel de Química, 1985",https://www.wikidata.org/wiki/Q107422,1,hauptman-woodward-medical-research-institute,jerome-karle,2026-09-30,1917,nobel-000553,Male,Individual,Q5682765,I1287610024,A5084474101,,02e1cpg76,Herbert A. Hauptman,Hauptman-Woodward Medical Research Institute,The Medical Foundation of Buffalo,Q7191,True
Chemistry,Química,quimica,1985,Jerome Karle,A5112270334,,Q106733,,for their outstanding achievements in the development of direct methods for the determination of crystal structures,1/2,0.5,Laboratorio de Investigación Naval de los Estados Unidos,,"Washington, Estados Unidos",1918-06-18,"New York, NY",Estados Unidos,Estados Unidos,2013-06-06,"Annandale, VA",Estados Unidos,67,Herbert A. Hauptman,1,1,2,jerome-karle,jerome-karle,Q106733,https://prizeatlas.org/es/nobel-prize/quimica/1985/jerome-karle/,https://prizeatlas.org/nobel-prize/chemistry/1985/jerome-karle/,for their outstanding achievements in the development of direct methods for the determination of crystal structures,Jerome Karle,index,Química,Premio Nobel 1985 1/2,1,0,1,0,"New York, NY, Estados Unidos",Laboratorio de Investigación Naval de los Estados Unidos,"Premio Nobel de Química, 1985",https://www.wikidata.org/wiki/Q106733,1,us-naval-research-laboratory,herbert-a-hauptman,2026-09-30,1918,nobel-000554,Male,Individual,Q1499258,,A5112270334,,,Jerome Karle,US Naval Research Laboratory,,Q7191,True
Chemistry,Química,quimica,1986,Dudley R. Herschbach,A5000346379,0000-0003-3225-0648,Q243196,03vek6s52,for their contributions concerning the dynamics of chemical elementary processes,1/3,0.3333333333333333,Universidad Harvard,,"Cambridge, Estados Unidos",1932-06-18,"San José, CA",Estados Unidos,Estados Unidos,,,,54,Yuan T. Lee; John C. Polanyi,2,1,3,dudley-r-herschbach,dudley-r-herschbach,Q243196,https://prizeatlas.org/es/nobel-prize/quimica/1986/dudley-r-herschbach/,https://prizeatlas.org/nobel-prize/chemistry/1986/dudley-r-herschbach/,for their contributions concerning the dynamics of chemical elementary processes,Dudley R. Herschbach,index,Química,Premio Nobel 1986 1/3,1,1,1,1,"San José, CA, Estados Unidos",Universidad Harvard,"Premio Nobel de Química, 1986",https://www.wikidata.org/wiki/Q243196,1,harvard-university,yuan-t-lee; john-c-polanyi,2026-09-30,1932,nobel-000561,Male,Individual,Q13371,I136199984,A5000346379,0000-0003-3225-0648,03vek6s52,Dudley R. Herschbach,Harvard University,,Q7191,True
Chemistry,Química,quimica,1986,John C. Polanyi,A5027531932,0000-0002-4401-7758,Q237825,03dbr7087,for their contributions concerning the dynamics of chemical elementary processes,1/3,0.3333333333333333,Universidad de Toronto,,"Toronto, Canadá",1929-01-23,Berlin,Alemania,Canadá; Alemania,,,,57,Dudley R. Herschbach; Yuan T. Lee,2,1,3,john-c-polanyi,john-c-polanyi,Q237825,https://prizeatlas.org/es/nobel-prize/quimica/1986/john-c-polanyi/,https://prizeatlas.org/nobel-prize/chemistry/1986/john-c-polanyi/,for their contributions concerning the dynamics of chemical elementary processes,John C. Polanyi,index,Química,Premio Nobel 1986 1/3,1,1,1,1,"Berlin, Alemania",Universidad de Toronto,"Premio Nobel de Química, 1986",https://www.wikidata.org/wiki/Q237825,1,university-of-toronto,dudley-r-herschbach; yuan-t-lee,2026-09-30,1929,nobel-000563,Male,Individual,Q180865,I185261750,A5027531932,0000-0002-4401-7758,03dbr7087,John C. Polanyi,University of Toronto,,Q7191,True
Chemistry,Química,quimica,1986,Yuan T. Lee,A5089443280,,Q243190,00pjdza24,for their contributions concerning the dynamics of chemical elementary processes,1/3,0.3333333333333333,Universidad de California,"University of California, Berkeley","Berkeley, Estados Unidos",1936-11-19,Hsinchu,Taiwán,Taiwán; Estados Unidos; Japón,,,,50,Dudley R. Herschbach; John C. Polanyi,2,1,3,yuan-t-lee,yuan-t-lee,Q243190,https://prizeatlas.org/es/nobel-prize/quimica/1986/yuan-t-lee/,https://prizeatlas.org/nobel-prize/chemistry/1986/yuan-t-lee/,for their contributions concerning the dynamics of chemical elementary processes,Yuan T. Lee,index,Química,Premio Nobel 1986 1/3,1,0,1,1,"Hsinchu, Taiwán",Universidad de California,"Premio Nobel de Química, 1986",https://www.wikidata.org/wiki/Q243190,1,university-of-california,dudley-r-herschbach; john-c-polanyi,2026-09-30,1936,nobel-000562,Male,Individual,Q184478,I2803209242,A5089443280,,00pjdza24,Yuan T. Lee,University of California,"University of California, Berkeley",Q7191,True
Chemistry,Química,quimica,1987,Charles J. Pedersen,A5063677220,,Q244998,03g3m1w62,for their development and use of molecules with structure-specific interactions of high selectivity,1/3,0.3333333333333333,DuPont Corporation,,"Wilmington, Estados Unidos",1904-10-03,Pusan,Corea del Sur,Estados Unidos; Japón,1989-10-26,"Salem, NJ",Estados Unidos,83,Donald J. Cram; Jean-Marie Lehn,2,1,3,charles-j-pedersen,charles-j-pedersen,Q244998,https://prizeatlas.org/es/nobel-prize/quimica/1987/charles-j-pedersen/,https://prizeatlas.org/nobel-prize/chemistry/1987/charles-j-pedersen/,for their development and use of molecules with structure-specific interactions of high selectivity,Charles J. Pedersen,index,Química,Premio Nobel 1987 1/3,1,0,1,1,"Pusan, Corea del Sur",DuPont Corporation,"Premio Nobel de Química, 1987",https://www.wikidata.org/wiki/Q244998,1,du-pont,donald-j-cram; jean-marie-lehn,2026-09-30,1904,nobel-000574,Male,Individual,Q221062,I1316910977,A5063677220,,03g3m1w62,Charles J. Pedersen,Du Pont,,Q7191,True
Chemistry,Química,quimica,1987,Donald J. Cram,A5113579649,,Q135151,00pjdza24,for their development and use of molecules with structure-specific interactions of high selectivity,1/3,0.3333333333333333,Universidad de California,"University of California, Los Angeles","Los Angeles, Estados Unidos",1919-04-22,"Chester, VT",Estados Unidos,Estados Unidos,2001-06-17,"Palm Desert, CA",Estados Unidos,68,Jean-Marie Lehn; Charles J. Pedersen,2,1,3,donald-j-cram,donald-j-cram,Q135151,https://prizeatlas.org/es/nobel-prize/quimica/1987/donald-j-cram/,https://prizeatlas.org/nobel-prize/chemistry/1987/donald-j-cram/,for their development and use of molecules with structure-specific interactions of high selectivity,Donald J. Cram,index,Química,Premio Nobel 1987 1/3,1,0,1,1,"Chester, VT, Estados Unidos",Universidad de California,"Premio Nobel de Química, 1987",https://www.wikidata.org/wiki/Q135151,1,university-of-california,jean-marie-lehn; charles-j-pedersen,2026-09-30,1919,nobel-000572,Male,Individual,Q184478,I2803209242,A5113579649,,00pjdza24,Donald J. Cram,University of California,"University of California, Los Angeles",Q7191,True
Chemistry,Química,quimica,1987,Jean-Marie Lehn,A5136384454,0000-0001-8981-4593,Q107690,00pg6eq24,for their development and use of molecules with structure-specific interactions of high selectivity,1/3,0.3333333333333333,Universidad de Estrasburgo,,"Strasbourg, Francia",1939-09-30,Rosheim,Francia,Francia,,,,48,Donald J. Cram; Charles J. Pedersen,2,1,3,jean-marie-lehn,jean-marie-lehn,Q107690,https://prizeatlas.org/es/nobel-prize/quimica/1987/jean-marie-lehn/,https://prizeatlas.org/nobel-prize/chemistry/1987/jean-marie-lehn/,for their development and use of molecules with structure-specific interactions of high selectivity,Jean-Marie Lehn,index,Química,Premio Nobel 1987 1/3,1,1,1,1,"Rosheim, Francia",Universidad de Estrasburgo,"Premio Nobel de Química, 1987",https://www.wikidata.org/wiki/Q107690,1,university-of-strasbourg,donald-j-cram; charles-j-pedersen,2026-09-30,1939,nobel-000573,Male,Individual,Q157575,I68947357,A5136384454,0000-0001-8981-4593,00pg6eq24,Jean-Marie Lehn,University of Strasbourg,,Q7191,True
Chemistry,Química,quimica,1988,Hartmut Michel,A5065696174,0000-0003-4351-7846,Q77086,01hhn8329,for the determination of the three-dimensional structure of a photosynthetic reaction centre,1/3,0.3333333333333333,Sociedad Max Planck,Max Planck Institute of Biophysics,"Frankfurt am Main, Alemania",1948-07-18,Ludwigsburg,Alemania,Alemania,,,,40,Johann Deisenhofer; Robert Huber,2,1,3,hartmut-michel,hartmut-michel,Q77086,https://prizeatlas.org/es/nobel-prize/quimica/1988/hartmut-michel/,https://prizeatlas.org/nobel-prize/chemistry/1988/hartmut-michel/,for the determination of the three-dimensional structure of a photosynthetic reaction centre,Hartmut Michel,index,Química,Premio Nobel 1988 1/3,1,1,1,1,"Ludwigsburg, Alemania",Sociedad Max Planck,"Premio Nobel de Química, 1988",https://www.wikidata.org/wiki/Q77086,1,max-planck-society,johann-deisenhofer; robert-huber,2026-09-30,1948,nobel-000583,Male,Individual,Q158085,I149899117,A5065696174,0000-0003-4351-7846,01hhn8329,Hartmut Michel,Max Planck Society,Max Planck Institute of Biophysics,Q7191,True
Chemistry,Química,quimica,1988,Johann Deisenhofer,A5033642634,0000-0003-1006-1344,Q76612,05byvp690,for the determination of the three-dimensional structure of a photosynthetic reaction centre,1/3,0.3333333333333333,University of Texas Southwestern Medical Center,,"Dallas, Estados Unidos",1943-09-30,Zusamaltheim,Alemania,Alemania; Estados Unidos,,,,45,Robert Huber; Hartmut Michel,2,1,3,johann-deisenhofer,johann-deisenhofer,Q76612,https://prizeatlas.org/es/nobel-prize/quimica/1988/johann-deisenhofer/,https://prizeatlas.org/nobel-prize/chemistry/1988/johann-deisenhofer/,for the determination of the three-dimensional structure of a photosynthetic reaction centre,Johann Deisenhofer,index,Química,Premio Nobel 1988 1/3,1,1,1,1,"Zusamaltheim, Alemania",University of Texas Southwestern Medical Center,"Premio Nobel de Química, 1988",https://www.wikidata.org/wiki/Q76612,1,university-of-texas-southwestern-medical-center,robert-huber; hartmut-michel,2026-09-30,1943,nobel-000581,Male,Individual,Q2725999,I867280407,A5033642634,0000-0003-1006-1344,05byvp690,Johann Deisenhofer,University of Texas Southwestern Medical Center,,Q7191,True
Chemistry,Química,quimica,1988,Robert Huber,A5101832860,0000-0002-0133-5334,Q76623,01hhn8329,for the determination of the three-dimensional structure of a photosynthetic reaction centre,1/3,0.3333333333333333,Sociedad Max Planck,Max Planck Institute of Biochemistry,"Martinsried, Alemania",1937-02-20,Munich,Alemania,Alemania,,,,51,Johann Deisenhofer; Hartmut Michel,2,1,3,robert-huber,robert-huber,Q76623,https://prizeatlas.org/es/nobel-prize/quimica/1988/robert-huber/,https://prizeatlas.org/nobel-prize/chemistry/1988/robert-huber/,for the determination of the three-dimensional structure of a photosynthetic reaction centre,Robert Huber,index,Química,Premio Nobel 1988 1/3,1,1,1,1,"Munich, Alemania",Sociedad Max Planck,"Premio Nobel de Química, 1988",https://www.wikidata.org/wiki/Q76623,1,max-planck-society,johann-deisenhofer; hartmut-michel,2026-09-30,1937,nobel-000582,Male,Individual,Q158085,I149899117,A5101832860,0000-0002-0133-5334,01hhn8329,Robert Huber,Max Planck Society,Max Planck Institute of Biochemistry,Q7191,True
Chemistry,Química,quimica,1989,Sidney Altman,A5003873129,0000-0001-7287-0337,Q102266,03v76x132,for their discovery of catalytic properties of RNA,1/2,0.5,Universidad Yale,,"New Haven, Estados Unidos",1939-05-07,Montreal,Canadá,Estados Unidos; Canadá,2022-04-05,"Rockleigh, NJ",Estados Unidos,50,Thomas R. Cech,1,1,2,sidney-altman,sidney-altman,Q102266,https://prizeatlas.org/es/nobel-prize/quimica/1989/sidney-altman/,https://prizeatlas.org/nobel-prize/chemistry/1989/sidney-altman/,for their discovery of catalytic properties of RNA,Sidney Altman,index,Química,Premio Nobel 1989 1/2,1,1,1,1,"Montreal, Canadá",Universidad Yale,"Premio Nobel de Química, 1989",https://www.wikidata.org/wiki/Q102266,1,yale-university,thomas-r-cech,2026-09-30,1939,nobel-000593,Male,Individual,Q49112,I32971472,A5003873129,0000-0001-7287-0337,03v76x132,Sidney Altman,Yale University,,Q7191,True
Chemistry,Química,quimica,1989,Thomas R. Cech,A5017573996,0000-0001-7338-3389,Q135180,00jc20583,for their discovery of catalytic properties of RNA,1/2,0.5,Universidad de Colorado,,"Boulder, Estados Unidos",1947-12-08,"Chicago, IL",Estados Unidos,Estados Unidos,,,,42,Sidney Altman,1,1,2,thomas-r-cech,thomas-r-cech,Q135180,https://prizeatlas.org/es/nobel-prize/quimica/1989/thomas-r-cech/,https://prizeatlas.org/nobel-prize/chemistry/1989/thomas-r-cech/,for their discovery of catalytic properties of RNA,Thomas R. Cech,index,Química,Premio Nobel 1989 1/2,1,1,1,1,"Chicago, IL, Estados Unidos",Universidad de Colorado,"Premio Nobel de Química, 1989",https://www.wikidata.org/wiki/Q135180,1,university-of-colorado,sidney-altman,2026-09-30,1947,nobel-000594,Male,Individual,Q1206658,I2802236040,A5017573996,0000-0001-7338-3389,00jc20583,Thomas R. Cech,University of Colorado,,Q7191,True
Chemistry,Química,quimica,1990,Elias James Corey,A5062182194,0000-0002-1196-7896,Q135171,03vek6s52,for his development of the theory and methodology of organic synthesis,1/1,1.0,Universidad Harvard,,"Cambridge, Estados Unidos",1928-07-12,"Methuen, MA",Estados Unidos,Estados Unidos,,,,62,,0,1,1,elias-james-corey,elias-james-corey,Q135171,https://prizeatlas.org/es/nobel-prize/quimica/1990/elias-james-corey/,https://prizeatlas.org/nobel-prize/chemistry/1990/elias-james-corey/,for his development of the theory and methodology of organic synthesis,Elias James Corey,index,Química,Premio Nobel 1990 1/1,1,1,1,1,"Methuen, MA, Estados Unidos",Universidad Harvard,"Premio Nobel de Química, 1990",https://www.wikidata.org/wiki/Q135171,1,harvard-university,,2026-09-30,1928,nobel-000603,Male,Individual,Q13371,I136199984,A5062182194,0000-0002-1196-7896,03vek6s52,Elias James Corey,Harvard University,,Q7191,True
Chemistry,Química,quimica,1991,Richard R. Ernst,A5103547741,,Q122272,05a28rw58,for his contributions to the development of the methodology of high resolution nuclear magnetic resonance (NMR) spectroscopy,1/1,1.0,Escuela Politécnica Federal de Zúrich,,"Zurich, Suiza",1933-08-14,Winterthur,Suiza,Suiza,2021-06-04,Winterthur,Suiza,58,,0,1,1,richard-r-ernst,richard-r-ernst,Q122272,https://prizeatlas.org/es/nobel-prize/quimica/1991/richard-r-ernst/,https://prizeatlas.org/nobel-prize/chemistry/1991/richard-r-ernst/,for his contributions to the development of the methodology of high resolution nuclear magnetic resonance (NMR) spectroscopy,Richard R. Ernst,index,Química,Premio Nobel 1991 1/1,1,0,1,1,"Winterthur, Suiza",Escuela Politécnica Federal de Zúrich,"Premio Nobel de Química, 1991",https://www.wikidata.org/wiki/Q122272,1,eth-zurich,,2026-09-30,1933,nobel-000614,Male,Individual,Q11942,I35440088,A5103547741,,05a28rw58,Richard R. Ernst,ETH Zurich,,Q7191,True
Chemistry,Química,quimica,1992,Rudolph A. Marcus,A5051289041,0000-0001-6547-1469,Q239067,05dxps055,for his contributions to the theory of electron transfer reactions in chemical systems,1/1,1.0,Instituto de Tecnología de California,,"Pasadena, Estados Unidos",1923-07-21,Montreal,Canadá,Canadá; Estados Unidos,,,,69,,0,1,1,rudolph-a-marcus,rudolph-a-marcus,Q239067,https://prizeatlas.org/es/nobel-prize/quimica/1992/rudolph-a-marcus/,https://prizeatlas.org/nobel-prize/chemistry/1992/rudolph-a-marcus/,for his contributions to the theory of electron transfer reactions in chemical systems,Rudolph A. Marcus,index,Química,Premio Nobel 1992 1/1,1,1,1,1,"Montreal, Canadá",Instituto de Tecnología de California,"Premio Nobel de Química, 1992",https://www.wikidata.org/wiki/Q239067,1,california-institute-of-technology,,2026-09-30,1923,nobel-000621,Male,Individual,Q161562,I122411786,A5051289041,0000-0001-6547-1469,05dxps055,Rudolph A. Marcus,California Institute of Technology,,Q7191,True
Chemistry,Química,quimica,1993,Kary B. Mullis,A5073738482,,Q157224,,for contributions to the developments of methods within DNA-based chemistry; for his invention of the polymerase chain reaction (PCR) method,1/2,0.5,Cetus Corporation,,"Emeryville, Estados Unidos",1944-12-28,"Lenoir, NC",Estados Unidos,Estados Unidos,2019-08-07,"Newport Beach, CA",Estados Unidos,49,Michael Smith,1,1,1,kary-b-mullis,kary-b-mullis,Q157224,https://prizeatlas.org/es/nobel-prize/quimica/1993/kary-b-mullis/,https://prizeatlas.org/nobel-prize/chemistry/1993/kary-b-mullis/,for contributions to the developments of methods within DNA-based chemistry; for his invention of the polymerase chain reaction (PCR) method,Kary B. Mullis,index,Química,Premio Nobel 1993 1/2,1,0,1,0,"Lenoir, NC, Estados Unidos",Cetus Corporation,"Premio Nobel de Química, 1993",https://www.wikidata.org/wiki/Q157224,1,cetus-corporation,michael-smith,2026-09-30,1944,nobel-000628,Male,Individual,Q5065711,,A5073738482,,,Kary B. Mullis,Cetus Corporation,,Q7191,True
Chemistry,Química,quimica,1993,Michael Smith,A5113718395,,Q232289,03rmrcq20,"for contributions to the developments of methods within DNA-based chemistry; for his fundamental contributions to the establishment of oligonucleotide-based, site-directed mutagenesis and its development for protein studies",1/2,0.5,Universidad de Columbia Británica,,"Vancouver, Canadá",1932-04-26,Blackpool,Reino Unido,Canadá,2000-10-04,Vancouver,Canadá,61,Kary B. Mullis,1,2,1,michael-smith,michael-smith,Q232289,https://prizeatlas.org/es/nobel-prize/quimica/1993/michael-smith/,https://prizeatlas.org/nobel-prize/chemistry/1993/michael-smith/,"for contributions to the developments of methods within DNA-based chemistry; for his fundamental contributions to the establishment of oligonucleotide-based, site-directed mutagenesis and its development for protein studies",Michael Smith,index,Química,Premio Nobel 1993 1/2,1,0,1,1,"Blackpool, Reino Unido",Universidad de Columbia Británica,"Premio Nobel de Química, 1993",https://www.wikidata.org/wiki/Q232289,1,university-of-british-columbia,kary-b-mullis,2026-09-30,1932,nobel-000629,Male,Individual,Q391028,I141945490,A5113718395,,03rmrcq20,Michael Smith,University of British Columbia,,Q7191,True
Chemistry,Química,quimica,1994,George A. Olah,A5071446330,0000-0002-1788-9753,Q192603,03taz7m60,for his contribution to carbocation chemistry,1/1,1.0,Universidad del Sur de California,,"Los Angeles, Estados Unidos",1927-05-22,Budapest,Hungría,Hungría; Estados Unidos,2017-03-08,"Los Angeles, CA",Estados Unidos,67,,0,1,1,george-a-olah,george-a-olah,Q192603,https://prizeatlas.org/es/nobel-prize/quimica/1994/george-a-olah/,https://prizeatlas.org/nobel-prize/chemistry/1994/george-a-olah/,for his contribution to carbocation chemistry,George A. Olah,index,Química,Premio Nobel 1994 1/1,1,1,1,1,"Budapest, Hungría",Universidad del Sur de California,"Premio Nobel de Química, 1994",https://www.wikidata.org/wiki/Q192603,1,university-of-southern-california,,2026-09-30,1927,nobel-000639,Male,Individual,Q4614,I1174212,A5071446330,0000-0002-1788-9753,03taz7m60,George A. Olah,University of Southern California,,Q7191,True
Chemistry,Química,quimica,1995,F. Sherwood Rowland,A5112419224,,Q111190,00pjdza24,"for their work in atmospheric chemistry, particularly concerning the formation and decomposition of ozone",1/3,0.3333333333333333,Universidad de California,"University of California, Irvine","Irvine, Estados Unidos",1927-06-28,"Delaware, OH",Estados Unidos,Estados Unidos,2012-03-10,"Corona del Mar, CA",Estados Unidos,68,Paul J. Crutzen; Mario J. Molina,2,1,3,f-sherwood-rowland,f-sherwood-rowland,Q111190,https://prizeatlas.org/es/nobel-prize/quimica/1995/f-sherwood-rowland/,https://prizeatlas.org/nobel-prize/chemistry/1995/f-sherwood-rowland/,"for their work in atmospheric chemistry, particularly concerning the formation and decomposition of ozone",F. Sherwood Rowland,index,Química,Premio Nobel 1995 1/3,1,0,1,1,"Delaware, OH, Estados Unidos",Universidad de California,"Premio Nobel de Química, 1995",https://www.wikidata.org/wiki/Q111190,1,university-of-california,paul-j-crutzen; mario-j-molina,2026-09-30,1927,nobel-000653,Male,Individual,Q184478,I2803209242,A5112419224,,00pjdza24,F. Sherwood Rowland,University of California,"University of California, Irvine",Q7191,True
Chemistry,Química,quimica,1995,Mario J. Molina,A5103473790,0000-0003-2339-3225,Q19045,042nb2s44,"for their work in atmospheric chemistry, particularly concerning the formation and decomposition of ozone",1/3,0.3333333333333333,Instituto Tecnológico de Massachusetts,,"Cambridge, Estados Unidos",1943-03-19,Mexico City,México,México; Estados Unidos,2020-10-07,Mexico City,México,52,Paul J. Crutzen; F. Sherwood Rowland,2,1,3,mario-j-molina,mario-j-molina,Q19045,https://prizeatlas.org/es/nobel-prize/quimica/1995/mario-j-molina/,https://prizeatlas.org/nobel-prize/chemistry/1995/mario-j-molina/,"for their work in atmospheric chemistry, particularly concerning the formation and decomposition of ozone",Mario J. Molina,index,Química,Premio Nobel 1995 1/3,1,1,1,1,"Mexico City, México",Instituto Tecnológico de Massachusetts,"Premio Nobel de Química, 1995",https://www.wikidata.org/wiki/Q19045,1,massachusetts-institute-of-technology,paul-j-crutzen; f-sherwood-rowland,2026-09-30,1943,nobel-000652,Male,Individual,Q49108,I63966007,A5103473790,0000-0003-2339-3225,042nb2s44,Mario J. Molina,Massachusetts Institute of Technology,,Q7191,True
Chemistry,Química,quimica,1995,Paul J. Crutzen,A5109231427,,Q135139,01hhn8329,"for their work in atmospheric chemistry, particularly concerning the formation and decomposition of ozone",1/3,0.3333333333333333,Sociedad Max Planck,Max Planck Institute for Chemistry,"Mainz, Alemania",1933-12-03,Amsterdam,Países Bajos,Países Bajos; Alemania,2021-01-28,Mainz,Alemania,62,Mario J. Molina; F. Sherwood Rowland,2,1,3,paul-j-crutzen,paul-j-crutzen,Q135139,https://prizeatlas.org/es/nobel-prize/quimica/1995/paul-j-crutzen/,https://prizeatlas.org/nobel-prize/chemistry/1995/paul-j-crutzen/,"for their work in atmospheric chemistry, particularly concerning the formation and decomposition of ozone",Paul J. Crutzen,index,Química,Premio Nobel 1995 1/3,1,0,1,1,"Amsterdam, Países Bajos",Sociedad Max Planck,"Premio Nobel de Química, 1995",https://www.wikidata.org/wiki/Q135139,1,max-planck-society,mario-j-molina; f-sherwood-rowland,2026-09-30,1933,nobel-000651,Male,Individual,Q158085,I149899117,A5109231427,,01hhn8329,Paul J. Crutzen,Max Planck Society,Max Planck Institute for Chemistry,Q7191,True
Chemistry,Química,quimica,1996,Richard E. Smalley,A5015746014,,Q106746,008zs3103,for their discovery of fullerenes,1/3,0.3333333333333333,Universidad Rice,,"Houston, Estados Unidos",1943-06-06,"Akron, OH",Estados Unidos,Estados Unidos,2005-10-28,"Houston, TX",Estados Unidos,53,Robert F. Curl Jr.; Sir Harold W. Kroto,2,1,3,richard-e-smalley,richard-e-smalley,Q106746,https://prizeatlas.org/es/nobel-prize/quimica/1996/richard-e-smalley/,https://prizeatlas.org/nobel-prize/chemistry/1996/richard-e-smalley/,for their discovery of fullerenes,Richard E. Smalley,index,Química,Premio Nobel 1996 1/3,1,0,1,1,"Akron, OH, Estados Unidos",Universidad Rice,"Premio Nobel de Química, 1996",https://www.wikidata.org/wiki/Q106746,1,rice-university,robert-f-curl-jr; sir-harold-w-kroto,2026-09-30,1943,nobel-000665,Male,Individual,Q842909,I74775410,A5015746014,,008zs3103,Richard E. Smalley,Rice University,,Q7191,True
Chemistry,Química,quimica,1996,Robert F. Curl Jr.,A5050630131,,Q110930,008zs3103,for their discovery of fullerenes,1/3,0.3333333333333333,Universidad Rice,,"Houston, Estados Unidos",1933-08-23,"Alice, TX",Estados Unidos,Estados Unidos,2022-07-03,"Houston, TX",Estados Unidos,63,Sir Harold W. Kroto; Richard E. Smalley,2,1,3,robert-f-curl-jr,robert-f-curl-jr,Q110930,https://prizeatlas.org/es/nobel-prize/quimica/1996/robert-f-curl-jr/,https://prizeatlas.org/nobel-prize/chemistry/1996/robert-f-curl-jr/,for their discovery of fullerenes,Robert F. Curl Jr.,index,Química,Premio Nobel 1996 1/3,1,0,1,1,"Alice, TX, Estados Unidos",Universidad Rice,"Premio Nobel de Química, 1996",https://www.wikidata.org/wiki/Q110930,1,rice-university,sir-harold-w-kroto; richard-e-smalley,2026-09-30,1933,nobel-000663,Male,Individual,Q842909,I74775410,A5050630131,,008zs3103,Robert F. Curl Jr.,Rice University,,Q7191,True
Chemistry,Química,quimica,1996,Sir Harold W. Kroto,A5050518847,,Q157250,00ayhx656,for their discovery of fullerenes,1/3,0.3333333333333333,Universidad de Sussex,,"Brighton, Reino Unido",1939-10-07,Wisbech,Reino Unido,Reino Unido,2016-04-30,"Lewes, East Sussex",Reino Unido,57,Robert F. Curl Jr.; Richard E. Smalley,2,1,3,sir-harold-w-kroto,sir-harold-w-kroto,Q157250,https://prizeatlas.org/es/nobel-prize/quimica/1996/sir-harold-w-kroto/,https://prizeatlas.org/nobel-prize/chemistry/1996/sir-harold-w-kroto/,for their discovery of fullerenes,Sir Harold W. Kroto,index,Química,Premio Nobel 1996 1/3,1,0,1,1,"Wisbech, Reino Unido",Universidad de Sussex,"Premio Nobel de Química, 1996",https://www.wikidata.org/wiki/Q157250,1,university-of-sussex,robert-f-curl-jr; richard-e-smalley,2026-09-30,1939,nobel-000664,Male,Individual,Q1161297,I162608824,A5050518847,,00ayhx656,Sir Harold W. Kroto,University of Sussex,,Q7191,True
Chemistry,Química,quimica,1997,John E. Walker,A5007387177,0000-0001-7929-2162,Q235184,00tw3jy02,for their elucidation of the enzymatic mechanism underlying the synthesis of adenosine triphosphate (ATP),1/4,0.25,MRC Laboratory of Molecular Biology,,"Cambridge, Reino Unido",1941-01-07,Halifax,Reino Unido,Reino Unido,,,,56,Paul D. Boyer; Jens C. Skou,2,1,2,john-e-walker,john-e-walker,Q235184,https://prizeatlas.org/es/nobel-prize/quimica/1997/john-e-walker/,https://prizeatlas.org/nobel-prize/chemistry/1997/john-e-walker/,for their elucidation of the enzymatic mechanism underlying the synthesis of adenosine triphosphate (ATP),John E. Walker,index,Química,Premio Nobel 1997 1/4,1,1,1,1,"Halifax, Reino Unido",MRC Laboratory of Molecular Biology,"Premio Nobel de Química, 1997",https://www.wikidata.org/wiki/Q235184,1,mrc-laboratory-of-molecular-biology,paul-d-boyer; jens-c-skou,2026-09-30,1941,nobel-000677,Male,Individual,Q185800,I170203145,A5007387177,0000-0001-7929-2162,00tw3jy02,John E. Walker,MRC Laboratory of Molecular Biology,,Q7191,True
Chemistry,Química,quimica,1997,Paul D. Boyer,A5112866860,,Q102395,00pjdza24,for their elucidation of the enzymatic mechanism underlying the synthesis of adenosine triphosphate (ATP),1/4,0.25,Universidad de California,"University of California, Los Angeles","Los Angeles, Estados Unidos",1918-07-31,"Provo, UT",Estados Unidos,Estados Unidos,2018-06-02,"Los Angeles, CA",Estados Unidos,79,John E. Walker; Jens C. Skou,2,1,2,paul-d-boyer,paul-d-boyer,Q102395,https://prizeatlas.org/es/nobel-prize/quimica/1997/paul-d-boyer/,https://prizeatlas.org/nobel-prize/chemistry/1997/paul-d-boyer/,for their elucidation of the enzymatic mechanism underlying the synthesis of adenosine triphosphate (ATP),Paul D. Boyer,index,Química,Premio Nobel 1997 1/4,1,0,1,1,"Provo, UT, Estados Unidos",Universidad de California,"Premio Nobel de Química, 1997",https://www.wikidata.org/wiki/Q102395,1,university-of-california,john-e-walker; jens-c-skou,2026-09-30,1918,nobel-000676,Male,Individual,Q184478,I2803209242,A5112866860,,00pjdza24,Paul D. Boyer,University of California,"University of California, Los Angeles",Q7191,True
Chemistry,Química,quimica,1997,Jens C. Skou,A5110862710,,Q1687170,01aj84f44,"for the first discovery of an ion-transporting enzyme, Na+, K+ -ATPase",1/2,0.5,Universidad de Aarhus,,"Aarhus, Dinamarca",1918-10-08,Lemvig,Dinamarca,Dinamarca,2018-05-28,Aarhus,Dinamarca,79,Paul D. Boyer; John E. Walker,2,2,1,jens-c-skou,jens-c-skou,Q1687170,https://prizeatlas.org/es/nobel-prize/quimica/1997/jens-c-skou/,https://prizeatlas.org/nobel-prize/chemistry/1997/jens-c-skou/,"for the first discovery of an ion-transporting enzyme, Na+, K+ -ATPase",Jens C. Skou,index,Química,Premio Nobel 1997 1/2,1,0,1,1,"Lemvig, Dinamarca",Universidad de Aarhus,"Premio Nobel de Química, 1997",https://www.wikidata.org/wiki/Q1687170,1,aarhus-university,paul-d-boyer; john-e-walker,2026-09-30,1918,nobel-000678,Male,Individual,Q924265,I204337017,A5110862710,,01aj84f44,Jens C. Skou,Aarhus University,,Q7191,True
Chemistry,Química,quimica,1998,Walter Kohn,A5015070406,,Q78510,00pjdza24,for his development of the density-functional theory,1/2,0.5,Universidad de California,"University of California, Santa Barbara","Santa Barbara, Estados Unidos",1923-03-09,Vienna,Austria,Canadá; Estados Unidos; Austria,2016-04-19,"Santa Barbara, CA",Estados Unidos,75,John A. Pople,1,1,1,walter-kohn,walter-kohn,Q78510,https://prizeatlas.org/es/nobel-prize/quimica/1998/walter-kohn/,https://prizeatlas.org/nobel-prize/chemistry/1998/walter-kohn/,for his development of the density-functional theory,Walter Kohn,index,Química,Premio Nobel 1998 1/2,1,0,1,1,"Vienna, Austria",Universidad de California,"Premio Nobel de Química, 1998",https://www.wikidata.org/wiki/Q78510,1,university-of-california,john-a-pople,2026-09-30,1923,nobel-000688,Male,Individual,Q184478,I2803209242,A5015070406,,00pjdza24,Walter Kohn,University of California,"University of California, Santa Barbara",Q7191,True
Chemistry,Química,quimica,1998,John A. Pople,A5038387078,,Q233973,000e0be47,for his development of computational methods in quantum chemistry,1/2,0.5,Universidad del Noroeste,,"Evanston, Estados Unidos",1925-10-31,Burnham-on-Sea,Reino Unido,Reino Unido,2004-03-15,"Chicago, IL",Estados Unidos,73,Walter Kohn,1,2,1,john-a-pople,john-a-pople,Q233973,https://prizeatlas.org/es/nobel-prize/quimica/1998/john-a-pople/,https://prizeatlas.org/nobel-prize/chemistry/1998/john-a-pople/,for his development of computational methods in quantum chemistry,John A. Pople,index,Química,Premio Nobel 1998 1/2,1,0,1,1,"Burnham-on-Sea, Reino Unido",Universidad del Noroeste,"Premio Nobel de Química, 1998",https://www.wikidata.org/wiki/Q233973,1,northwestern-university,walter-kohn,2026-09-30,1925,nobel-000689,Male,Individual,Q309350,I111979921,A5038387078,,000e0be47,John A. Pople,Northwestern University,,Q7191,True
Chemistry,Química,quimica,1999,Ahmed H. Zewail,A5077807260,,Q106624,05dxps055,for his studies of the transition states of chemical reactions using femtosecond spectroscopy,1/1,1.0,Instituto de Tecnología de California,,"Pasadena, Estados Unidos",1946-02-26,Damanhur,Egipto,Egipto; Estados Unidos,2016-08-02,"Pasadena, CA",Estados Unidos,53,,0,1,1,ahmed-h-zewail,ahmed-h-zewail,Q106624,https://prizeatlas.org/es/nobel-prize/quimica/1999/ahmed-h-zewail/,https://prizeatlas.org/nobel-prize/chemistry/1999/ahmed-h-zewail/,for his studies of the transition states of chemical reactions using femtosecond spectroscopy,Ahmed H. Zewail,index,Química,Premio Nobel 1999 1/1,1,0,1,1,"Damanhur, Egipto",Instituto de Tecnología de California,"Premio Nobel de Química, 1999",https://www.wikidata.org/wiki/Q106624,1,california-institute-of-technology,,2026-09-30,1946,nobel-000700,Male,Individual,Q161562,I122411786,A5077807260,,05dxps055,Ahmed H. Zewail,California Institute of Technology,,Q7191,True
Chemistry,Química,quimica,2000,Alan G. MacDiarmid,A5108238128,,Q110942,00b30xv10,for the discovery and development of conductive polymers,1/3,0.3333333333333333,Universidad de Pensilvania,,"Philadelphia, Estados Unidos",1927-04-14,Masterton,Nueva Zelanda,Nueva Zelanda; Estados Unidos,2007-02-07,"Drexel Hill, PA",Estados Unidos,73,Alan J. Heeger; Hideki Shirakawa,2,1,3,alan-g-macdiarmid,alan-g-macdiarmid,Q110942,https://prizeatlas.org/es/nobel-prize/quimica/2000/alan-g-macdiarmid/,https://prizeatlas.org/nobel-prize/chemistry/2000/alan-g-macdiarmid/,for the discovery and development of conductive polymers,Alan G. MacDiarmid,index,Química,Premio Nobel 2000 1/3,1,0,1,1,"Masterton, Nueva Zelanda",Universidad de Pensilvania,"Premio Nobel de Química, 2000",https://www.wikidata.org/wiki/Q110942,1,university-of-pennsylvania,alan-j-heeger; hideki-shirakawa,2026-09-30,1927,nobel-000708,Male,Individual,Q49117,I79576946,A5108238128,,00b30xv10,Alan G. MacDiarmid,University of Pennsylvania,,Q7191,True
Chemistry,Química,quimica,2000,Alan J. Heeger,A5087631107,,Q106751,00pjdza24,for the discovery and development of conductive polymers,1/3,0.3333333333333333,Universidad de California,"University of California, Santa Barbara","Santa Barbara, Estados Unidos",1936-01-22,"Sioux City, IA",Estados Unidos,Estados Unidos,,,,64,Alan G. MacDiarmid; Hideki Shirakawa,2,1,3,alan-j-heeger,alan-j-heeger,Q106751,https://prizeatlas.org/es/nobel-prize/quimica/2000/alan-j-heeger/,https://prizeatlas.org/nobel-prize/chemistry/2000/alan-j-heeger/,for the discovery and development of conductive polymers,Alan J. Heeger,index,Química,Premio Nobel 2000 1/3,1,0,1,1,"Sioux City, IA, Estados Unidos",Universidad de California,"Premio Nobel de Química, 2000",https://www.wikidata.org/wiki/Q106751,1,university-of-california,alan-g-macdiarmid; hideki-shirakawa,2026-09-30,1936,nobel-000707,Male,Individual,Q184478,I2803209242,A5087631107,,00pjdza24,Alan J. Heeger,University of California,"University of California, Santa Barbara",Q7191,True
Chemistry,Química,quimica,2000,Hideki Shirakawa,A5113680723,,Q110916,02956yf07,for the discovery and development of conductive polymers,1/3,0.3333333333333333,Universidad de Tsukuba,,"Tokyo, Japón",1936-08-20,Tokyo,Japón,Japón,,,,64,Alan J. Heeger; Alan G. MacDiarmid,2,1,3,hideki-shirakawa,hideki-shirakawa,Q110916,https://prizeatlas.org/es/nobel-prize/quimica/2000/hideki-shirakawa/,https://prizeatlas.org/nobel-prize/chemistry/2000/hideki-shirakawa/,for the discovery and development of conductive polymers,Hideki Shirakawa,index,Química,Premio Nobel 2000 1/3,1,0,1,1,"Tokyo, Japón",Universidad de Tsukuba,"Premio Nobel de Química, 2000",https://www.wikidata.org/wiki/Q110916,1,university-of-tsukuba,alan-j-heeger; alan-g-macdiarmid,2026-09-30,1936,nobel-000709,Male,Individual,Q743615,I146399215,A5113680723,,02956yf07,Hideki Shirakawa,University of Tsukuba,,Q7191,True
Chemistry,Química,quimica,2001,Ryōji Noyori,A5054350731,0000-0003-0688-8066,Q157210,04chrp450,for their work on chirally catalysed hydrogenation reactions,1/4,0.25,Universidad de Nagoya,,"Nagoya, Japón",1938-09-03,Kobe,Japón,Japón,,,,63,William S. Knowles; K. Barry Sharpless,2,1,2,ryoji-noyori,ryoji-noyori,Q157210,https://prizeatlas.org/es/nobel-prize/quimica/2001/ryoji-noyori/,https://prizeatlas.org/nobel-prize/chemistry/2001/ryoji-noyori/,for their work on chirally catalysed hydrogenation reactions,Ryōji Noyori,index,Química,Premio Nobel 2001 1/4,1,1,1,1,"Kobe, Japón",Universidad de Nagoya,"Premio Nobel de Química, 2001",https://www.wikidata.org/wiki/Q157210,1,nagoya-university,william-s-knowles; k-barry-sharpless,2026-09-30,1938,nobel-000721,Male,Individual,Q1191132,I60134161,A5054350731,0000-0003-0688-8066,04chrp450,Ryōji Noyori,Nagoya University,,Q7191,True
Chemistry,Química,quimica,2001,William S. Knowles,A5048820883,,Q110947,00j83wy46,for their work on chirally catalysed hydrogenation reactions,1/4,0.25,Monsanto,,"St. Louis, Estados Unidos",1917-06-01,"Taunton, MA",Estados Unidos,Estados Unidos,2012-06-13,"Chesterfield, MO",Estados Unidos,84,Ryōji Noyori; K. Barry Sharpless,2,1,2,william-s-knowles,william-s-knowles,Q110947,https://prizeatlas.org/es/nobel-prize/quimica/2001/william-s-knowles/,https://prizeatlas.org/nobel-prize/chemistry/2001/william-s-knowles/,for their work on chirally catalysed hydrogenation reactions,William S. Knowles,index,Química,Premio Nobel 2001 1/4,1,0,1,1,"Taunton, MA, Estados Unidos",Monsanto,"Premio Nobel de Química, 2001",https://www.wikidata.org/wiki/Q110947,1,monsanto-company,ryoji-noyori; k-barry-sharpless,2026-09-30,1917,nobel-000720,Male,Individual,Q207983,I1295346377,A5048820883,,00j83wy46,William S. Knowles,Monsanto Company,,Q7191,True
Chemistry,Química,quimica,2001,K. Barry Sharpless,A5077401880,0000-0001-6051-1599,Q110925,02dxx6824,for his work on chirally catalysed oxidation reactions,1/2,0.5,Instituto de Investigación Scripps,,"La Jolla, Estados Unidos",1941-04-28,"Philadelphia, PA",Estados Unidos,Estados Unidos,,,,60,William S. Knowles; Ryōji Noyori,2,2,1,k-barry-sharpless,k-barry-sharpless,Q110925,https://prizeatlas.org/es/nobel-prize/quimica/2001/k-barry-sharpless/,https://prizeatlas.org/nobel-prize/chemistry/2001/k-barry-sharpless/,for his work on chirally catalysed oxidation reactions,K. Barry Sharpless,index,Química,Premio Nobel 2001 1/2,1,1,1,1,"Philadelphia, PA, Estados Unidos",Instituto de Investigación Scripps,"Premio Nobel de Química, 2001",https://www.wikidata.org/wiki/Q110925,1,scripps-research,william-s-knowles; ryoji-noyori,2026-09-30,1941,nobel-000722,Male,Individual,Q793867,I123431417,A5077401880,0000-0001-6051-1599,02dxx6824,K. Barry Sharpless,Scripps Research,,Q7191,True
Chemistry,Química,quimica,2002,John B. Fenn,A5041577693,,Q106738,02nkdxk79,for their development of soft desorption ionisation methods for mass spectrometric analyses of biological macromolecules,1/4,0.25,Universidad de la Mancomunidad de Virginia,,"Richmond, Estados Unidos",1917-06-15,"New York, NY",Estados Unidos,Estados Unidos,2010-12-10,"Richmond, VA",Estados Unidos,85,Koichi Tanaka; Kurt Wüthrich,2,1,2,john-b-fenn,john-b-fenn,Q106738,https://prizeatlas.org/es/nobel-prize/quimica/2002/john-b-fenn/,https://prizeatlas.org/nobel-prize/chemistry/2002/john-b-fenn/,for their development of soft desorption ionisation methods for mass spectrometric analyses of biological macromolecules,John B. Fenn,index,Química,Premio Nobel 2002 1/4,1,0,1,1,"New York, NY, Estados Unidos",Universidad de la Mancomunidad de Virginia,"Premio Nobel de Química, 2002",https://www.wikidata.org/wiki/Q106738,1,virginia-commonwealth-university,koichi-tanaka; kurt-wuthrich,2026-09-30,1917,nobel-000735,Male,Individual,Q2303536,I184840846,A5041577693,,02nkdxk79,John B. Fenn,Virginia Commonwealth University,,Q7191,True
Chemistry,Química,quimica,2002,Koichi Tanaka,A5009335876,0000-0002-1853-1374,Q110963,03k8der79,for their development of soft desorption ionisation methods for mass spectrometric analyses of biological macromolecules,1/4,0.25,Shimadzu Corp.,,"Kyoto, Japón",1959-08-03,Toyama City,Japón,Japón,,,,43,John B. Fenn; Kurt Wüthrich,2,1,2,koichi-tanaka,koichi-tanaka,Q110963,https://prizeatlas.org/es/nobel-prize/quimica/2002/koichi-tanaka/,https://prizeatlas.org/nobel-prize/chemistry/2002/koichi-tanaka/,for their development of soft desorption ionisation methods for mass spectrometric analyses of biological macromolecules,Koichi Tanaka,index,Química,Premio Nobel 2002 1/4,1,1,1,1,"Toyama City, Japón",Shimadzu Corp.,"Premio Nobel de Química, 2002",https://www.wikidata.org/wiki/Q110963,1,shimadzu-corp,john-b-fenn; kurt-wuthrich,2026-09-30,1959,nobel-000736,Male,Individual,Q517117,I84776176,A5009335876,0000-0002-1853-1374,03k8der79,Koichi Tanaka,Shimadzu Corp.,,Q7191,True
Chemistry,Química,quimica,2002,Kurt Wüthrich,A5000254356,0000-0001-8739-6965,Q110957,05a28rw58,for his development of nuclear magnetic resonance spectroscopy for determining the three-dimensional structure of biological macromolecules in solution,1/2,0.5,Escuela Politécnica Federal de Zúrich,,"Zurich, Suiza",1938-10-04,Aarberg,Suiza,Suiza,,,,64,John B. Fenn; Koichi Tanaka,2,2,1,kurt-wuthrich,kurt-wuthrich,Q110957,https://prizeatlas.org/es/nobel-prize/quimica/2002/kurt-wuthrich/,https://prizeatlas.org/nobel-prize/chemistry/2002/kurt-wuthrich/,for his development of nuclear magnetic resonance spectroscopy for determining the three-dimensional structure of biological macromolecules in solution,Kurt Wüthrich,index,Química,Premio Nobel 2002 1/2,1,1,1,1,"Aarberg, Suiza",Escuela Politécnica Federal de Zúrich,"Premio Nobel de Química, 2002",https://www.wikidata.org/wiki/Q110957,1,eth-zurich,john-b-fenn; koichi-tanaka,2026-09-30,1938,nobel-000737,Male,Individual,Q11942,I35440088,A5000254356,0000-0001-8739-6965,05a28rw58,Kurt Wüthrich,ETH Zurich,,Q7191,True
Chemistry,Química,quimica,2003,Peter Agre,A5017989879,0000-0002-9581-890X,Q102250,00za53h95,for discoveries concerning channels in cell membranes; for the discovery of water channels,1/2,0.5,Universidad Johns Hopkins,School of Medicine,"Baltimore, Estados Unidos",1949-01-30,"Northfield, MN",Estados Unidos,Estados Unidos,,,,54,Roderick MacKinnon,1,1,1,peter-agre,peter-agre,Q102250,https://prizeatlas.org/es/nobel-prize/quimica/2003/peter-agre/,https://prizeatlas.org/nobel-prize/chemistry/2003/peter-agre/,for discoveries concerning channels in cell membranes; for the discovery of water channels,Peter Agre,index,Química,Premio Nobel 2003 1/2,1,1,1,1,"Northfield, MN, Estados Unidos",Universidad Johns Hopkins,"Premio Nobel de Química, 2003",https://www.wikidata.org/wiki/Q102250,1,johns-hopkins-university,roderick-mackinnon,2026-09-30,1949,nobel-000748,Male,Individual,Q193727,I145311948,A5017989879,0000-0002-9581-890X,00za53h95,Peter Agre,Johns Hopkins University,School of Medicine,Q7191,True
Chemistry,Química,quimica,2003,Roderick MacKinnon,A5025045433,0000-0001-7605-4679,Q211482,0420db125,for discoveries concerning channels in cell membranes; for structural and mechanistic studies of ion channels,1/2,0.5,Universidad Rockefeller,,"New York, Estados Unidos",1956-02-19,"Burlington, MA",Estados Unidos,Estados Unidos,,,,47,Peter Agre,1,2,1,roderick-mackinnon,roderick-mackinnon,Q211482,https://prizeatlas.org/es/nobel-prize/quimica/2003/roderick-mackinnon/,https://prizeatlas.org/nobel-prize/chemistry/2003/roderick-mackinnon/,for discoveries concerning channels in cell membranes; for structural and mechanistic studies of ion channels,Roderick MacKinnon,index,Química,Premio Nobel 2003 1/2,1,1,1,1,"Burlington, MA, Estados Unidos",Universidad Rockefeller,"Premio Nobel de Química, 2003",https://www.wikidata.org/wiki/Q211482,1,rockefeller-university,peter-agre,2026-09-30,1956,nobel-000749,Male,Individual,Q270272,I83399316,A5025045433,0000-0001-7605-4679,0420db125,Roderick MacKinnon,Rockefeller University,,Q7191,True
Chemistry,Química,quimica,2004,Aaron Ciechanover,A5087180436,0000-0001-9184-8944,Q233205,03qryx823,for the discovery of ubiquitin-mediated protein degradation,1/3,0.3333333333333333,Technion - Instituto Tecnológico de Israel,,"Haifa, Israel",1947-10-01,Haifa,Israel,Israel,,,,57,Avram Hershko; Irwin Rose,2,1,3,aaron-ciechanover,aaron-ciechanover,Q233205,https://prizeatlas.org/es/nobel-prize/quimica/2004/aaron-ciechanover/,https://prizeatlas.org/nobel-prize/chemistry/2004/aaron-ciechanover/,for the discovery of ubiquitin-mediated protein degradation,Aaron Ciechanover,index,Química,Premio Nobel 2004 1/3,1,1,1,1,"Haifa, Israel",Technion - Instituto Tecnológico de Israel,"Premio Nobel de Química, 2004",https://www.wikidata.org/wiki/Q233205,1,technion-israel-institute-of-technology,avram-hershko; irwin-rose,2026-09-30,1947,nobel-000759,Male,Individual,Q333705,I174306211,A5087180436,0000-0001-9184-8944,03qryx823,Aaron Ciechanover,Technion – Israel Institute of Technology,,Q7191,True
Chemistry,Química,quimica,2004,Avram Hershko,A5035630459,,Q232302,03qryx823,for the discovery of ubiquitin-mediated protein degradation,1/3,0.3333333333333333,Technion - Instituto Tecnológico de Israel,,"Haifa, Israel",1937-12-31,Karcag,Hungría,Hungría; Israel,,,,67,Aaron Ciechanover; Irwin Rose,2,1,3,avram-hershko,avram-hershko,Q232302,https://prizeatlas.org/es/nobel-prize/quimica/2004/avram-hershko/,https://prizeatlas.org/nobel-prize/chemistry/2004/avram-hershko/,for the discovery of ubiquitin-mediated protein degradation,Avram Hershko,index,Química,Premio Nobel 2004 1/3,1,0,1,1,"Karcag, Hungría",Technion - Instituto Tecnológico de Israel,"Premio Nobel de Química, 2004",https://www.wikidata.org/wiki/Q232302,1,technion-israel-institute-of-technology,aaron-ciechanover; irwin-rose,2026-09-30,1937,nobel-000760,Male,Individual,Q333705,I174306211,A5035630459,,03qryx823,Avram Hershko,Technion – Israel Institute of Technology,,Q7191,True
Chemistry,Química,quimica,2004,Irwin Rose,A5027088821,,Q230652,00pjdza24,for the discovery of ubiquitin-mediated protein degradation,1/3,0.3333333333333333,Universidad de California,"University of California, Irvine","Irvine, Estados Unidos",1926-07-16,"Brooklyn, NY",Estados Unidos,Estados Unidos,2015-06-03,"Deerfield, MA",Estados Unidos,78,Aaron Ciechanover; Avram Hershko,2,1,3,irwin-rose,irwin-rose,Q230652,https://prizeatlas.org/es/nobel-prize/quimica/2004/irwin-rose/,https://prizeatlas.org/nobel-prize/chemistry/2004/irwin-rose/,for the discovery of ubiquitin-mediated protein degradation,Irwin Rose,index,Química,Premio Nobel 2004 1/3,1,0,1,1,"Brooklyn, NY, Estados Unidos",Universidad de California,"Premio Nobel de Química, 2004",https://www.wikidata.org/wiki/Q230652,1,university-of-california,aaron-ciechanover; avram-hershko,2026-09-30,1926,nobel-000761,Male,Individual,Q184478,I2803209242,A5027088821,,00pjdza24,Irwin Rose,University of California,"University of California, Irvine",Q7191,True
Chemistry,Química,quimica,2005,Richard R. Schrock,A5079660000,0000-0001-5827-3552,Q202159,042nb2s44,for the development of the metathesis method in organic synthesis,1/3,0.3333333333333333,Instituto Tecnológico de Massachusetts,,"Cambridge, Estados Unidos",1945-01-04,"Berne, IN",Estados Unidos,Estados Unidos,,,,60,Yves Chauvin; Robert H. Grubbs,2,1,3,richard-r-schrock,richard-r-schrock,Q202159,https://prizeatlas.org/es/nobel-prize/quimica/2005/richard-r-schrock/,https://prizeatlas.org/nobel-prize/chemistry/2005/richard-r-schrock/,for the development of the metathesis method in organic synthesis,Richard R. Schrock,index,Química,Premio Nobel 2005 1/3,1,1,1,1,"Berne, IN, Estados Unidos",Instituto Tecnológico de Massachusetts,"Premio Nobel de Química, 2005",https://www.wikidata.org/wiki/Q202159,1,massachusetts-institute-of-technology,yves-chauvin; robert-h-grubbs,2026-09-30,1945,nobel-000773,Male,Individual,Q49108,I63966007,A5079660000,0000-0001-5827-3552,042nb2s44,Richard R. Schrock,Massachusetts Institute of Technology,,Q7191,True
Chemistry,Química,quimica,2005,Robert H. Grubbs,A5135520780,0000-0002-0057-7817,Q202140,05dxps055,for the development of the metathesis method in organic synthesis,1/3,0.3333333333333333,Instituto de Tecnología de California,,"Pasadena, Estados Unidos",1942-02-27,"Possum Trot, KY",Estados Unidos,Estados Unidos,2021-12-19,"Duarte, CA",Estados Unidos,63,Yves Chauvin; Richard R. Schrock,2,1,3,robert-h-grubbs,robert-h-grubbs,Q202140,https://prizeatlas.org/es/nobel-prize/quimica/2005/robert-h-grubbs/,https://prizeatlas.org/nobel-prize/chemistry/2005/robert-h-grubbs/,for the development of the metathesis method in organic synthesis,Robert H. Grubbs,index,Química,Premio Nobel 2005 1/3,1,1,1,1,"Possum Trot, KY, Estados Unidos",Instituto de Tecnología de California,"Premio Nobel de Química, 2005",https://www.wikidata.org/wiki/Q202140,1,california-institute-of-technology,yves-chauvin; richard-r-schrock,2026-09-30,1942,nobel-000772,Male,Individual,Q161562,I122411786,A5135520780,0000-0002-0057-7817,05dxps055,Robert H. Grubbs,California Institute of Technology,,Q7191,True
Chemistry,Química,quimica,2005,Yves Chauvin,A5106409475,,Q202146,03gcbhc33,for the development of the metathesis method in organic synthesis,1/3,0.3333333333333333,Institut Français du Pétrole,,"Rueil-Malmaison, Francia",1930-10-10,Menin,Bélgica,Francia,2015-01-27,Tours,Francia,75,Robert H. Grubbs; Richard R. Schrock,2,1,3,yves-chauvin,yves-chauvin,Q202146,https://prizeatlas.org/es/nobel-prize/quimica/2005/yves-chauvin/,https://prizeatlas.org/nobel-prize/chemistry/2005/yves-chauvin/,for the development of the metathesis method in organic synthesis,Yves Chauvin,index,Química,Premio Nobel 2005 1/3,1,0,1,1,"Menin, Bélgica",Institut Français du Pétrole,"Premio Nobel de Química, 2005",https://www.wikidata.org/wiki/Q202146,1,institut-francais-du-petrole,robert-h-grubbs; richard-r-schrock,2026-09-30,1930,nobel-000771,Male,Individual,Q84026,I265217849,A5106409475,,03gcbhc33,Yves Chauvin,Institut Français du Pétrole,,Q7191,True
Chemistry,Química,quimica,2006,Roger D. Kornberg,A5049465163,0000-0002-2425-7519,Q170676,00f54p054,for his studies of the molecular basis of eukaryotic transcription,1/1,1.0,Universidad Stanford,,"Stanford, Estados Unidos",1947-04-24,"St. Louis, MO",Estados Unidos,Estados Unidos,,,,59,,0,1,1,roger-d-kornberg,roger-d-kornberg,Q170676,https://prizeatlas.org/es/nobel-prize/quimica/2006/roger-d-kornberg/,https://prizeatlas.org/nobel-prize/chemistry/2006/roger-d-kornberg/,for his studies of the molecular basis of eukaryotic transcription,Roger D. Kornberg,index,Química,Premio Nobel 2006 1/1,1,1,1,1,"St. Louis, MO, Estados Unidos",Universidad Stanford,"Premio Nobel de Química, 2006",https://www.wikidata.org/wiki/Q170676,1,stanford-university,,2026-09-30,1947,nobel-000784,Male,Individual,Q41506,I97018004,A5049465163,0000-0002-2425-7519,00f54p054,Roger D. Kornberg,Stanford University,,Q7191,True
Chemistry,Química,quimica,2007,Gerhard Ertl,A5010170160,0000-0001-7172-2797,Q60066,01hhn8329,for his studies of chemical processes on solid surfaces,1/1,1.0,Sociedad Max Planck,Fritz Haber Institute,"Berlin, Alemania",1936-10-10,Bad Cannstatt,Alemania,Alemania,,,,71,,0,1,1,gerhard-ertl,gerhard-ertl,Q60066,https://prizeatlas.org/es/nobel-prize/quimica/2007/gerhard-ertl/,https://prizeatlas.org/nobel-prize/chemistry/2007/gerhard-ertl/,for his studies of chemical processes on solid surfaces,Gerhard Ertl,index,Química,Premio Nobel 2007 1/1,1,1,1,1,"Bad Cannstatt, Alemania",Sociedad Max Planck,"Premio Nobel de Química, 2007",https://www.wikidata.org/wiki/Q60066,1,max-planck-society,,2026-09-30,1936,nobel-000793,Male,Individual,Q158085,I149899117,A5010170160,0000-0001-7172-2797,01hhn8329,Gerhard Ertl,Max Planck Society,Fritz Haber Institute,Q7191,True
Chemistry,Química,quimica,2008,Martin Chalfie,A5074638214,0000-0002-9079-7046,Q106699,00hj8s172,"for the discovery and development of the green fluorescent protein, GFP",1/3,0.3333333333333333,Universidad de Columbia,,"New York, Estados Unidos",1947-01-15,"Chicago, IL",Estados Unidos,Estados Unidos,,,,61,Osamu Shimomura; Roger Y. Tsien,2,1,3,martin-chalfie,martin-chalfie,Q106699,https://prizeatlas.org/es/nobel-prize/quimica/2008/martin-chalfie/,https://prizeatlas.org/nobel-prize/chemistry/2008/martin-chalfie/,"for the discovery and development of the green fluorescent protein, GFP",Martin Chalfie,index,Química,Premio Nobel 2008 1/3,1,1,1,1,"Chicago, IL, Estados Unidos",Universidad de Columbia,"Premio Nobel de Química, 2008",https://www.wikidata.org/wiki/Q106699,1,columbia-university,osamu-shimomura; roger-y-tsien,2026-09-30,1947,nobel-000806,Male,Individual,Q49088,I78577930,A5074638214,0000-0002-9079-7046,00hj8s172,Martin Chalfie,Columbia University,,Q7191,True
Chemistry,Química,quimica,2008,Osamu Shimomura,A5085164052,0000-0002-1735-5057,Q205345,,"for the discovery and development of the green fluorescent protein, GFP",1/3,0.3333333333333333,Marine Biological Laboratory,,"Woods Hole, Estados Unidos",1928-08-27,Kyoto,Japón,Japón,2018-10-19,Nagasaki,Japón,80,Martin Chalfie; Roger Y. Tsien,2,1,3,osamu-shimomura,osamu-shimomura,Q205345,https://prizeatlas.org/es/nobel-prize/quimica/2008/osamu-shimomura/,https://prizeatlas.org/nobel-prize/chemistry/2008/osamu-shimomura/,"for the discovery and development of the green fluorescent protein, GFP",Osamu Shimomura,index,Química,Premio Nobel 2008 1/3,1,1,1,0,"Kyoto, Japón",Marine Biological Laboratory,"Premio Nobel de Química, 2008",https://www.wikidata.org/wiki/Q205345,1,marine-biological-laboratory,martin-chalfie; roger-y-tsien,2026-09-30,1928,nobel-000805,Male,Individual,Q500632,,A5085164052,0000-0002-1735-5057,,Osamu Shimomura,Marine Biological Laboratory,,Q7191,True
Chemistry,Química,quimica,2008,Roger Y. Tsien,A5109193097,,Q200470,00pjdza24,"for the discovery and development of the green fluorescent protein, GFP",1/3,0.3333333333333333,Universidad de California,"University of California, San Diego","San Diego, Estados Unidos",1952-02-01,"New York, NY",Estados Unidos,Estados Unidos,2016-08-24,"Eugene, OR",Estados Unidos,56,Osamu Shimomura; Martin Chalfie,2,1,3,roger-y-tsien,roger-y-tsien,Q200470,https://prizeatlas.org/es/nobel-prize/quimica/2008/roger-y-tsien/,https://prizeatlas.org/nobel-prize/chemistry/2008/roger-y-tsien/,"for the discovery and development of the green fluorescent protein, GFP",Roger Y. Tsien,index,Química,Premio Nobel 2008 1/3,1,0,1,1,"New York, NY, Estados Unidos",Universidad de California,"Premio Nobel de Química, 2008",https://www.wikidata.org/wiki/Q200470,1,university-of-california,osamu-shimomura; martin-chalfie,2026-09-30,1952,nobel-000807,Male,Individual,Q184478,I2803209242,A5109193097,,00pjdza24,Roger Y. Tsien,University of California,"University of California, San Diego",Q7191,True
Chemistry,Química,quimica,2009,Ada E. Yonath,A5016847667,0000-0002-1856-6964,Q7426,0316ej306,for studies of the structure and function of the ribosome,1/3,0.3333333333333333,Instituto Weizmann de Ciencias,,"Rehovot, Israel",1939-06-22,Jerusalem,Israel,Israel,,,,70,Venkatraman Ramakrishnan; Thomas A. Steitz,2,1,3,ada-e-yonath,ada-e-yonath,Q7426,https://prizeatlas.org/es/nobel-prize/quimica/2009/ada-e-yonath/,https://prizeatlas.org/nobel-prize/chemistry/2009/ada-e-yonath/,for studies of the structure and function of the ribosome,Ada E. Yonath,index,Química,Premio Nobel 2009 1/3,1,1,1,1,"Jerusalem, Israel",Instituto Weizmann de Ciencias,"Premio Nobel de Química, 2009",https://www.wikidata.org/wiki/Q7426,1,weizmann-institute-of-science,venkatraman-ramakrishnan; thomas-a-steitz,2026-09-30,1939,nobel-000819,Female,Individual,Q4182,I53964585,A5016847667,0000-0002-1856-6964,0316ej306,Ada E. Yonath,Weizmann Institute of Science,,Q7191,True
Chemistry,Química,quimica,2009,Thomas A. Steitz,A5005980770,0000-0002-3357-3505,Q109559,03v76x132,for studies of the structure and function of the ribosome,1/3,0.3333333333333333,Universidad Yale,,"New Haven, Estados Unidos",1940-08-23,"Milwaukee, WI",Estados Unidos,Estados Unidos,2018-08-23,"Branford, CT",Estados Unidos,69,Venkatraman Ramakrishnan; Ada E. Yonath,2,1,3,thomas-a-steitz,thomas-a-steitz,Q109559,https://prizeatlas.org/es/nobel-prize/quimica/2009/thomas-a-steitz/,https://prizeatlas.org/nobel-prize/chemistry/2009/thomas-a-steitz/,for studies of the structure and function of the ribosome,Thomas A. Steitz,index,Química,Premio Nobel 2009 1/3,1,1,1,1,"Milwaukee, WI, Estados Unidos",Universidad Yale,"Premio Nobel de Química, 2009",https://www.wikidata.org/wiki/Q109559,1,yale-university,venkatraman-ramakrishnan; ada-e-yonath,2026-09-30,1940,nobel-000818,Male,Individual,Q49112,I32971472,A5005980770,0000-0002-3357-3505,03v76x132,Thomas A. Steitz,Yale University,,Q7191,True
Chemistry,Química,quimica,2009,Venkatraman Ramakrishnan,A5086176987,0000-0002-4699-2194,Q60061,00tw3jy02,for studies of the structure and function of the ribosome,1/3,0.3333333333333333,MRC Laboratory of Molecular Biology,,"Cambridge, Reino Unido",1952,"Chidambaram, Tamil Nadu",India,Estados Unidos,,,,57,Thomas A. Steitz; Ada E. Yonath,2,1,3,venkatraman-ramakrishnan,venkatraman-ramakrishnan,Q60061,https://prizeatlas.org/es/nobel-prize/quimica/2009/venkatraman-ramakrishnan/,https://prizeatlas.org/nobel-prize/chemistry/2009/venkatraman-ramakrishnan/,for studies of the structure and function of the ribosome,Venkatraman Ramakrishnan,index,Química,Premio Nobel 2009 1/3,1,1,1,1,"Chidambaram, Tamil Nadu, India",MRC Laboratory of Molecular Biology,"Premio Nobel de Química, 2009",https://www.wikidata.org/wiki/Q60061,1,mrc-laboratory-of-molecular-biology,thomas-a-steitz; ada-e-yonath,2026-09-30,1952,nobel-000817,Male,Individual,Q185800,I170203145,A5086176987,0000-0002-4699-2194,00tw3jy02,Venkatraman Ramakrishnan,MRC Laboratory of Molecular Biology,,Q7191,True
Chemistry,Química,quimica,2010,Akira Suzuki,A5114860378,0000-0002-8167-0414,Q105949,02e16g702,for palladium-catalyzed cross couplings in organic synthesis,1/3,0.3333333333333333,Universidad de Hokkaidō,,"Sapporo, Japón",1930-09-12,Mukawa,Japón,Japón,,,,80,Richard F. Heck; Ei-ichi Negishi,2,1,3,akira-suzuki,akira-suzuki,Q105949,https://prizeatlas.org/es/nobel-prize/quimica/2010/akira-suzuki/,https://prizeatlas.org/nobel-prize/chemistry/2010/akira-suzuki/,for palladium-catalyzed cross couplings in organic synthesis,Akira Suzuki,index,Química,Premio Nobel 2010 1/3,1,1,1,1,"Mukawa, Japón",Universidad de Hokkaidō,"Premio Nobel de Química, 2010",https://www.wikidata.org/wiki/Q105949,1,hokkaido-university,richard-f-heck; ei-ichi-negishi,2026-09-30,1930,nobel-000832,Male,Individual,Q1057199,I205349734,A5114860378,0000-0002-8167-0414,02e16g702,Akira Suzuki,Hokkaido University,,Q7191,True
Chemistry,Química,quimica,2010,Ei-ichi Negishi,A5049086283,0000-0002-5746-5779,Q105927,02dqehb95,for palladium-catalyzed cross couplings in organic synthesis,1/3,0.3333333333333333,Universidad Purdue,,"West Lafayette, Estados Unidos",1935-07-14,Changchun,China,Estados Unidos; Japón,2021-06-06,"Indianapolis, IN",Estados Unidos,75,Richard F. Heck; Akira Suzuki,2,1,3,ei-ichi-negishi,ei-ichi-negishi,Q105927,https://prizeatlas.org/es/nobel-prize/quimica/2010/ei-ichi-negishi/,https://prizeatlas.org/nobel-prize/chemistry/2010/ei-ichi-negishi/,for palladium-catalyzed cross couplings in organic synthesis,Ei-ichi Negishi,index,Química,Premio Nobel 2010 1/3,1,1,1,1,"Changchun, China",Universidad Purdue,"Premio Nobel de Química, 2010",https://www.wikidata.org/wiki/Q105927,1,purdue-university,richard-f-heck; akira-suzuki,2026-09-30,1935,nobel-000831,Male,Individual,Q217741,I219193219,A5049086283,0000-0002-5746-5779,02dqehb95,Ei-ichi Negishi,Purdue University,,Q7191,True
Chemistry,Química,quimica,2010,Richard F. Heck,A5113728961,,Q106471,01sbq1a82,for palladium-catalyzed cross couplings in organic synthesis,1/3,0.3333333333333333,Universidad de Delaware,,"Newark, Estados Unidos",1931-08-15,"Springfield, MA",Estados Unidos,Estados Unidos,2015-10-09,Manila,Filipinas,79,Ei-ichi Negishi; Akira Suzuki,2,1,3,richard-f-heck,richard-f-heck,Q106471,https://prizeatlas.org/es/nobel-prize/quimica/2010/richard-f-heck/,https://prizeatlas.org/nobel-prize/chemistry/2010/richard-f-heck/,for palladium-catalyzed cross couplings in organic synthesis,Richard F. Heck,index,Química,Premio Nobel 2010 1/3,1,0,1,1,"Springfield, MA, Estados Unidos",Universidad de Delaware,"Premio Nobel de Química, 2010",https://www.wikidata.org/wiki/Q106471,1,university-of-delaware,ei-ichi-negishi; akira-suzuki,2026-09-30,1931,nobel-000830,Male,Individual,Q1068072,I86501945,A5113728961,,01sbq1a82,Richard F. Heck,University of Delaware,,Q7191,True
Chemistry,Química,quimica,2011,Dan Shechtman,A5112641125,,Q44111,03qryx823,for the discovery of quasicrystals,1/1,1.0,Technion - Instituto Tecnológico de Israel,,"Haifa, Israel",1941-01-24,Tel Aviv,Israel,Israel; Estados Unidos,,,,70,,0,1,1,dan-shechtman,dan-shechtman,Q44111,https://prizeatlas.org/es/nobel-prize/quimica/2011/dan-shechtman/,https://prizeatlas.org/nobel-prize/chemistry/2011/dan-shechtman/,for the discovery of quasicrystals,Dan Shechtman,index,Química,Premio Nobel 2011 1/1,1,0,1,1,"Tel Aviv, Israel",Technion - Instituto Tecnológico de Israel,"Premio Nobel de Química, 2011",https://www.wikidata.org/wiki/Q44111,1,technion-israel-institute-of-technology,,2026-09-30,1941,nobel-000841,Male,Individual,Q333705,I174306211,A5112641125,,03qryx823,Dan Shechtman,Technion – Israel Institute of Technology,,Q7191,True
Chemistry,Química,quimica,2012,Brian K. Kobilka,A5079682203,0000-0001-5958-3990,Q80907,00f54p054,for studies of G-protein-coupled receptors,1/2,0.5,Universidad Stanford,School of Medicine,"Stanford, Estados Unidos",1955-05-30,"Little Falls, MN",Estados Unidos,Estados Unidos,,,,57,Robert J. Lefkowitz,1,1,2,brian-k-kobilka,brian-k-kobilka,Q80907,https://prizeatlas.org/es/nobel-prize/quimica/2012/brian-k-kobilka/,https://prizeatlas.org/nobel-prize/chemistry/2012/brian-k-kobilka/,for studies of G-protein-coupled receptors,Brian K. Kobilka,index,Química,Premio Nobel 2012 1/2,1,1,1,1,"Little Falls, MN, Estados Unidos",Universidad Stanford,"Premio Nobel de Química, 2012",https://www.wikidata.org/wiki/Q80907,1,stanford-university,robert-j-lefkowitz,2026-09-30,1955,nobel-000855,Male,Individual,Q41506,I97018004,A5079682203,0000-0001-5958-3990,00f54p054,Brian K. Kobilka,Stanford University,School of Medicine,Q7191,True
Chemistry,Química,quimica,2012,Robert J. Lefkowitz,A5080672788,0000-0003-1472-7545,Q80910,006w34k90,for studies of G-protein-coupled receptors,1/2,0.5,Instituto Médico Howard Hughes,,"Bethesda, Estados Unidos",1943-04-15,"New York, NY",Estados Unidos,Estados Unidos,,,,69,Brian K. Kobilka,1,1,2,robert-j-lefkowitz,robert-j-lefkowitz,Q80910,https://prizeatlas.org/es/nobel-prize/quimica/2012/robert-j-lefkowitz/,https://prizeatlas.org/nobel-prize/chemistry/2012/robert-j-lefkowitz/,for studies of G-protein-coupled receptors,Robert J. Lefkowitz,index,Química,Premio Nobel 2012 1/2,1,1,1,1,"New York, NY, Estados Unidos",Instituto Médico Howard Hughes,"Premio Nobel de Química, 2012",https://www.wikidata.org/wiki/Q80910,1,howard-hughes-medical-institute,brian-k-kobilka,2026-09-30,1943,nobel-000854,Male,Individual,Q1512226,I1344073410,A5080672788,0000-0003-1472-7545,006w34k90,Robert J. Lefkowitz,Howard Hughes Medical Institute,,Q7191,True
Chemistry,Química,quimica,2013,Arieh Warshel,A5088665303,0000-0001-7971-5401,Q4790366,03taz7m60,for the development of multiscale models for complex chemical systems,1/3,0.3333333333333333,Universidad del Sur de California,,"Los Angeles, Estados Unidos",1940-11-20,Kibbutz Sde-Nahum,Israel,Israel; Estados Unidos,,,,73,Martin Karplus; Michael Levitt,2,1,3,arieh-warshel,arieh-warshel,Q4790366,https://prizeatlas.org/es/nobel-prize/quimica/2013/arieh-warshel/,https://prizeatlas.org/nobel-prize/chemistry/2013/arieh-warshel/,for the development of multiscale models for complex chemical systems,Arieh Warshel,index,Química,Premio Nobel 2013 1/3,1,1,1,1,"Kibbutz Sde-Nahum, Israel",Universidad del Sur de California,"Premio Nobel de Química, 2013",https://www.wikidata.org/wiki/Q4790366,1,university-of-southern-california,martin-karplus; michael-levitt,2026-09-30,1940,nobel-000866,Male,Individual,Q4614,I1174212,A5088665303,0000-0001-7971-5401,03taz7m60,Arieh Warshel,University of Southern California,,Q7191,True
Chemistry,Química,quimica,2013,Martin Karplus,A5076499540,0000-0002-5485-6117,Q903471,00pg6eq24,for the development of multiscale models for complex chemical systems,1/3,0.3333333333333333,Universidad de Estrasburgo,,"Strasbourg, Francia",1930-03-15,Vienna,Austria,Austria; Estados Unidos,2024-12-28,"Cambridge, MA",Estados Unidos,83,Michael Levitt; Arieh Warshel,2,1,3,martin-karplus,martin-karplus,Q903471,https://prizeatlas.org/es/nobel-prize/quimica/2013/martin-karplus/,https://prizeatlas.org/nobel-prize/chemistry/2013/martin-karplus/,for the development of multiscale models for complex chemical systems,Martin Karplus,index,Química,Premio Nobel 2013 1/3,1,1,1,1,"Vienna, Austria",Universidad de Estrasburgo,"Premio Nobel de Química, 2013",https://www.wikidata.org/wiki/Q903471,1,university-of-strasbourg,michael-levitt; arieh-warshel,2026-09-30,1930,nobel-000864,Male,Individual,Q157575,I68947357,A5076499540,0000-0002-5485-6117,00pg6eq24,Martin Karplus,University of Strasbourg,,Q7191,True
Chemistry,Química,quimica,2013,Michael Levitt,A5019080704,0000-0002-8414-7397,Q6832227,00f54p054,for the development of multiscale models for complex chemical systems,1/3,0.3333333333333333,Universidad Stanford,School of Medicine,"Stanford, Estados Unidos",1947-05-09,Pretoria,Sudáfrica,Sudáfrica; Estados Unidos; Israel; Reino Unido,,,,66,Martin Karplus; Arieh Warshel,2,1,3,michael-levitt,michael-levitt,Q6832227,https://prizeatlas.org/es/nobel-prize/quimica/2013/michael-levitt/,https://prizeatlas.org/nobel-prize/chemistry/2013/michael-levitt/,for the development of multiscale models for complex chemical systems,Michael Levitt,index,Química,Premio Nobel 2013 1/3,1,1,1,1,"Pretoria, Sudáfrica",Universidad Stanford,"Premio Nobel de Química, 2013",https://www.wikidata.org/wiki/Q6832227,1,stanford-university,martin-karplus; arieh-warshel,2026-09-30,1947,nobel-000865,Male,Individual,Q41506,I97018004,A5019080704,0000-0002-8414-7397,00f54p054,Michael Levitt,Stanford University,School of Medicine,Q7191,True
Chemistry,Química,quimica,2014,Eric Betzig,A5048568518,0000-0002-4192-1274,Q1351105,013sk6x84,for the development of super-resolved fluorescence microscopy,1/3,0.3333333333333333,"Janelia Research Campus, Howard Hughes Medical Institute",,"Ashburn, Estados Unidos",1960-01-13,"Ann Arbor, MI",Estados Unidos,Estados Unidos,,,,54,Stefan W. Hell; William E. Moerner,2,1,3,eric-betzig,eric-betzig,Q1351105,https://prizeatlas.org/es/nobel-prize/quimica/2014/eric-betzig/,https://prizeatlas.org/nobel-prize/chemistry/2014/eric-betzig/,for the development of super-resolved fluorescence microscopy,Eric Betzig,index,Química,Premio Nobel 2014 1/3,1,1,1,1,"Ann Arbor, MI, Estados Unidos","Janelia Research Campus, Howard Hughes Medical Institute","Premio Nobel de Química, 2014",https://www.wikidata.org/wiki/Q1351105,1,janelia-research-campus-howard-hughes-medical-institute,stefan-w-hell; william-e-moerner,2026-09-30,1960,nobel-000877,Male,Individual,Q1319362,I195573530,A5048568518,0000-0002-4192-1274,013sk6x84,Eric Betzig,"Janelia Research Campus, Howard Hughes Medical Institute",,Q7191,True
Chemistry,Química,quimica,2014,Stefan W. Hell,A5088219208,0000-0002-9638-5077,Q91410,01hhn8329,for the development of super-resolved fluorescence microscopy,1/3,0.3333333333333333,Sociedad Max Planck,Max Planck Institute for Multidisciplinary Sciences,"Göttingen, Alemania",1962-12-23,Arad,Rumania,Alemania; Rumania,,,,52,Eric Betzig; William E. Moerner,2,1,3,stefan-w-hell,stefan-w-hell,Q91410,https://prizeatlas.org/es/nobel-prize/quimica/2014/stefan-w-hell/,https://prizeatlas.org/nobel-prize/chemistry/2014/stefan-w-hell/,for the development of super-resolved fluorescence microscopy,Stefan W. Hell,index,Química,Premio Nobel 2014 1/3,1,1,1,1,"Arad, Rumania",Sociedad Max Planck,"Premio Nobel de Química, 2014",https://www.wikidata.org/wiki/Q91410,1,max-planck-society,eric-betzig; william-e-moerner,2026-09-30,1962,nobel-000878,Male,Individual,Q158085,I149899117,A5088219208,0000-0002-9638-5077,01hhn8329,Stefan W. Hell,Max Planck Society,Max Planck Institute for Multidisciplinary Sciences,Q7191,True
Chemistry,Química,quimica,2014,William E. Moerner,A5137045539,0000-0002-2830-209X,Q1387059,00f54p054,for the development of super-resolved fluorescence microscopy,1/3,0.3333333333333333,Universidad Stanford,,"Stanford, Estados Unidos",1953-06-24,"Pleasanton, CA",Estados Unidos,Estados Unidos,,,,61,Eric Betzig; Stefan W. Hell,2,1,3,william-e-moerner,william-e-moerner,Q1387059,https://prizeatlas.org/es/nobel-prize/quimica/2014/william-e-moerner/,https://prizeatlas.org/nobel-prize/chemistry/2014/william-e-moerner/,for the development of super-resolved fluorescence microscopy,William E. Moerner,index,Química,Premio Nobel 2014 1/3,1,1,1,1,"Pleasanton, CA, Estados Unidos",Universidad Stanford,"Premio Nobel de Química, 2014",https://www.wikidata.org/wiki/Q1387059,1,stanford-university,eric-betzig; stefan-w-hell,2026-09-30,1953,nobel-000879,Male,Individual,Q41506,I97018004,A5137045539,0000-0002-2830-209X,00f54p054,William E. Moerner,Stanford University,,Q7191,True
Chemistry,Química,quimica,2015,Aziz Sancar,A5016678671,0000-0001-6469-4900,Q15118973,0130frc33,for mechanistic studies of DNA repair,1/3,0.3333333333333333,Universidad de Carolina del Norte en Chapel Hill,,"Chapel Hill, Estados Unidos",1946-09-08,Savur,Turquía,Turquía; Estados Unidos; Chipre del Norte,,,,69,Tomas Lindahl; Paul Modrich,2,1,3,aziz-sancar,aziz-sancar,Q15118973,https://prizeatlas.org/es/nobel-prize/quimica/2015/aziz-sancar/,https://prizeatlas.org/nobel-prize/chemistry/2015/aziz-sancar/,for mechanistic studies of DNA repair,Aziz Sancar,index,Química,Premio Nobel 2015 1/3,1,1,1,1,"Savur, Turquía",Universidad de Carolina del Norte en Chapel Hill,"Premio Nobel de Química, 2015",https://www.wikidata.org/wiki/Q15118973,1,university-of-north-carolina-at-chapel-hill,tomas-lindahl; paul-modrich,2026-09-30,1946,nobel-000892,Male,Individual,Q192334,I114027177,A5016678671,0000-0001-6469-4900,0130frc33,Aziz Sancar,University of North Carolina at Chapel Hill,,Q7191,True
Chemistry,Química,quimica,2015,Paul Modrich,A5060041272,0000-0001-8708-9885,Q7151888,006w34k90,for mechanistic studies of DNA repair,1/3,0.3333333333333333,Instituto Médico Howard Hughes,,"Durham, Estados Unidos",1946-06-13,"Raton, NM",Estados Unidos,Estados Unidos,,,,69,Tomas Lindahl; Aziz Sancar,2,1,3,paul-modrich,paul-modrich,Q7151888,https://prizeatlas.org/es/nobel-prize/quimica/2015/paul-modrich/,https://prizeatlas.org/nobel-prize/chemistry/2015/paul-modrich/,for mechanistic studies of DNA repair,Paul Modrich,index,Química,Premio Nobel 2015 1/3,1,1,1,1,"Raton, NM, Estados Unidos",Instituto Médico Howard Hughes,"Premio Nobel de Química, 2015",https://www.wikidata.org/wiki/Q7151888,1,howard-hughes-medical-institute,tomas-lindahl; aziz-sancar,2026-09-30,1946,nobel-000891,Male,Individual,Q1512226,I1344073410,A5060041272,0000-0001-8708-9885,006w34k90,Paul Modrich,Howard Hughes Medical Institute,,Q7191,True
Chemistry,Química,quimica,2015,Tomas Lindahl,A5060285944,0000-0003-0174-8152,Q1886068,04tnbqb63,for mechanistic studies of DNA repair,1/3,0.3333333333333333,Instituto Francis Crick,,"London, Reino Unido",1938-01-28,Stockholm,Suecia,Suecia,,,,77,Paul Modrich; Aziz Sancar,2,1,3,tomas-lindahl,tomas-lindahl,Q1886068,https://prizeatlas.org/es/nobel-prize/quimica/2015/tomas-lindahl/,https://prizeatlas.org/nobel-prize/chemistry/2015/tomas-lindahl/,for mechanistic studies of DNA repair,Tomas Lindahl,index,Química,Premio Nobel 2015 1/3,1,1,1,1,"Stockholm, Suecia",Instituto Francis Crick,"Premio Nobel de Química, 2015",https://www.wikidata.org/wiki/Q1886068,1,francis-crick-institute,paul-modrich; aziz-sancar,2026-09-30,1938,nobel-000890,Male,Individual,Q326044,I2801081054,A5060285944,0000-0003-0174-8152,04tnbqb63,Tomas Lindahl,Francis Crick Institute,,Q7191,True
Chemistry,Química,quimica,2016,Bernard L. Feringa,A5138276000,0000-0003-0588-8435,Q3259614,012p63287,for the design and synthesis of molecular machines,1/3,0.3333333333333333,Universidad de Groninga,,"Groningen, Países Bajos",1951-05-18,Barger-Compascuum,Países Bajos,Países Bajos,,,,65,Jean-Pierre Sauvage; Sir J. Fraser Stoddart,2,1,3,bernard-l-feringa,bernard-l-feringa,Q3259614,https://prizeatlas.org/es/nobel-prize/quimica/2016/bernard-l-feringa/,https://prizeatlas.org/nobel-prize/chemistry/2016/bernard-l-feringa/,for the design and synthesis of molecular machines,Bernard L. Feringa,index,Química,Premio Nobel 2016 1/3,1,1,1,1,"Barger-Compascuum, Países Bajos",Universidad de Groninga,"Premio Nobel de Química, 2016",https://www.wikidata.org/wiki/Q3259614,1,university-of-groningen,jean-pierre-sauvage; sir-j-fraser-stoddart,2026-09-30,1951,nobel-000903,Male,Individual,Q850730,I169381384,A5138276000,0000-0003-0588-8435,012p63287,Bernard L. Feringa,University of Groningen,,Q7191,True
Chemistry,Química,quimica,2016,Jean-Pierre Sauvage,A5108401018,,Q3169751,00pg6eq24,for the design and synthesis of molecular machines,1/3,0.3333333333333333,Universidad de Estrasburgo,,"Strasbourg, Francia",1944-10-21,Paris,Francia,Francia,,,,72,Sir J. Fraser Stoddart; Bernard L. Feringa,2,1,3,jean-pierre-sauvage,jean-pierre-sauvage,Q3169751,https://prizeatlas.org/es/nobel-prize/quimica/2016/jean-pierre-sauvage/,https://prizeatlas.org/nobel-prize/chemistry/2016/jean-pierre-sauvage/,for the design and synthesis of molecular machines,Jean-Pierre Sauvage,index,Química,Premio Nobel 2016 1/3,1,0,1,1,"Paris, Francia",Universidad de Estrasburgo,"Premio Nobel de Química, 2016",https://www.wikidata.org/wiki/Q3169751,1,university-of-strasbourg,sir-j-fraser-stoddart; bernard-l-feringa,2026-09-30,1944,nobel-000901,Male,Individual,Q157575,I68947357,A5108401018,,00pg6eq24,Jean-Pierre Sauvage,University of Strasbourg,,Q7191,True
Chemistry,Química,quimica,2016,Sir J. Fraser Stoddart,A5027688873,0000-0003-3161-3697,Q376243,000e0be47,for the design and synthesis of molecular machines,1/3,0.3333333333333333,Universidad del Noroeste,,"Evanston, Estados Unidos",1942-05-24,Edinburgh,Reino Unido,Estados Unidos; Reino Unido,2024-12-30,,,74,Jean-Pierre Sauvage; Bernard L. Feringa,2,1,3,sir-j-fraser-stoddart,sir-j-fraser-stoddart,Q376243,https://prizeatlas.org/es/nobel-prize/quimica/2016/sir-j-fraser-stoddart/,https://prizeatlas.org/nobel-prize/chemistry/2016/sir-j-fraser-stoddart/,for the design and synthesis of molecular machines,Sir J. Fraser Stoddart,index,Química,Premio Nobel 2016 1/3,1,1,1,1,"Edinburgh, Reino Unido",Universidad del Noroeste,"Premio Nobel de Química, 2016",https://www.wikidata.org/wiki/Q376243,1,northwestern-university,jean-pierre-sauvage; bernard-l-feringa,2026-09-30,1942,nobel-000902,Male,Individual,Q309350,I111979921,A5027688873,0000-0003-3161-3697,000e0be47,Sir J. Fraser Stoddart,Northwestern University,,Q7191,True
Chemistry,Química,quimica,2017,Jacques Dubochet,A5008622925,0000-0002-9159-7361,Q41585344,019whta54,for developing cryo-electron microscopy for the high-resolution structure determination of biomolecules in solution,1/3,0.3333333333333333,Universidad de Lausana,,"Lausanne, Suiza",1942-06-08,Aigle,Suiza,Suiza,,,,75,Joachim Frank; Richard Henderson,2,1,3,jacques-dubochet,jacques-dubochet,Q41585344,https://prizeatlas.org/es/nobel-prize/quimica/2017/jacques-dubochet/,https://prizeatlas.org/nobel-prize/chemistry/2017/jacques-dubochet/,for developing cryo-electron microscopy for the high-resolution structure determination of biomolecules in solution,Jacques Dubochet,index,Química,Premio Nobel 2017 1/3,1,1,1,1,"Aigle, Suiza",Universidad de Lausana,"Premio Nobel de Química, 2017",https://www.wikidata.org/wiki/Q41585344,1,university-of-lausanne,joachim-frank; richard-henderson,2026-09-30,1942,nobel-000912,Male,Individual,Q658975,I97565354,A5008622925,0000-0002-9159-7361,019whta54,Jacques Dubochet,University of Lausanne,,Q7191,True
Chemistry,Química,quimica,2017,Joachim Frank,A5042892654,0000-0001-5449-6943,Q28833112,00hj8s172,for developing cryo-electron microscopy for the high-resolution structure determination of biomolecules in solution,1/3,0.3333333333333333,Universidad de Columbia,,"New York, Estados Unidos",1940-09-12,Siegen,Alemania,Estados Unidos; Alemania,,,,77,Jacques Dubochet; Richard Henderson,2,1,3,joachim-frank,joachim-frank,Q28833112,https://prizeatlas.org/es/nobel-prize/quimica/2017/joachim-frank/,https://prizeatlas.org/nobel-prize/chemistry/2017/joachim-frank/,for developing cryo-electron microscopy for the high-resolution structure determination of biomolecules in solution,Joachim Frank,index,Química,Premio Nobel 2017 1/3,1,1,1,1,"Siegen, Alemania",Universidad de Columbia,"Premio Nobel de Química, 2017",https://www.wikidata.org/wiki/Q28833112,1,columbia-university,jacques-dubochet; richard-henderson,2026-09-30,1940,nobel-000913,Male,Individual,Q49088,I78577930,A5042892654,0000-0001-5449-6943,00hj8s172,Joachim Frank,Columbia University,,Q7191,True
Chemistry,Química,quimica,2017,Richard Henderson,A5073357045,0000-0003-1444-0528,Q1678456,00tw3jy02,for developing cryo-electron microscopy for the high-resolution structure determination of biomolecules in solution,1/3,0.3333333333333333,MRC Laboratory of Molecular Biology,,"Cambridge, Reino Unido",1945-07-19,Edinburgh,Reino Unido,Reino Unido,,,,72,Jacques Dubochet; Joachim Frank,2,1,3,richard-henderson,richard-henderson,Q1678456,https://prizeatlas.org/es/nobel-prize/quimica/2017/richard-henderson/,https://prizeatlas.org/nobel-prize/chemistry/2017/richard-henderson/,for developing cryo-electron microscopy for the high-resolution structure determination of biomolecules in solution,Richard Henderson,index,Química,Premio Nobel 2017 1/3,1,1,1,1,"Edinburgh, Reino Unido",MRC Laboratory of Molecular Biology,"Premio Nobel de Química, 2017",https://www.wikidata.org/wiki/Q1678456,1,mrc-laboratory-of-molecular-biology,jacques-dubochet; joachim-frank,2026-09-30,1945,nobel-000914,Male,Individual,Q185800,I170203145,A5073357045,0000-0003-1444-0528,00tw3jy02,Richard Henderson,MRC Laboratory of Molecular Biology,,Q7191,True
Chemistry,Química,quimica,2018,Frances H. Arnold,A5043841592,0000-0002-4027-364X,Q4273363,05dxps055,for the directed evolution of enzymes,1/2,0.5,Instituto de Tecnología de California,,"Pasadena, Estados Unidos",1956-07-25,"Pittsburgh, PA",Estados Unidos,Estados Unidos,,,,62,George P. Smith; Gregory P. Winter,2,1,1,frances-h-arnold,frances-h-arnold,Q4273363,https://prizeatlas.org/es/nobel-prize/quimica/2018/frances-h-arnold/,https://prizeatlas.org/nobel-prize/chemistry/2018/frances-h-arnold/,for the directed evolution of enzymes,Frances H. Arnold,index,Química,Premio Nobel 2018 1/2,1,1,1,1,"Pittsburgh, PA, Estados Unidos",Instituto de Tecnología de California,"Premio Nobel de Química, 2018",https://www.wikidata.org/wiki/Q4273363,1,california-institute-of-technology,george-p-smith; gregory-p-winter,2026-09-30,1956,nobel-000924,Female,Individual,Q161562,I122411786,A5043841592,0000-0002-4027-364X,05dxps055,Frances H. Arnold,California Institute of Technology,,Q7191,True
Chemistry,Química,quimica,2018,George P. Smith,A5048212308,0000-0002-8085-0886,Q56868017,02ymw8z06,for the phage display of peptides and antibodies,1/4,0.25,Universidad de Misuri,,"Columbia, Estados Unidos",1941-03-10,"Norwalk, CT",Estados Unidos,Estados Unidos,,,,77,Frances H. Arnold; Gregory P. Winter,2,2,2,george-p-smith,george-p-smith,Q56868017,https://prizeatlas.org/es/nobel-prize/quimica/2018/george-p-smith/,https://prizeatlas.org/nobel-prize/chemistry/2018/george-p-smith/,for the phage display of peptides and antibodies,George P. Smith,index,Química,Premio Nobel 2018 1/4,1,1,1,1,"Norwalk, CT, Estados Unidos",Universidad de Misuri,"Premio Nobel de Química, 2018",https://www.wikidata.org/wiki/Q56868017,1,university-of-missouri,frances-h-arnold; gregory-p-winter,2026-09-30,1941,nobel-000925,Male,Individual,Q579968,I76835614,A5048212308,0000-0002-8085-0886,02ymw8z06,George P. Smith,University of Missouri,,Q7191,True
Chemistry,Química,quimica,2018,Gregory P. Winter,A5113550627,0000-0003-0183-3859,Q1545000,00tw3jy02,for the phage display of peptides and antibodies,1/4,0.25,MRC Laboratory of Molecular Biology,,"Cambridge, Reino Unido",1951-04-14,Leicester,Reino Unido,Reino Unido,,,,67,Frances H. Arnold; George P. Smith,2,2,2,gregory-p-winter,gregory-p-winter,Q1545000,https://prizeatlas.org/es/nobel-prize/quimica/2018/gregory-p-winter/,https://prizeatlas.org/nobel-prize/chemistry/2018/gregory-p-winter/,for the phage display of peptides and antibodies,Gregory P. Winter,index,Química,Premio Nobel 2018 1/4,1,1,1,1,"Leicester, Reino Unido",MRC Laboratory of Molecular Biology,"Premio Nobel de Química, 2018",https://www.wikidata.org/wiki/Q1545000,1,mrc-laboratory-of-molecular-biology,frances-h-arnold; george-p-smith,2026-09-30,1951,nobel-000926,Male,Individual,Q185800,I170203145,A5113550627,0000-0003-0183-3859,00tw3jy02,Gregory P. Winter,MRC Laboratory of Molecular Biology,,Q7191,True
Chemistry,Química,quimica,2019,Akira Yoshino,A5103185273,0000-0002-0226-2827,Q4701206,018wp0236,for the development of lithium-ion batteries,1/3,0.3333333333333333,Asahi Kasei,,"Tokyo, Japón",1948-01-30,Suita,Japón,Japón,,,,71,John B. Goodenough; M. Stanley Whittingham,2,1,3,akira-yoshino,akira-yoshino,Q4701206,https://prizeatlas.org/es/nobel-prize/quimica/2019/akira-yoshino/,https://prizeatlas.org/nobel-prize/chemistry/2019/akira-yoshino/,for the development of lithium-ion batteries,Akira Yoshino,index,Química,Premio Nobel 2019 1/3,1,1,1,1,"Suita, Japón",Asahi Kasei,"Premio Nobel de Química, 2019",https://www.wikidata.org/wiki/Q4701206,1,asahi-kasei-corporation,john-b-goodenough; m-stanley-whittingham,2026-09-30,1948,nobel-000939,Male,Individual,Q720489,I4210102907,A5103185273,0000-0002-0226-2827,018wp0236,Akira Yoshino,Asahi Kasei Corporation,,Q7191,True
Chemistry,Química,quimica,2019,John B. Goodenough,A5088016695,0000-0001-9350-3034,Q906529,00hj54h04,for the development of lithium-ion batteries,1/3,0.3333333333333333,Universidad de Texas en Austin,,"Austin, Estados Unidos",1922-07-25,Jena,Alemania,Estados Unidos,2023-06-25,"Austin, TX",Estados Unidos,97,M. Stanley Whittingham; Akira Yoshino,2,1,3,john-b-goodenough,john-b-goodenough,Q906529,https://prizeatlas.org/es/nobel-prize/quimica/2019/john-b-goodenough/,https://prizeatlas.org/nobel-prize/chemistry/2019/john-b-goodenough/,for the development of lithium-ion batteries,John B. Goodenough,index,Química,Premio Nobel 2019 1/3,1,1,1,1,"Jena, Alemania",Universidad de Texas en Austin,"Premio Nobel de Química, 2019",https://www.wikidata.org/wiki/Q906529,1,university-of-texas-at-austin,m-stanley-whittingham; akira-yoshino,2026-09-30,1922,nobel-000937,Male,Individual,Q49213,I86519309,A5088016695,0000-0001-9350-3034,00hj54h04,John B. Goodenough,University of Texas at Austin,,Q7191,True
Chemistry,Química,quimica,2019,M. Stanley Whittingham,A5023061999,0000-0002-5039-9334,Q285062,008rmbt77,for the development of lithium-ion batteries,1/3,0.3333333333333333,Universidad de Binghamton,,"New York, Estados Unidos",1941-12-22,Nottingham,Reino Unido,Estados Unidos; Reino Unido,,,,78,John B. Goodenough; Akira Yoshino,2,1,3,m-stanley-whittingham,m-stanley-whittingham,Q285062,https://prizeatlas.org/es/nobel-prize/quimica/2019/m-stanley-whittingham/,https://prizeatlas.org/nobel-prize/chemistry/2019/m-stanley-whittingham/,for the development of lithium-ion batteries,M. Stanley Whittingham,index,Química,Premio Nobel 2019 1/3,1,1,1,1,"Nottingham, Reino Unido",Universidad de Binghamton,"Premio Nobel de Química, 2019",https://www.wikidata.org/wiki/Q285062,1,binghamton-university-state-university-of-new-york,john-b-goodenough; akira-yoshino,2026-09-30,1941,nobel-000938,Male,Individual,Q863813,I123946342,A5023061999,0000-0002-5039-9334,008rmbt77,M. Stanley Whittingham,"Binghamton University, State University of New York",,Q7191,True
Chemistry,Química,quimica,2020,Emmanuelle Charpentier,A5074743574,0000-0002-0254-0778,Q17280087,01hhn8329,for the development of a method for genome editing,1/2,0.5,Sociedad Max Planck,Max Planck Unit for the Science of Pathogens,"Berlin, Alemania",1968-12-11,Juvisy-sur-Orge,Francia,Francia,,,,52,Jennifer A. Doudna,1,1,2,emmanuelle-charpentier,emmanuelle-charpentier,Q17280087,https://prizeatlas.org/es/nobel-prize/quimica/2020/emmanuelle-charpentier/,https://prizeatlas.org/nobel-prize/chemistry/2020/emmanuelle-charpentier/,for the development of a method for genome editing,Emmanuelle Charpentier,index,Química,Premio Nobel 2020 1/2,1,1,1,1,"Juvisy-sur-Orge, Francia",Sociedad Max Planck,"Premio Nobel de Química, 2020",https://www.wikidata.org/wiki/Q17280087,1,max-planck-society,jennifer-a-doudna,2026-09-30,1968,nobel-000951,Female,Individual,Q158085,I149899117,A5074743574,0000-0002-0254-0778,01hhn8329,Emmanuelle Charpentier,Max Planck Society,Max Planck Unit for the Science of Pathogens,Q7191,True
Chemistry,Química,quimica,2020,Jennifer A. Doudna,A5138164644,0000-0001-9161-999X,Q56068,00pjdza24,for the development of a method for genome editing,1/2,0.5,Universidad de California,"University of California, Berkeley","Berkeley, Estados Unidos",1964-02-19,"Washington, D.C.",Estados Unidos,Estados Unidos,,,,56,Emmanuelle Charpentier,1,1,2,jennifer-a-doudna,jennifer-a-doudna,Q56068,https://prizeatlas.org/es/nobel-prize/quimica/2020/jennifer-a-doudna/,https://prizeatlas.org/nobel-prize/chemistry/2020/jennifer-a-doudna/,for the development of a method for genome editing,Jennifer A. Doudna,index,Química,Premio Nobel 2020 1/2,1,1,1,1,"Washington, D.C., Estados Unidos",Universidad de California,"Premio Nobel de Química, 2020",https://www.wikidata.org/wiki/Q56068,1,university-of-california,emmanuelle-charpentier,2026-09-30,1964,nobel-000952,Female,Individual,Q184478,I2803209242,A5138164644,0000-0001-9161-999X,00pjdza24,Jennifer A. Doudna,University of California,"University of California, Berkeley",Q7191,True
Chemistry,Química,quimica,2021,Benjamin List,A5040055598,0000-0002-9804-599X,Q105572,01hhn8329,for the development of asymmetric organocatalysis,1/2,0.5,Sociedad Max Planck,Max Planck Institute for Coal Research,"Mülheim an der Ruhr, Alemania",1968-01-11,Frankfurt-on-the-Main,Alemania,Alemania,,,,53,David W.C. MacMillan,1,1,2,benjamin-list,benjamin-list,Q105572,https://prizeatlas.org/es/nobel-prize/quimica/2021/benjamin-list/,https://prizeatlas.org/nobel-prize/chemistry/2021/benjamin-list/,for the development of asymmetric organocatalysis,Benjamin List,index,Química,Premio Nobel 2021 1/2,1,1,1,1,"Frankfurt-on-the-Main, Alemania",Sociedad Max Planck,"Premio Nobel de Química, 2021",https://www.wikidata.org/wiki/Q105572,1,max-planck-society,david-w-c-macmillan,2026-09-30,1968,nobel-000963,Male,Individual,Q158085,I149899117,A5040055598,0000-0002-9804-599X,01hhn8329,Benjamin List,Max Planck Society,Max Planck Institute for Coal Research,Q7191,True
Chemistry,Química,quimica,2021,David W.C. MacMillan,A5102868038,0000-0003-3352-4532,Q5237001,00hx57361,for the development of asymmetric organocatalysis,1/2,0.5,Universidad de Princeton,,"Princeton, Estados Unidos",1968-03-16,Bellshill,Reino Unido,Reino Unido; Estados Unidos,,,,53,Benjamin List,1,1,2,david-w-c-macmillan,david-w-c-macmillan,Q5237001,https://prizeatlas.org/es/nobel-prize/quimica/2021/david-w-c-macmillan/,https://prizeatlas.org/nobel-prize/chemistry/2021/david-w-c-macmillan/,for the development of asymmetric organocatalysis,David W.C. MacMillan,index,Química,Premio Nobel 2021 1/2,1,1,1,1,"Bellshill, Reino Unido",Universidad de Princeton,"Premio Nobel de Química, 2021",https://www.wikidata.org/wiki/Q5237001,1,princeton-university,benjamin-list,2026-09-30,1968,nobel-000964,Male,Individual,Q21578,I20089843,A5102868038,0000-0003-3352-4532,00hx57361,David W.C. MacMillan,Princeton University,,Q7191,True
Chemistry,Química,quimica,2022,Carolyn R. Bertozzi,A5088409133,0000-0003-4482-2754,Q7442,00f54p054,for the development of click chemistry and bioorthogonal chemistry,1/3,0.3333333333333333,Universidad Stanford,,"Stanford, Estados Unidos",1966-10-10,"Boston, MA",Estados Unidos,Estados Unidos,,,,56,K. Barry Sharpless; Morten Meldal,2,1,3,carolyn-r-bertozzi,carolyn-r-bertozzi,Q7442,https://prizeatlas.org/es/nobel-prize/quimica/2022/carolyn-r-bertozzi/,https://prizeatlas.org/nobel-prize/chemistry/2022/carolyn-r-bertozzi/,for the development of click chemistry and bioorthogonal chemistry,Carolyn R. Bertozzi,index,Química,Premio Nobel 2022 1/3,1,1,1,1,"Boston, MA, Estados Unidos",Universidad Stanford,"Premio Nobel de Química, 2022",https://www.wikidata.org/wiki/Q7442,1,stanford-university,k-barry-sharpless; morten-meldal,2026-09-30,1966,nobel-000977,Female,Individual,Q41506,I97018004,A5088409133,0000-0003-4482-2754,00f54p054,Carolyn R. Bertozzi,Stanford University,,Q7191,True
Chemistry,Química,quimica,2022,K. Barry Sharpless,A5077401880,0000-0001-6051-1599,Q110925,02dxx6824,for the development of click chemistry and bioorthogonal chemistry,1/3,0.3333333333333333,Instituto de Investigación Scripps,,"La Jolla, Estados Unidos",1941-04-28,"Philadelphia, PA",Estados Unidos,Estados Unidos,,,,81,Carolyn R. Bertozzi; Morten Meldal,2,1,3,k-barry-sharpless,k-barry-sharpless,Q110925,https://prizeatlas.org/es/nobel-prize/quimica/2022/k-barry-sharpless/,https://prizeatlas.org/nobel-prize/chemistry/2022/k-barry-sharpless/,for the development of click chemistry and bioorthogonal chemistry,K. Barry Sharpless,index,Química,Premio Nobel 2022 1/3,1,1,1,1,"Philadelphia, PA, Estados Unidos",Instituto de Investigación Scripps,"Premio Nobel de Química, 2022",https://www.wikidata.org/wiki/Q110925,1,scripps-research,carolyn-r-bertozzi; morten-meldal,2026-09-30,1941,nobel-000976,Male,Individual,Q793867,I123431417,A5077401880,0000-0001-6051-1599,02dxx6824,K. Barry Sharpless,Scripps Research,,Q7191,True
Chemistry,Química,quimica,2022,Morten Meldal,A5008925360,0000-0001-6114-9018,Q6914509,035b05819,for the development of click chemistry and bioorthogonal chemistry,1/3,0.3333333333333333,Universidad de Copenhague,,"Copenhagen, Dinamarca",1954-01-16,Copenhagen,Dinamarca,Dinamarca,,,,68,K. Barry Sharpless; Carolyn R. Bertozzi,2,1,3,morten-meldal,morten-meldal,Q6914509,https://prizeatlas.org/es/nobel-prize/quimica/2022/morten-meldal/,https://prizeatlas.org/nobel-prize/chemistry/2022/morten-meldal/,for the development of click chemistry and bioorthogonal chemistry,Morten Meldal,index,Química,Premio Nobel 2022 1/3,1,1,1,1,"Copenhagen, Dinamarca",Universidad de Copenhague,"Premio Nobel de Química, 2022",https://www.wikidata.org/wiki/Q6914509,1,university-of-copenhagen,k-barry-sharpless; carolyn-r-bertozzi,2026-09-30,1954,nobel-000978,Male,Individual,Q186285,I124055696,A5008925360,0000-0001-6114-9018,035b05819,Morten Meldal,University of Copenhagen,,Q7191,True
Chemistry,Química,quimica,2023,Aleksey Yekimov,A5021920207,,Q1547368,,for the discovery and synthesis of quantum dots,1/3,0.3333333333333333,Nanocrystals Technology Inc.,,"New York, Estados Unidos",1945,Leningrad,Rusia,Rusia; Estados Unidos,,,,78,Moungi G. Bawendi; Louis E. Brus,2,1,3,aleksey-yekimov,aleksey-yekimov,Q1547368,https://prizeatlas.org/es/nobel-prize/quimica/2023/aleksey-yekimov/,https://prizeatlas.org/nobel-prize/chemistry/2023/aleksey-yekimov/,for the discovery and synthesis of quantum dots,Aleksey Yekimov,index,Química,Premio Nobel 2023 1/3,1,0,1,0,"Leningrad, Rusia",Nanocrystals Technology Inc.,"Premio Nobel de Química, 2023",https://www.wikidata.org/wiki/Q1547368,1,nanocrystals-technology-inc,moungi-g-bawendi; louis-e-brus,2026-09-30,1945,nobel-000992,Male,Individual,,,A5021920207,,,Aleksey Yekimov,Nanocrystals Technology Inc.,,Q7191,True
Chemistry,Química,quimica,2023,Louis E. Brus,A5012651049,0000-0002-5337-5776,Q194646,00hj8s172,for the discovery and synthesis of quantum dots,1/3,0.3333333333333333,Universidad de Columbia,,"New York, Estados Unidos",1943,"Cleveland, OH",Estados Unidos,Estados Unidos,2026-01-11,"New York, NY",Estados Unidos,80,Moungi G. Bawendi; Aleksey Yekimov,2,1,3,louis-e-brus,louis-e-brus,Q194646,https://prizeatlas.org/es/nobel-prize/quimica/2023/louis-e-brus/,https://prizeatlas.org/nobel-prize/chemistry/2023/louis-e-brus/,for the discovery and synthesis of quantum dots,Louis E. Brus,index,Química,Premio Nobel 2023 1/3,1,1,1,1,"Cleveland, OH, Estados Unidos",Universidad de Columbia,"Premio Nobel de Química, 2023",https://www.wikidata.org/wiki/Q194646,1,columbia-university,moungi-g-bawendi; aleksey-yekimov,2026-09-30,1943,nobel-000991,Male,Individual,Q49088,I78577930,A5012651049,0000-0002-5337-5776,00hj8s172,Louis E. Brus,Columbia University,,Q7191,True
Chemistry,Química,quimica,2023,Moungi G. Bawendi,A5108389294,0000-0003-2220-4365,Q15433043,042nb2s44,for the discovery and synthesis of quantum dots,1/3,0.3333333333333333,Instituto Tecnológico de Massachusetts,,"Cambridge, Estados Unidos",1961,Paris,Francia,Túnez; Estados Unidos; Francia,,,,62,Louis E. Brus; Aleksey Yekimov,2,1,3,moungi-g-bawendi,moungi-g-bawendi,Q15433043,https://prizeatlas.org/es/nobel-prize/quimica/2023/moungi-g-bawendi/,https://prizeatlas.org/nobel-prize/chemistry/2023/moungi-g-bawendi/,for the discovery and synthesis of quantum dots,Moungi G. Bawendi,index,Química,Premio Nobel 2023 1/3,1,1,1,1,"Paris, Francia",Instituto Tecnológico de Massachusetts,"Premio Nobel de Química, 2023",https://www.wikidata.org/wiki/Q15433043,1,massachusetts-institute-of-technology,louis-e-brus; aleksey-yekimov,2026-09-30,1961,nobel-000990,Male,Individual,Q49108,I63966007,A5108389294,0000-0003-2220-4365,042nb2s44,Moungi G. Bawendi,Massachusetts Institute of Technology,,Q7191,True
Chemistry,Química,quimica,2024,David Baker,A5135542215,0000-0001-7896-6217,Q3814528,00cvxb145,for computational protein design,1/2,0.5,Universidad de Washington,,"Seattle, Estados Unidos",1962,"Seattle, WA",Estados Unidos,Estados Unidos,,,,62,Demis Hassabis; John M. Jumper,2,1,1,david-baker,david-baker,Q3814528,https://prizeatlas.org/es/nobel-prize/quimica/2024/david-baker/,https://prizeatlas.org/nobel-prize/chemistry/2024/david-baker/,for computational protein design,David Baker,index,Química,Premio Nobel 2024 1/2,1,1,1,1,"Seattle, WA, Estados Unidos",Universidad de Washington,"Premio Nobel de Química, 2024",https://www.wikidata.org/wiki/Q3814528,1,university-of-washington,demis-hassabis; john-m-jumper,2026-09-30,1962,nobel-001001,Male,Individual,Q219563,I201448701,A5135542215,0000-0001-7896-6217,00cvxb145,David Baker,University of Washington,,Q7191,True
Chemistry,Química,quimica,2024,Demis Hassabis,A5005349213,0000-0003-2812-9917,Q3022141,00njsd438,for protein structure prediction,1/4,0.25,Google,Google DeepMind,"London, Reino Unido",1976-07-27,London,Reino Unido,Reino Unido,,,,48,David Baker; John M. Jumper,2,2,2,demis-hassabis,demis-hassabis,Q3022141,https://prizeatlas.org/es/nobel-prize/quimica/2024/demis-hassabis/,https://prizeatlas.org/nobel-prize/chemistry/2024/demis-hassabis/,for protein structure prediction,Demis Hassabis,index,Química,Premio Nobel 2024 1/4,1,1,1,1,"London, Reino Unido",Google,"Premio Nobel de Química, 2024",https://www.wikidata.org/wiki/Q3022141,1,google,david-baker; john-m-jumper,2026-09-30,1976,nobel-001002,Male,Individual,Q95,I1291425158,A5005349213,0000-0003-2812-9917,00njsd438,Demis Hassabis,Google,Google DeepMind,Q7191,True
Chemistry,Química,quimica,2024,John M. Jumper,A5059179935,0000-0001-6169-6580,Q89620738,00njsd438,for protein structure prediction,1/4,0.25,Google,Google DeepMind,"London, Reino Unido",1985,Little Rock,Estados Unidos,Estados Unidos,,,,39,David Baker; Demis Hassabis,2,2,2,john-m-jumper,john-m-jumper,Q89620738,https://prizeatlas.org/es/nobel-prize/quimica/2024/john-m-jumper/,https://prizeatlas.org/nobel-prize/chemistry/2024/john-m-jumper/,for protein structure prediction,John M. Jumper,index,Química,Premio Nobel 2024 1/4,1,1,1,1,"Little Rock, Estados Unidos",Google,"Premio Nobel de Química, 2024",https://www.wikidata.org/wiki/Q89620738,1,google,david-baker; demis-hassabis,2026-09-30,1985,nobel-001003,Male,Individual,Q95,I1291425158,A5059179935,0000-0001-6169-6580,00njsd438,John M. Jumper,Google,Google DeepMind,Q7191,True
Chemistry,Química,quimica,2025,Omar M. Yaghi,A5044268160,0000-0002-5611-3325,Q743252,00pjdza24,for the development of metal–organic frameworks,1/3,0.3333333333333333,Universidad de California,"University of California, Berkeley","Berkeley, Estados Unidos",1965-02-09,Amman,Jordán,Jordán; Estados Unidos; Arabia Saudita,,,,60,Susumu Kitagawa; Richard Robson,2,1,3,omar-m-yaghi,omar-m-yaghi,Q743252,https://prizeatlas.org/es/nobel-prize/quimica/2025/omar-m-yaghi/,https://prizeatlas.org/nobel-prize/chemistry/2025/omar-m-yaghi/,for the development of metal–organic frameworks,Omar M. Yaghi,index,Química,Premio Nobel 2025 1/3,1,1,1,1,"Amman, Jordán",Universidad de California,"Premio Nobel de Química, 2025",https://www.wikidata.org/wiki/Q743252,1,university-of-california,susumu-kitagawa; richard-robson,2026-09-30,1965,nobel-001015,Male,Individual,Q184478,I2803209242,A5044268160,0000-0002-5611-3325,00pjdza24,Omar M. Yaghi,University of California,"University of California, Berkeley",Q7191,True
Chemistry,Química,quimica,2025,Richard Robson,A5086734482,0000-0003-1716-6114,Q23073819,01ej9dk98,for the development of metal–organic frameworks,1/3,0.3333333333333333,Universidad de Melbourne,,"Melbourne, Australia",1937-06-04,Glusburn,Reino Unido,Reino Unido; Australia,,,,88,Susumu Kitagawa; Omar M. Yaghi,2,1,3,richard-robson,richard-robson,Q23073819,https://prizeatlas.org/es/nobel-prize/quimica/2025/richard-robson/,https://prizeatlas.org/nobel-prize/chemistry/2025/richard-robson/,for the development of metal–organic frameworks,Richard Robson,index,Química,Premio Nobel 2025 1/3,1,1,1,1,"Glusburn, Reino Unido",Universidad de Melbourne,"Premio Nobel de Química, 2025",https://www.wikidata.org/wiki/Q23073819,1,university-of-melbourne,susumu-kitagawa; omar-m-yaghi,2026-09-30,1937,nobel-001014,Male,Individual,Q319078,I165779595,A5086734482,0000-0003-1716-6114,01ej9dk98,Richard Robson,University of Melbourne,,Q7191,True
Chemistry,Química,quimica,2025,Susumu Kitagawa,A5140762726,0000-0001-6956-9543,Q11401680,02kpeqv85,for the development of metal–organic frameworks,1/3,0.3333333333333333,Universidad de Kioto,,"Kyoto, Japón",1951-07-04,Kyoto,Japón,Japón,,,,74,Richard Robson; Omar M. Yaghi,2,1,3,susumu-kitagawa,susumu-kitagawa,Q11401680,https://prizeatlas.org/es/nobel-prize/quimica/2025/susumu-kitagawa/,https://prizeatlas.org/nobel-prize/chemistry/2025/susumu-kitagawa/,for the development of metal–organic frameworks,Susumu Kitagawa,index,Química,Premio Nobel 2025 1/3,1,1,1,1,"Kyoto, Japón",Universidad de Kioto,"Premio Nobel de Química, 2025",https://www.wikidata.org/wiki/Q11401680,1,kyoto-university,richard-robson; omar-m-yaghi,2026-09-30,1951,nobel-001013,Male,Individual,Q336264,I22299242,A5140762726,0000-0001-6956-9543,02kpeqv85,Susumu Kitagawa,Kyoto University,,Q7191,True
Medicine,Medicina,medicina,1901,Emil Adolf von Behring,A5078999781,,Q76425,01rdrb571,"for his work on serum therapy, especially its application against diphtheria, by which he has opened a new road in the domain of medical science and thereby placed in the hands of the physician a victorious weapon against illness and deaths",1/1,1.0,Universidad de Marburgo,,"Marburg, Alemania",1854-03-15,Hansdorf (Lawice),Polonia,Alemania,1917-03-31,Marburg,Alemania,47,,0,1,1,emil-adolf-von-behring,emil-adolf-von-behring,Q76425,https://prizeatlas.org/es/nobel-prize/medicina/1901/emil-adolf-von-behring/,https://prizeatlas.org/nobel-prize/medicine/1901/emil-adolf-von-behring/,"for his work on serum therapy, especially its application against diphtheria, by which he has opened a new road in the domain of medical science and thereby placed in the hands of the physician a victorious weapon against illness and deaths",Emil Adolf von Behring,index,Biología,Premio Nobel 1901 1/1,1,0,1,1,"Hansdorf (Lawice), Polonia",Universidad de Marburgo,"Premio Nobel de Medicina, 1901",https://www.wikidata.org/wiki/Q76425,1,marburg-university,,2026-09-30,1854,nobel-000003,Male,Individual,Q155354,I161103922,A5078999781,,01rdrb571,Emil Adolf von Behring,Marburg University,,Q7191,True
Medicine,Medicina,medicina,1902,Ronald Ross,A5109814053,,Q102034,04xs57h96,"for his work on malaria, by which he has shown how it enters the organism and thereby has laid the foundation for successful research on this disease and methods of combating it",1/1,1.0,Universidad de Liverpool,,"Liverpool, Reino Unido",1857-05-13,Almora,India,Reino Unido,1932-09-16,Putney Heath,Reino Unido,45,,0,1,1,ronald-ross,ronald-ross,Q102034,https://prizeatlas.org/es/nobel-prize/medicina/1902/ronald-ross/,https://prizeatlas.org/nobel-prize/medicine/1902/ronald-ross/,"for his work on malaria, by which he has shown how it enters the organism and thereby has laid the foundation for successful research on this disease and methods of combating it",Ronald Ross,index,Biología,Premio Nobel 1902 1/1,1,0,1,1,"Almora, India",Universidad de Liverpool,"Premio Nobel de Medicina, 1902",https://www.wikidata.org/wiki/Q102034,1,university-of-liverpool,,2026-09-30,1857,nobel-000009,Male,Individual,Q499510,I146655781,A5109814053,,04xs57h96,Ronald Ross,University of Liverpool,,Q7191,True
Medicine,Medicina,medicina,1903,Niels Ryberg Finsen,A5091481560,,Q182964,,"in recognition of his contribution to the treatment of diseases, especially lupus vulgaris, with concentrated light radiation, whereby he has opened a new avenue for medical science",1/1,1.0,Finsen Institute,Finsen Medical Light Institute,"Copenhagen, Dinamarca",1860-12-15,Thorshavn,Dinamarca,Dinamarca,1904-09-24,Copenhagen,Dinamarca,43,,0,1,1,niels-ryberg-finsen,niels-ryberg-finsen,Q182964,https://prizeatlas.org/es/nobel-prize/medicina/1903/niels-ryberg-finsen/,https://prizeatlas.org/nobel-prize/medicine/1903/niels-ryberg-finsen/,"in recognition of his contribution to the treatment of diseases, especially lupus vulgaris, with concentrated light radiation, whereby he has opened a new avenue for medical science",Niels Ryberg Finsen,index,Biología,Premio Nobel 1903 1/1,1,0,1,0,"Thorshavn, Dinamarca",Finsen Institute,"Premio Nobel de Medicina, 1903",https://www.wikidata.org/wiki/Q182964,1,finsen-institute,,2026-09-30,1860,nobel-000016,Male,Individual,Q12311411,,A5091481560,,,Niels Ryberg Finsen,Finsen Institute,Finsen Medical Light Institute,Q7191,True
Medicine,Medicina,medicina,1904,Ivan Petrovich Pavlov,A5027265834,,Q42985,035k4m812,"in recognition of his work on the physiology of digestion, through which knowledge on vital aspects of the subject has been transformed and enlarged",1/1,1.0,Academia Médico Militar S.M. Kirov,Military Medical Academy,"St. Petersburg, Rusia",1849-09-14,Ryazan,Rusia,Rusia,1936-02-27,Leningrad,Rusia,55,,0,1,1,ivan-petrovich-pavlov,ivan-petrovich-pavlov,Q42985,https://prizeatlas.org/es/nobel-prize/medicina/1904/ivan-petrovich-pavlov/,https://prizeatlas.org/nobel-prize/medicine/1904/ivan-petrovich-pavlov/,"in recognition of his work on the physiology of digestion, through which knowledge on vital aspects of the subject has been transformed and enlarged",Ivan Petrovich Pavlov,index,Biología,Premio Nobel 1904 1/1,1,0,1,1,"Ryazan, Rusia",Academia Médico Militar S.M. Kirov,"Premio Nobel de Medicina, 1904",https://www.wikidata.org/wiki/Q42985,1,s-m-kirov-military-medical-academy,,2026-09-30,1849,nobel-000024,Male,Individual,Q1459393,I2801546011,A5027265834,,035k4m812,Ivan Petrovich Pavlov,S. M. Kirov Military Medical Academy,Military Medical Academy,Q7191,True
Medicine,Medicina,medicina,1905,Robert Koch,A5111886592,,Q37193,01k5qnb77,for his investigations and discoveries in relation to tuberculosis,1/1,1.0,Instituto Robert Koch,Institute for Infectious Diseases,"Berlin, Alemania",1843-12-11,Clausthal (Clausthal-Zellerfeld),Alemania,Alemania,1910-05-27,Baden-Baden,Alemania,62,,0,1,1,robert-koch,robert-koch,Q37193,https://prizeatlas.org/es/nobel-prize/medicina/1905/robert-koch/,https://prizeatlas.org/nobel-prize/medicine/1905/robert-koch/,for his investigations and discoveries in relation to tuberculosis,Robert Koch,index,Biología,Premio Nobel 1905 1/1,1,0,1,1,"Clausthal (Clausthal-Zellerfeld), Alemania",Instituto Robert Koch,"Premio Nobel de Medicina, 1905",https://www.wikidata.org/wiki/Q37193,1,robert-koch-institute,,2026-09-30,1843,nobel-000029,Male,Individual,Q679041,I24359323,A5111886592,,01k5qnb77,Robert Koch,Robert Koch Institute,Institute for Infectious Diseases,Q7191,True
Medicine,Medicina,medicina,1906,Camillo Golgi,A5028941387,,Q150630,00s6t1f81,in recognition of their work on the structure of the nervous system,1/2,0.5,Universidad de Pavía,,"Pavia, Italia",1843-07-07,Corteno,Italia,Italia,1926-01-21,Pavia,Italia,63,Santiago Ramón y Cajal,1,1,2,camillo-golgi,camillo-golgi,Q150630,https://prizeatlas.org/es/nobel-prize/medicina/1906/camillo-golgi/,https://prizeatlas.org/nobel-prize/medicine/1906/camillo-golgi/,in recognition of their work on the structure of the nervous system,Camillo Golgi,index,Biología,Premio Nobel 1906 1/2,1,0,1,1,"Corteno, Italia",Universidad de Pavía,"Premio Nobel de Medicina, 1906",https://www.wikidata.org/wiki/Q150630,1,pavia-university,santiago-ramon-y-cajal,2026-09-30,1843,nobel-000034,Male,Individual,Q219317,I25217355,A5028941387,,00s6t1f81,Camillo Golgi,Pavia University,,Q7191,True
Medicine,Medicina,medicina,1906,Santiago Ramón y Cajal,A5135103711,0000-0002-3867-1390,Q150526,02p0gd045,in recognition of their work on the structure of the nervous system,1/2,0.5,Universidad Complutense de Madrid,,"Madrid, España",1852-05-01,Petilla de Aragó,España,España,1934-10-17,Madrid,España,54,Camillo Golgi,1,1,2,santiago-ramon-y-cajal,santiago-ramon-y-cajal,Q150526,https://prizeatlas.org/es/nobel-prize/medicina/1906/santiago-ramon-y-cajal/,https://prizeatlas.org/nobel-prize/medicine/1906/santiago-ramon-y-cajal/,in recognition of their work on the structure of the nervous system,Santiago Ramón y Cajal,index,Biología,Premio Nobel 1906 1/2,1,1,1,1,"Petilla de Aragó, España",Universidad Complutense de Madrid,"Premio Nobel de Medicina, 1906",https://www.wikidata.org/wiki/Q150526,1,madrid-university,camillo-golgi,2026-09-30,1852,nobel-000035,Male,Individual,Q219694,I121748325,A5135103711,0000-0002-3867-1390,02p0gd045,Santiago Ramón y Cajal,Madrid University,,Q7191,True
Medicine,Medicina,medicina,1907,Charles Louis Alphonse Laveran,A5018889707,,Q189006,0495fxg12,in recognition of his work on the role played by protozoa in causing diseases,1/1,1.0,Instituto Pasteur,,"Paris, Francia",1845-06-18,Paris,Francia,Francia,1922-05-18,Paris,Francia,62,,0,1,1,charles-louis-alphonse-laveran,charles-louis-alphonse-laveran,Q189006,https://prizeatlas.org/es/nobel-prize/medicina/1907/charles-louis-alphonse-laveran/,https://prizeatlas.org/nobel-prize/medicine/1907/charles-louis-alphonse-laveran/,in recognition of his work on the role played by protozoa in causing diseases,Charles Louis Alphonse Laveran,index,Biología,Premio Nobel 1907 1/1,1,0,1,1,"Paris, Francia",Instituto Pasteur,"Premio Nobel de Medicina, 1907",https://www.wikidata.org/wiki/Q189006,1,institut-pasteur,,2026-09-30,1845,nobel-000040,Male,Individual,Q391083,I157536573,A5018889707,,0495fxg12,Charles Louis Alphonse Laveran,Institut Pasteur,,Q7191,True
Medicine,Medicina,medicina,1908,Ilya Ilyich Mechnikov,A5059954113,,Q172254,0495fxg12,in recognition of their work on immunity,1/2,0.5,Instituto Pasteur,,"Paris, Francia",1845-05-15,Kharkov (Kharkiv),Ucrania,Francia; Ucrania,1916-07-15,Paris,Francia,63,Paul Ehrlich,1,1,2,ilya-ilyich-mechnikov,ilya-ilyich-mechnikov,Q172254,https://prizeatlas.org/es/nobel-prize/medicina/1908/ilya-ilyich-mechnikov/,https://prizeatlas.org/nobel-prize/medicine/1908/ilya-ilyich-mechnikov/,in recognition of their work on immunity,Ilya Ilyich Mechnikov,index,Biología,Premio Nobel 1908 1/2,1,0,1,1,"Kharkov (Kharkiv), Ucrania",Instituto Pasteur,"Premio Nobel de Medicina, 1908",https://www.wikidata.org/wiki/Q172254,1,institut-pasteur,paul-ehrlich,2026-09-30,1845,nobel-000046,Male,Individual,Q391083,I157536573,A5059954113,,0495fxg12,Ilya Ilyich Mechnikov,Institut Pasteur,,Q7191,True
Medicine,Medicina,medicina,1908,Paul Ehrlich,A5046706191,0000-0001-6079-8403,Q57089,01y9bpm73,in recognition of their work on immunity,1/2,0.5,Universidad de Gotinga,,"Göttingen, Alemania",1854-03-14,Strehlen (Strzelin),Polonia,Alemania,1915-08-20,Bad Homburg vor der Höhe,Alemania,54,Ilya Ilyich Mechnikov,1,1,2,paul-ehrlich,paul-ehrlich,Q57089,https://prizeatlas.org/es/nobel-prize/medicina/1908/paul-ehrlich/,https://prizeatlas.org/nobel-prize/medicine/1908/paul-ehrlich/,in recognition of their work on immunity,Paul Ehrlich,index,Biología,Premio Nobel 1908 1/2,1,1,1,1,"Strehlen (Strzelin), Polonia",Universidad de Gotinga,"Premio Nobel de Medicina, 1908",https://www.wikidata.org/wiki/Q57089,1,university-of-gottingen,ilya-ilyich-mechnikov,2026-09-30,1854,nobel-000047,Male,Individual,Q152838,I74656192,A5046706191,0000-0001-6079-8403,01y9bpm73,Paul Ehrlich,University of Göttingen,,Q7191,True
Medicine,Medicina,medicina,1909,Emil Theodor Kocher,A5076163925,,Q115478,,"for his work on the physiology, pathology and surgery of the thyroid gland",1/1,1.0,Berne University,,"Berne, Suiza",1841-08-25,Berne,Suiza,Suiza,1917-07-27,Berne,Suiza,68,,0,1,1,emil-theodor-kocher,emil-theodor-kocher,Q115478,https://prizeatlas.org/es/nobel-prize/medicina/1909/emil-theodor-kocher/,https://prizeatlas.org/nobel-prize/medicine/1909/emil-theodor-kocher/,"for his work on the physiology, pathology and surgery of the thyroid gland",Emil Theodor Kocher,index,Biología,Premio Nobel 1909 1/1,1,0,1,0,"Berne, Suiza",Berne University,"Premio Nobel de Medicina, 1909",https://www.wikidata.org/wiki/Q115478,1,berne-university,,2026-09-30,1841,nobel-000053,Male,Individual,Q4894094,,A5076163925,,,Emil Theodor Kocher,Berne University,,Q7191,True
Medicine,Medicina,medicina,1910,Albrecht Kossel,A5063935697,,Q57128,038t36y30,"in recognition of the contributions to our knowledge of cell chemistry made through his work on proteins, including the nucleic substances",1/1,1.0,Universidad de Heidelberg,,"Heidelberg, Alemania",1853-09-16,Rostock,Alemania,Alemania,1927-07-05,Heidelberg,Alemania,57,,0,1,1,albrecht-kossel,albrecht-kossel,Q57128,https://prizeatlas.org/es/nobel-prize/medicina/1910/albrecht-kossel/,https://prizeatlas.org/nobel-prize/medicine/1910/albrecht-kossel/,"in recognition of the contributions to our knowledge of cell chemistry made through his work on proteins, including the nucleic substances",Albrecht Kossel,index,Biología,Premio Nobel 1910 1/1,1,0,1,1,"Rostock, Alemania",Universidad de Heidelberg,"Premio Nobel de Medicina, 1910",https://www.wikidata.org/wiki/Q57128,1,university-of-heidelberg,,2026-09-30,1853,nobel-000060,Male,Individual,Q151510,I223822909,A5063935697,,038t36y30,Albrecht Kossel,University of Heidelberg,,Q7191,True
Medicine,Medicina,medicina,1911,Allvar Gullstrand,A5066444378,,Q192651,048a87296,for his work on the dioptrics of the eye,1/1,1.0,Universidad de Upsala,,"Uppsala, Suecia",1862-06-05,Landskrona,Suecia,Suecia,1930-07-28,Stockholm,Suecia,49,,0,1,1,allvar-gullstrand,allvar-gullstrand,Q192651,https://prizeatlas.org/es/nobel-prize/medicina/1911/allvar-gullstrand/,https://prizeatlas.org/nobel-prize/medicine/1911/allvar-gullstrand/,for his work on the dioptrics of the eye,Allvar Gullstrand,index,Biología,Premio Nobel 1911 1/1,1,0,1,1,"Landskrona, Suecia",Universidad de Upsala,"Premio Nobel de Medicina, 1911",https://www.wikidata.org/wiki/Q192651,1,uppsala-university,,2026-09-30,1862,nobel-000065,Male,Individual,Q185246,I123387679,A5066444378,,048a87296,Allvar Gullstrand,Uppsala University,,Q7191,True
Medicine,Medicina,medicina,1912,Alexis Carrel,A5112098647,,Q185777,0420db125,in recognition of his work on vascular suture and the transplantation of blood vessels and organs,1/1,1.0,Universidad Rockefeller,Rockefeller Institute for Medical Research,"New York, Estados Unidos",1873-06-28,Sainte-Foy-lès-Lyon,Francia,Francia,1944-11-05,Paris,Francia,39,,0,1,1,alexis-carrel,alexis-carrel,Q185777,https://prizeatlas.org/es/nobel-prize/medicina/1912/alexis-carrel/,https://prizeatlas.org/nobel-prize/medicine/1912/alexis-carrel/,in recognition of his work on vascular suture and the transplantation of blood vessels and organs,Alexis Carrel,index,Biología,Premio Nobel 1912 1/1,1,0,1,1,"Sainte-Foy-lès-Lyon, Francia",Universidad Rockefeller,"Premio Nobel de Medicina, 1912",https://www.wikidata.org/wiki/Q185777,1,rockefeller-university,,2026-09-30,1873,nobel-000072,Male,Individual,Q270272,I83399316,A5112098647,,0420db125,Alexis Carrel,Rockefeller University,Rockefeller Institute for Medical Research,Q7191,True
Medicine,Medicina,medicina,1913,Charles Robert Richet,A5018358489,,Q214851,02en5vm52,in recognition of his work on anaphylaxis,1/1,1.0,Sorbonne Université,,"Paris, Francia",1850-08-26,Paris,Francia,Francia,1935-12-04,Paris,Francia,63,,0,1,1,charles-robert-richet,charles-robert-richet,Q214851,https://prizeatlas.org/es/nobel-prize/medicina/1913/charles-robert-richet/,https://prizeatlas.org/nobel-prize/medicine/1913/charles-robert-richet/,in recognition of his work on anaphylaxis,Charles Robert Richet,index,Biología,Premio Nobel 1913 1/1,1,0,1,1,"Paris, Francia",Sorbonne Université,"Premio Nobel de Medicina, 1913",https://www.wikidata.org/wiki/Q214851,1,sorbonne-university,,2026-09-30,1850,nobel-000077,Male,Individual,Q41497113,I39804081,A5018358489,,02en5vm52,Charles Robert Richet,Sorbonne University,,Q7191,True
Medicine,Medicina,medicina,1914,Robert Bárány,A5031332171,,Q78478,03prydq77,for his work on the physiology and pathology of the vestibular apparatus,1/1,1.0,Universidad de Viena,,"Vienna, Austria",1876-04-22,Vienna,Austria,Austria; Suecia,1936-04-08,Uppsala,Suecia,38,,0,1,1,robert-barany,robert-barany,Q78478,https://prizeatlas.org/es/nobel-prize/medicina/1914/robert-barany/,https://prizeatlas.org/nobel-prize/medicine/1914/robert-barany/,for his work on the physiology and pathology of the vestibular apparatus,Robert Bárány,index,Biología,Premio Nobel 1914 1/1,1,0,1,1,"Vienna, Austria",Universidad de Viena,"Premio Nobel de Medicina, 1914",https://www.wikidata.org/wiki/Q78478,1,university-of-vienna,,2026-09-30,1876,nobel-000081,Male,Individual,Q165980,I129774422,A5031332171,,03prydq77,Robert Bárány,University of Vienna,,Q7191,True
Medicine,Medicina,medicina,1919,Jules Bordet,A5109263654,,Q211787,,for his discoveries relating to immunity,1/1,1.0,Brussels University,,"Brussels, Bélgica",1870-06-13,Soignies,Bélgica,Bélgica,1961-04-06,Brussels,Bélgica,49,,0,1,1,jules-bordet,jules-bordet,Q211787,https://prizeatlas.org/es/nobel-prize/medicina/1919/jules-bordet/,https://prizeatlas.org/nobel-prize/medicine/1919/jules-bordet/,for his discoveries relating to immunity,Jules Bordet,index,Biología,Premio Nobel 1919 1/1,1,0,1,0,"Soignies, Bélgica",Brussels University,"Premio Nobel de Medicina, 1919",https://www.wikidata.org/wiki/Q211787,1,brussels-university,,2026-09-30,1870,nobel-000095,Male,Individual,Q19952130,,A5109263654,,,Jules Bordet,Brussels University,,Q7191,True
Medicine,Medicina,medicina,1920,Schack August Steenberg Krogh,A5098549773,,Q152187,035b05819,for his discovery of the capillary motor regulating mechanism,1/1,1.0,Universidad de Copenhague,,"Copenhagen, Dinamarca",1874-11-15,Grenå,Dinamarca,Dinamarca,1949-09-13,Copenhagen,Dinamarca,46,,0,1,1,schack-august-steenberg-krogh,schack-august-steenberg-krogh,Q152187,https://prizeatlas.org/es/nobel-prize/medicina/1920/schack-august-steenberg-krogh/,https://prizeatlas.org/nobel-prize/medicine/1920/schack-august-steenberg-krogh/,for his discovery of the capillary motor regulating mechanism,Schack August Steenberg Krogh,index,Biología,Premio Nobel 1920 1/1,1,0,1,1,"Grenå, Dinamarca",Universidad de Copenhague,"Premio Nobel de Medicina, 1920",https://www.wikidata.org/wiki/Q152187,1,university-of-copenhagen,,2026-09-30,1874,nobel-000100,Male,Individual,Q186285,I124055696,A5098549773,,035b05819,Schack August Steenberg Krogh,University of Copenhagen,,Q7191,True
Medicine,Medicina,medicina,1922,Archibald Vivian Hill,A5112089062,,Q155375,04cw6st05,for his discovery relating to the production of heat in the muscle,1/2,0.5,Universidad de Londres,,"London, Reino Unido",1886-09-26,Bristol,Reino Unido,Reino Unido,1977-06-03,Cambridge,Reino Unido,36,Otto Fritz Meyerhof,1,1,1,archibald-vivian-hill,archibald-vivian-hill,Q155375,https://prizeatlas.org/es/nobel-prize/medicina/1922/archibald-vivian-hill/,https://prizeatlas.org/nobel-prize/medicine/1922/archibald-vivian-hill/,for his discovery relating to the production of heat in the muscle,Archibald Vivian Hill,index,Biología,Premio Nobel 1922 1/2,1,0,1,1,"Bristol, Reino Unido",Universidad de Londres,"Premio Nobel de Medicina, 1922",https://www.wikidata.org/wiki/Q155375,1,university-of-london,otto-fritz-meyerhof,2026-09-30,1886,nobel-000110,Male,Individual,Q170027,I124357947,A5112089062,,04cw6st05,Archibald Vivian Hill,University of London,,Q7191,True
Medicine,Medicina,medicina,1922,Otto Fritz Meyerhof,A5024378293,,Q57132,04v76ef78,for his discovery of the fixed relationship between the consumption of oxygen and the metabolism of lactic acid in the muscle,1/2,0.5,Universidad de Kiel,,"Kiel, Alemania",1884-04-12,Hanover,Alemania,Alemania; Estados Unidos,1951-10-06,"Philadelphia, PA",Estados Unidos,38,Archibald Vivian Hill,1,2,1,otto-fritz-meyerhof,otto-fritz-meyerhof,Q57132,https://prizeatlas.org/es/nobel-prize/medicina/1922/otto-fritz-meyerhof/,https://prizeatlas.org/nobel-prize/medicine/1922/otto-fritz-meyerhof/,for his discovery of the fixed relationship between the consumption of oxygen and the metabolism of lactic acid in the muscle,Otto Fritz Meyerhof,index,Biología,Premio Nobel 1922 1/2,1,0,1,1,"Hanover, Alemania",Universidad de Kiel,"Premio Nobel de Medicina, 1922",https://www.wikidata.org/wiki/Q57132,1,kiel-university,archibald-vivian-hill,2026-09-30,1884,nobel-000111,Male,Individual,Q156737,I32021983,A5024378293,,04v76ef78,Otto Fritz Meyerhof,Kiel University,,Q7191,True
Medicine,Medicina,medicina,1923,Frederick Grant Banting,A5141664781,,Q180350,03dbr7087,for the discovery of insulin,1/2,0.5,Universidad de Toronto,,"Toronto, Canadá",1891-11-14,Alliston,Canadá,Canadá,1941-02-21,Newfoundland,Canadá,32,John James Rickard Macleod,1,1,2,frederick-grant-banting,frederick-grant-banting,Q180350,https://prizeatlas.org/es/nobel-prize/medicina/1923/frederick-grant-banting/,https://prizeatlas.org/nobel-prize/medicine/1923/frederick-grant-banting/,for the discovery of insulin,Frederick Grant Banting,index,Biología,Premio Nobel 1923 1/2,1,0,1,1,"Alliston, Canadá",Universidad de Toronto,"Premio Nobel de Medicina, 1923",https://www.wikidata.org/wiki/Q180350,1,university-of-toronto,john-james-rickard-macleod,2026-09-30,1891,nobel-000116,Male,Individual,Q180865,I185261750,A5141664781,,03dbr7087,Frederick Grant Banting,University of Toronto,,Q7191,True
Medicine,Medicina,medicina,1923,John James Rickard Macleod,A5103633627,,Q232024,03dbr7087,for the discovery of insulin,1/2,0.5,Universidad de Toronto,,"Toronto, Canadá",1876-09-06,Cluny,Reino Unido,Reino Unido,1935-03-16,Aberdeen,Reino Unido,47,Frederick Grant Banting,1,1,2,john-james-rickard-macleod,john-james-rickard-macleod,Q232024,https://prizeatlas.org/es/nobel-prize/medicina/1923/john-james-rickard-macleod/,https://prizeatlas.org/nobel-prize/medicine/1923/john-james-rickard-macleod/,for the discovery of insulin,John James Rickard Macleod,index,Biología,Premio Nobel 1923 1/2,1,0,1,1,"Cluny, Reino Unido",Universidad de Toronto,"Premio Nobel de Medicina, 1923",https://www.wikidata.org/wiki/Q232024,1,university-of-toronto,frederick-grant-banting,2026-09-30,1876,nobel-000117,Male,Individual,Q180865,I185261750,A5103633627,,03dbr7087,John James Rickard Macleod,University of Toronto,,Q7191,True
Medicine,Medicina,medicina,1924,Willem Einthoven,A5013691349,,Q189488,027bh9e22,for his discovery of the mechanism of the electrocardiogram,1/1,1.0,Universidad de Leiden,,"Leiden, Países Bajos",1860-05-21,Semarang,Indonesia,Países Bajos,1927-09-29,Leiden,Países Bajos,64,,0,1,1,willem-einthoven,willem-einthoven,Q189488,https://prizeatlas.org/es/nobel-prize/medicina/1924/willem-einthoven/,https://prizeatlas.org/nobel-prize/medicine/1924/willem-einthoven/,for his discovery of the mechanism of the electrocardiogram,Willem Einthoven,index,Biología,Premio Nobel 1924 1/1,1,0,1,1,"Semarang, Indonesia",Universidad de Leiden,"Premio Nobel de Medicina, 1924",https://www.wikidata.org/wiki/Q189488,1,leiden-university,,2026-09-30,1860,nobel-000120,Male,Individual,Q156598,I121797337,A5013691349,,027bh9e22,Willem Einthoven,Leiden University,,Q7191,True
Medicine,Medicina,medicina,1926,Johannes Andreas Grib Fibiger,A5084229158,,Q216324,035b05819,for his discovery of the Spiroptera carcinoma,1/1,1.0,Universidad de Copenhague,,"Copenhagen, Dinamarca",1867-04-23,Silkeborg,Dinamarca,Dinamarca,1928-01-30,Copenhagen,Dinamarca,59,,0,1,1,johannes-andreas-grib-fibiger,johannes-andreas-grib-fibiger,Q216324,https://prizeatlas.org/es/nobel-prize/medicina/1926/johannes-andreas-grib-fibiger/,https://prizeatlas.org/nobel-prize/medicine/1926/johannes-andreas-grib-fibiger/,for his discovery of the Spiroptera carcinoma,Johannes Andreas Grib Fibiger,index,Biología,Premio Nobel 1926 1/1,1,0,1,1,"Silkeborg, Dinamarca",Universidad de Copenhague,"Premio Nobel de Medicina, 1926",https://www.wikidata.org/wiki/Q216324,1,university-of-copenhagen,,2026-09-30,1867,nobel-000130,Male,Individual,Q186285,I124055696,A5084229158,,035b05819,Johannes Andreas Grib Fibiger,University of Copenhagen,,Q7191,True
Medicine,Medicina,medicina,1927,Julius Wagner-Jauregg,A5021858981,,Q78479,03prydq77,for his discovery of the therapeutic value of malaria inoculation in the treatment of dementia paralytica,1/1,1.0,Universidad de Viena,,"Vienna, Austria",1857-03-07,Wels,Austria,Austria,1940-09-27,Vienna,Austria,70,,0,1,1,julius-wagner-jauregg,julius-wagner-jauregg,Q78479,https://prizeatlas.org/es/nobel-prize/medicina/1927/julius-wagner-jauregg/,https://prizeatlas.org/nobel-prize/medicine/1927/julius-wagner-jauregg/,for his discovery of the therapeutic value of malaria inoculation in the treatment of dementia paralytica,Julius Wagner-Jauregg,index,Biología,Premio Nobel 1927 1/1,1,0,1,1,"Wels, Austria",Universidad de Viena,"Premio Nobel de Medicina, 1927",https://www.wikidata.org/wiki/Q78479,1,university-of-vienna,,2026-09-30,1857,nobel-000136,Male,Individual,Q165980,I129774422,A5021858981,,03prydq77,Julius Wagner-Jauregg,University of Vienna,,Q7191,True
Medicine,Medicina,medicina,1928,Charles Jules Henri Nicolle,A5009354937,,Q233965,,for his work on typhus,1/1,1.0,Institut Pasteur de Tunis,,"Tunis, Túnez",1866-09-21,Rouen,Francia,Francia,1936-02-28,Tunis,Túnez,62,,0,1,1,charles-jules-henri-nicolle,charles-jules-henri-nicolle,Q233965,https://prizeatlas.org/es/nobel-prize/medicina/1928/charles-jules-henri-nicolle/,https://prizeatlas.org/nobel-prize/medicine/1928/charles-jules-henri-nicolle/,for his work on typhus,Charles Jules Henri Nicolle,index,Biología,Premio Nobel 1928 1/1,1,0,1,0,"Rouen, Francia",Institut Pasteur de Tunis,"Premio Nobel de Medicina, 1928",https://www.wikidata.org/wiki/Q233965,1,institut-pasteur-de-tunis,,2026-09-30,1866,nobel-000143,Male,Individual,Q3151790,,A5009354937,,,Charles Jules Henri Nicolle,Institut Pasteur de Tunis,,Q7191,True
Medicine,Medicina,medicina,1929,Christiaan Eijkman,A5068473799,,Q107609,04pp8hn57,for his discovery of the antineuritic vitamin,1/2,0.5,Universidad de Utrecht,,"Utrecht, Países Bajos",1858-08-11,Nijkerk,Países Bajos,Países Bajos,1930-11-05,Utrecht,Países Bajos,71,Sir Frederick Gowland Hopkins,1,1,1,christiaan-eijkman,christiaan-eijkman,Q107609,https://prizeatlas.org/es/nobel-prize/medicina/1929/christiaan-eijkman/,https://prizeatlas.org/nobel-prize/medicine/1929/christiaan-eijkman/,for his discovery of the antineuritic vitamin,Christiaan Eijkman,index,Biología,Premio Nobel 1929 1/2,1,0,1,1,"Nijkerk, Países Bajos",Universidad de Utrecht,"Premio Nobel de Medicina, 1929",https://www.wikidata.org/wiki/Q107609,1,utrecht-university,sir-frederick-gowland-hopkins,2026-09-30,1858,nobel-000148,Male,Individual,Q221653,I193662353,A5068473799,,04pp8hn57,Christiaan Eijkman,Utrecht University,,Q7191,True
Medicine,Medicina,medicina,1929,Sir Frederick Gowland Hopkins,A5058687221,,Q233976,013meh722,for his discovery of the growth-stimulating vitamins,1/2,0.5,Universidad de Cambridge,,"Cambridge, Reino Unido",1861-06-20,Eastbourne,Reino Unido,Reino Unido,1947-05-16,Cambridge,Reino Unido,68,Christiaan Eijkman,1,2,1,sir-frederick-gowland-hopkins,sir-frederick-gowland-hopkins,Q233976,https://prizeatlas.org/es/nobel-prize/medicina/1929/sir-frederick-gowland-hopkins/,https://prizeatlas.org/nobel-prize/medicine/1929/sir-frederick-gowland-hopkins/,for his discovery of the growth-stimulating vitamins,Sir Frederick Gowland Hopkins,index,Biología,Premio Nobel 1929 1/2,1,0,1,1,"Eastbourne, Reino Unido",Universidad de Cambridge,"Premio Nobel de Medicina, 1929",https://www.wikidata.org/wiki/Q233976,1,university-of-cambridge,christiaan-eijkman,2026-09-30,1861,nobel-000149,Male,Individual,Q35794,I241749,A5058687221,,013meh722,Sir Frederick Gowland Hopkins,University of Cambridge,,Q7191,True
Medicine,Medicina,medicina,1930,Karl Landsteiner,A5015297458,0000-0003-4583-4511,Q84405,0420db125,for his discovery of human blood groups,1/1,1.0,Universidad Rockefeller,Rockefeller Institute for Medical Research,"New York, Estados Unidos",1868-06-14,Vienna,Austria,Austria; Estados Unidos,1943-06-26,"New York, NY",Estados Unidos,62,,0,1,1,karl-landsteiner,karl-landsteiner,Q84405,https://prizeatlas.org/es/nobel-prize/medicina/1930/karl-landsteiner/,https://prizeatlas.org/nobel-prize/medicine/1930/karl-landsteiner/,for his discovery of human blood groups,Karl Landsteiner,index,Biología,Premio Nobel 1930 1/1,1,1,1,1,"Vienna, Austria",Universidad Rockefeller,"Premio Nobel de Medicina, 1930",https://www.wikidata.org/wiki/Q84405,1,rockefeller-university,,2026-09-30,1868,nobel-000154,Male,Individual,Q270272,I83399316,A5015297458,0000-0003-4583-4511,0420db125,Karl Landsteiner,Rockefeller University,Rockefeller Institute for Medical Research,Q7191,True
Medicine,Medicina,medicina,1931,Otto Heinrich Warburg,A5081458871,,Q76464,01hhn8329,for his discovery of the nature and mode of action of the respiratory enzyme,1/1,1.0,Sociedad Max Planck,Max Planck Institute for Biology Tübingen,"Tübingen, Alemania",1883-10-08,Freiburg im Breisgau,Alemania,Alemania,1970-08-01,West Berlin,Alemania,48,,0,1,1,otto-heinrich-warburg,otto-heinrich-warburg,Q76464,https://prizeatlas.org/es/nobel-prize/medicina/1931/otto-heinrich-warburg/,https://prizeatlas.org/nobel-prize/medicine/1931/otto-heinrich-warburg/,for his discovery of the nature and mode of action of the respiratory enzyme,Otto Heinrich Warburg,index,Biología,Premio Nobel 1931 1/1,1,0,1,1,"Freiburg im Breisgau, Alemania",Sociedad Max Planck,"Premio Nobel de Medicina, 1931",https://www.wikidata.org/wiki/Q76464,1,max-planck-society,,2026-09-30,1883,nobel-000160,Male,Individual,Q158085,I149899117,A5081458871,,01hhn8329,Otto Heinrich Warburg,Max Planck Society,Max Planck Institute for Biology Tübingen,Q7191,True
Medicine,Medicina,medicina,1932,Edgar Douglas Adrian,A5051584702,,Q231292,013meh722,for their discoveries regarding the functions of neurons,1/2,0.5,Universidad de Cambridge,,"Cambridge, Reino Unido",1889-11-30,London,Reino Unido,Reino Unido,1977-08-08,Cambridge,Reino Unido,43,Sir Charles Scott Sherrington,1,1,2,edgar-douglas-adrian,edgar-douglas-adrian,Q231292,https://prizeatlas.org/es/nobel-prize/medicina/1932/edgar-douglas-adrian/,https://prizeatlas.org/nobel-prize/medicine/1932/edgar-douglas-adrian/,for their discoveries regarding the functions of neurons,Edgar Douglas Adrian,index,Biología,Premio Nobel 1932 1/2,1,0,1,1,"London, Reino Unido",Universidad de Cambridge,"Premio Nobel de Medicina, 1932",https://www.wikidata.org/wiki/Q231292,1,university-of-cambridge,sir-charles-scott-sherrington,2026-09-30,1889,nobel-000166,Male,Individual,Q35794,I241749,A5051584702,,013meh722,Edgar Douglas Adrian,University of Cambridge,,Q7191,True
Medicine,Medicina,medicina,1932,Sir Charles Scott Sherrington,A5010255332,,Q213504,052gg0110,for their discoveries regarding the functions of neurons,1/2,0.5,Universidad de Oxford,,"Oxford, Reino Unido",1857-11-27,London,Reino Unido,Reino Unido; Estados Unidos,1952-03-04,Eastbourne,Reino Unido,75,Edgar Douglas Adrian,1,1,2,sir-charles-scott-sherrington,sir-charles-scott-sherrington,Q213504,https://prizeatlas.org/es/nobel-prize/medicina/1932/sir-charles-scott-sherrington/,https://prizeatlas.org/nobel-prize/medicine/1932/sir-charles-scott-sherrington/,for their discoveries regarding the functions of neurons,Sir Charles Scott Sherrington,index,Biología,Premio Nobel 1932 1/2,1,0,1,1,"London, Reino Unido",Universidad de Oxford,"Premio Nobel de Medicina, 1932",https://www.wikidata.org/wiki/Q213504,1,university-of-oxford,edgar-douglas-adrian,2026-09-30,1857,nobel-000165,Male,Individual,Q34433,I40120149,A5010255332,,052gg0110,Sir Charles Scott Sherrington,University of Oxford,,Q7191,True
Medicine,Medicina,medicina,1933,Thomas Hunt Morgan,A5079834850,0000-0002-4017-3147,Q177681,05dxps055,for his discoveries concerning the role played by the chromosome in heredity,1/1,1.0,Instituto de Tecnología de California,,"Pasadena, Estados Unidos",1866-09-25,"Lexington, KY",Estados Unidos,Estados Unidos,1945-12-04,"Pasadena, CA",Estados Unidos,67,,0,1,1,thomas-hunt-morgan,thomas-hunt-morgan,Q177681,https://prizeatlas.org/es/nobel-prize/medicina/1933/thomas-hunt-morgan/,https://prizeatlas.org/nobel-prize/medicine/1933/thomas-hunt-morgan/,for his discoveries concerning the role played by the chromosome in heredity,Thomas Hunt Morgan,index,Biología,Premio Nobel 1933 1/1,1,1,1,1,"Lexington, KY, Estados Unidos",Instituto de Tecnología de California,"Premio Nobel de Medicina, 1933",https://www.wikidata.org/wiki/Q177681,1,california-institute-of-technology,,2026-09-30,1866,nobel-000169,Male,Individual,Q161562,I122411786,A5079834850,0000-0002-4017-3147,05dxps055,Thomas Hunt Morgan,California Institute of Technology,,Q7191,True
Medicine,Medicina,medicina,1934,George Hoyt Whipple,A5045033585,,Q273238,022kthw22,for their discoveries concerning liver therapy in cases of anaemia,1/3,0.3333333333333333,Universidad de Rochester,,"Rochester, Estados Unidos",1878-08-28,"Ashland, NH",Estados Unidos,Estados Unidos,1976-02-01,"Rochester, NY",Estados Unidos,56,George Richards Minot; William Parry Murphy,2,1,3,george-hoyt-whipple,george-hoyt-whipple,Q273238,https://prizeatlas.org/es/nobel-prize/medicina/1934/george-hoyt-whipple/,https://prizeatlas.org/nobel-prize/medicine/1934/george-hoyt-whipple/,for their discoveries concerning liver therapy in cases of anaemia,George Hoyt Whipple,index,Biología,Premio Nobel 1934 1/3,1,0,1,1,"Ashland, NH, Estados Unidos",Universidad de Rochester,"Premio Nobel de Medicina, 1934",https://www.wikidata.org/wiki/Q273238,1,university-of-rochester,george-richards-minot; william-parry-murphy,2026-09-30,1878,nobel-000175,Male,Individual,Q149990,I5388228,A5045033585,,022kthw22,George Hoyt Whipple,University of Rochester,,Q7191,True
Medicine,Medicina,medicina,1934,George Richards Minot,A5113268786,,Q245000,03vek6s52,for their discoveries concerning liver therapy in cases of anaemia,1/3,0.3333333333333333,Universidad Harvard,,"Cambridge, Estados Unidos",1885-12-02,"Boston, MA",Estados Unidos,Estados Unidos,1950-02-25,"Brookline, MA",Estados Unidos,49,George Hoyt Whipple; William Parry Murphy,2,1,3,george-richards-minot,george-richards-minot,Q245000,https://prizeatlas.org/es/nobel-prize/medicina/1934/george-richards-minot/,https://prizeatlas.org/nobel-prize/medicine/1934/george-richards-minot/,for their discoveries concerning liver therapy in cases of anaemia,George Richards Minot,index,Biología,Premio Nobel 1934 1/3,1,0,1,1,"Boston, MA, Estados Unidos",Universidad Harvard,"Premio Nobel de Medicina, 1934",https://www.wikidata.org/wiki/Q245000,1,harvard-university,george-hoyt-whipple; william-parry-murphy,2026-09-30,1885,nobel-000176,Male,Individual,Q13371,I136199984,A5113268786,,03vek6s52,George Richards Minot,Harvard University,,Q7191,True
Medicine,Medicina,medicina,1934,William Parry Murphy,A5103116165,,Q80323,03vek6s52,for their discoveries concerning liver therapy in cases of anaemia,1/3,0.3333333333333333,Universidad Harvard,,"Cambridge, Estados Unidos",1892-02-06,"Stoughton, WI",Estados Unidos,Estados Unidos,1987-10-09,"Brookline, MA",Estados Unidos,42,George Hoyt Whipple; George Richards Minot,2,1,3,william-parry-murphy,william-parry-murphy,Q80323,https://prizeatlas.org/es/nobel-prize/medicina/1934/william-parry-murphy/,https://prizeatlas.org/nobel-prize/medicine/1934/william-parry-murphy/,for their discoveries concerning liver therapy in cases of anaemia,William Parry Murphy,index,Biología,Premio Nobel 1934 1/3,1,0,1,1,"Stoughton, WI, Estados Unidos",Universidad Harvard,"Premio Nobel de Medicina, 1934",https://www.wikidata.org/wiki/Q80323,1,harvard-university,george-hoyt-whipple; george-richards-minot,2026-09-30,1892,nobel-000177,Male,Individual,Q13371,I136199984,A5103116165,,03vek6s52,William Parry Murphy,Harvard University,,Q7191,True
Medicine,Medicina,medicina,1935,Hans Spemann,A5021930742,,Q57568,0245cg223,for his discovery of the organizer effect in embryonic development,1/1,1.0,Universidad de Friburgo,,"Freiburg im Breisgau, Alemania",1869-06-27,Stuttgart,Alemania,Alemania,1941-09-12,Freiburg im Breisgau,Alemania,66,,0,1,1,hans-spemann,hans-spemann,Q57568,https://prizeatlas.org/es/nobel-prize/medicina/1935/hans-spemann/,https://prizeatlas.org/nobel-prize/medicine/1935/hans-spemann/,for his discovery of the organizer effect in embryonic development,Hans Spemann,index,Biología,Premio Nobel 1935 1/1,1,0,1,1,"Stuttgart, Alemania",Universidad de Friburgo,"Premio Nobel de Medicina, 1935",https://www.wikidata.org/wiki/Q57568,1,university-of-freiburg,,2026-09-30,1869,nobel-000181,Male,Individual,Q153987,I161046081,A5021930742,,0245cg223,Hans Spemann,University of Freiburg,,Q7191,True
Medicine,Medicina,medicina,1936,Otto Loewi,A5007361971,,Q77173,01faaaf77,for their discoveries relating to chemical transmission of nerve impulses,1/2,0.5,Universidad de Graz,,"Graz, Austria",1873-06-03,Frankfurt-on-the-Main,Alemania,Alemania; Estados Unidos; Austria,1961-12-25,"New York, NY",Estados Unidos,63,Sir Henry Hallett Dale,1,1,2,otto-loewi,otto-loewi,Q77173,https://prizeatlas.org/es/nobel-prize/medicina/1936/otto-loewi/,https://prizeatlas.org/nobel-prize/medicine/1936/otto-loewi/,for their discoveries relating to chemical transmission of nerve impulses,Otto Loewi,index,Biología,Premio Nobel 1936 1/2,1,0,1,1,"Frankfurt-on-the-Main, Alemania",Universidad de Graz,"Premio Nobel de Medicina, 1936",https://www.wikidata.org/wiki/Q77173,1,university-of-graz,sir-henry-hallett-dale,2026-09-30,1873,nobel-000187,Male,Individual,Q622683,I15766117,A5007361971,,01faaaf77,Otto Loewi,University of Graz,,Q7191,True
Medicine,Medicina,medicina,1936,Sir Henry Hallett Dale,A5059720021,,Q72194,,for their discoveries relating to chemical transmission of nerve impulses,1/2,0.5,National Institute for Medical Research,,"London, Reino Unido",1875-06-09,London,Reino Unido,Reino Unido,1968-07-23,Cambridge,Reino Unido,61,Otto Loewi,1,1,2,sir-henry-hallett-dale,sir-henry-hallett-dale,Q72194,https://prizeatlas.org/es/nobel-prize/medicina/1936/sir-henry-hallett-dale/,https://prizeatlas.org/nobel-prize/medicine/1936/sir-henry-hallett-dale/,for their discoveries relating to chemical transmission of nerve impulses,Sir Henry Hallett Dale,index,Biología,Premio Nobel 1936 1/2,1,0,1,0,"London, Reino Unido",National Institute for Medical Research,"Premio Nobel de Medicina, 1936",https://www.wikidata.org/wiki/Q72194,1,national-institute-for-medical-research,otto-loewi,2026-09-30,1875,nobel-000186,Male,Individual,Q1732774,,A5059720021,,,Sir Henry Hallett Dale,National Institute for Medical Research,,Q7191,True
Medicine,Medicina,medicina,1937,Albert von Szent-Györgyi Nagyrápolt,A5109521432,,Q180468,01pnej532,"for his discoveries in connection with the biological combustion processes, with special reference to vitamin C and the catalysis of fumaric acid",1/1,1.0,Universidad de Szeged,,"Szeged, Hungría",1893-09-16,Budapest,Hungría,Hungría; Estados Unidos,1986-10-22,"Woods Hole, MA",Estados Unidos,44,,0,1,1,albert-von-szent-gyorgyi-nagyrapolt,albert-von-szent-gyorgyi-nagyrapolt,Q180468,https://prizeatlas.org/es/nobel-prize/medicina/1937/albert-von-szent-gyorgyi-nagyrapolt/,https://prizeatlas.org/nobel-prize/medicine/1937/albert-von-szent-gyorgyi-nagyrapolt/,"for his discoveries in connection with the biological combustion processes, with special reference to vitamin C and the catalysis of fumaric acid",Albert von Szent-Györgyi Nagyrápolt,index,Biología,Premio Nobel 1937 1/1,1,0,1,1,"Budapest, Hungría",Universidad de Szeged,"Premio Nobel de Medicina, 1937",https://www.wikidata.org/wiki/Q180468,1,university-of-szeged,,2026-09-30,1893,nobel-000194,Male,Individual,Q369839,I227486990,A5109521432,,01pnej532,Albert von Szent-Györgyi Nagyrápolt,University of Szeged,,Q7191,True
Medicine,Medicina,medicina,1938,Corneille Jean François Heymans,A5039587600,,Q156482,00cv9y106,for the discovery of the role played by the sinus and aortic mechanisms in the regulation of respiration,1/1,1.0,Universidad de Gante,,"Ghent, Bélgica",1892-03-28,Ghent,Bélgica,Bélgica,1968-07-18,Knokke,Bélgica,46,,0,1,1,corneille-jean-francois-heymans,corneille-jean-francois-heymans,Q156482,https://prizeatlas.org/es/nobel-prize/medicina/1938/corneille-jean-francois-heymans/,https://prizeatlas.org/nobel-prize/medicine/1938/corneille-jean-francois-heymans/,for the discovery of the role played by the sinus and aortic mechanisms in the regulation of respiration,Corneille Jean François Heymans,index,Biología,Premio Nobel 1938 1/1,1,0,1,1,"Ghent, Bélgica",Universidad de Gante,"Premio Nobel de Medicina, 1938",https://www.wikidata.org/wiki/Q156482,1,ghent-university,,2026-09-30,1892,nobel-000200,Male,Individual,Q1137665,I32597200,A5039587600,,00cv9y106,Corneille Jean François Heymans,Ghent University,,Q7191,True
Medicine,Medicina,medicina,1939,Gerhard Domagk,A5108393610,,Q57192,00pd74e08,for the discovery of the antibacterial effects of prontosil,1/1,1.0,Universidad de Münster,,"Munster, Alemania",1895-10-30,Lagow,Polonia,Alemania,1964-04-24,Burgberg,Alemania,44,,0,1,1,gerhard-domagk,gerhard-domagk,Q57192,https://prizeatlas.org/es/nobel-prize/medicina/1939/gerhard-domagk/,https://prizeatlas.org/nobel-prize/medicine/1939/gerhard-domagk/,for the discovery of the antibacterial effects of prontosil,Gerhard Domagk,index,Biología,Premio Nobel 1939 1/1,1,0,1,1,"Lagow, Polonia",Universidad de Münster,"Premio Nobel de Medicina, 1939",https://www.wikidata.org/wiki/Q57192,1,munster-university,,2026-09-30,1895,nobel-000206,Male,Individual,Q168426,I22465464,A5108393610,,00pd74e08,Gerhard Domagk,Munster University,,Q7191,True
Medicine,Medicina,medicina,1943,Henrik Carl Peter Dam,A5030633672,,Q190501,04qtj9h94,for his discovery of vitamin K,1/2,0.5,Universidad Técnica de Dinamarca,Polytechnic Institute,"Copenhagen, Dinamarca",1895-02-21,Copenhagen,Dinamarca,Dinamarca,1976-04-17,Copenhagen,Dinamarca,48,Edward Adelbert Doisy,1,1,1,henrik-carl-peter-dam,henrik-carl-peter-dam,Q190501,https://prizeatlas.org/es/nobel-prize/medicina/1943/henrik-carl-peter-dam/,https://prizeatlas.org/nobel-prize/medicine/1943/henrik-carl-peter-dam/,for his discovery of vitamin K,Henrik Carl Peter Dam,index,Biología,Premio Nobel 1943 1/2,1,0,1,1,"Copenhagen, Dinamarca",Universidad Técnica de Dinamarca,"Premio Nobel de Medicina, 1943",https://www.wikidata.org/wiki/Q190501,1,technical-university-of-denmark,edward-adelbert-doisy,2026-09-30,1895,nobel-000209,Male,Individual,Q1269766,I96673099,A5030633672,,04qtj9h94,Henrik Carl Peter Dam,Technical University of Denmark,Polytechnic Institute,Q7191,True
Medicine,Medicina,medicina,1943,Edward Adelbert Doisy,A5111368343,,Q230612,01p7jjy08,for his discovery of the chemical nature of vitamin K,1/2,0.5,Universidad de San Luis,,"St. Louis, Estados Unidos",1893-11-13,"Hume, IL",Estados Unidos,Estados Unidos,1986-10-23,"St. Louis, MO",Estados Unidos,50,Henrik Carl Peter Dam,1,2,1,edward-adelbert-doisy,edward-adelbert-doisy,Q230612,https://prizeatlas.org/es/nobel-prize/medicina/1943/edward-adelbert-doisy/,https://prizeatlas.org/nobel-prize/medicine/1943/edward-adelbert-doisy/,for his discovery of the chemical nature of vitamin K,Edward Adelbert Doisy,index,Biología,Premio Nobel 1943 1/2,1,0,1,1,"Hume, IL, Estados Unidos",Universidad de San Luis,"Premio Nobel de Medicina, 1943",https://www.wikidata.org/wiki/Q230612,1,saint-louis-university,henrik-carl-peter-dam,2026-09-30,1893,nobel-000210,Male,Individual,Q734774,I47838141,A5111368343,,01p7jjy08,Edward Adelbert Doisy,Saint Louis University,,Q7191,True
Medicine,Medicina,medicina,1944,Herbert Spencer Gasser,A5006416610,,Q273201,0420db125,for their discoveries relating to the highly differentiated functions of single nerve fibres,1/2,0.5,Universidad Rockefeller,Rockefeller Institute for Medical Research,"New York, Estados Unidos",1888-07-05,"Platteville, WI",Estados Unidos,Estados Unidos,1963-05-11,"New York, NY",Estados Unidos,56,Joseph Erlanger,1,1,2,herbert-spencer-gasser,herbert-spencer-gasser,Q273201,https://prizeatlas.org/es/nobel-prize/medicina/1944/herbert-spencer-gasser/,https://prizeatlas.org/nobel-prize/medicine/1944/herbert-spencer-gasser/,for their discoveries relating to the highly differentiated functions of single nerve fibres,Herbert Spencer Gasser,index,Biología,Premio Nobel 1944 1/2,1,0,1,1,"Platteville, WI, Estados Unidos",Universidad Rockefeller,"Premio Nobel de Medicina, 1944",https://www.wikidata.org/wiki/Q273201,1,rockefeller-university,joseph-erlanger,2026-09-30,1888,nobel-000215,Male,Individual,Q270272,I83399316,A5006416610,,0420db125,Herbert Spencer Gasser,Rockefeller University,Rockefeller Institute for Medical Research,Q7191,True
Medicine,Medicina,medicina,1944,Joseph Erlanger,A5016962982,,Q243532,01yc7t268,for their discoveries relating to the highly differentiated functions of single nerve fibres,1/2,0.5,Universidad Washington en San Luis,,"St. Louis, Estados Unidos",1874-01-05,"San Francisco, CA",Estados Unidos,Estados Unidos,1965-12-05,"St. Louis, MO",Estados Unidos,70,Herbert Spencer Gasser,1,1,2,joseph-erlanger,joseph-erlanger,Q243532,https://prizeatlas.org/es/nobel-prize/medicina/1944/joseph-erlanger/,https://prizeatlas.org/nobel-prize/medicine/1944/joseph-erlanger/,for their discoveries relating to the highly differentiated functions of single nerve fibres,Joseph Erlanger,index,Biología,Premio Nobel 1944 1/2,1,0,1,1,"San Francisco, CA, Estados Unidos",Universidad Washington en San Luis,"Premio Nobel de Medicina, 1944",https://www.wikidata.org/wiki/Q243532,1,washington-university-in-st-louis,herbert-spencer-gasser,2026-09-30,1874,nobel-000214,Male,Individual,Q777403,I204465549,A5016962982,,01yc7t268,Joseph Erlanger,Washington University in St. Louis,,Q7191,True
Medicine,Medicina,medicina,1945,Ernst Boris Chain,A5108629317,,Q58054,052gg0110,for the discovery of penicillin and its curative effect in various infectious diseases,1/3,0.3333333333333333,Universidad de Oxford,,"Oxford, Reino Unido",1906-06-19,Berlin,Alemania,Reino Unido; Alemania,1979-08-12,Mulrany,Irlanda,39,Sir Alexander Fleming; Sir Howard Walter Florey,2,1,3,ernst-boris-chain,ernst-boris-chain,Q58054,https://prizeatlas.org/es/nobel-prize/medicina/1945/ernst-boris-chain/,https://prizeatlas.org/nobel-prize/medicine/1945/ernst-boris-chain/,for the discovery of penicillin and its curative effect in various infectious diseases,Ernst Boris Chain,index,Biología,Premio Nobel 1945 1/3,1,0,1,1,"Berlin, Alemania",Universidad de Oxford,"Premio Nobel de Medicina, 1945",https://www.wikidata.org/wiki/Q58054,1,university-of-oxford,sir-alexander-fleming; sir-howard-walter-florey,2026-09-30,1906,nobel-000221,Male,Individual,Q34433,I40120149,A5108629317,,052gg0110,Ernst Boris Chain,University of Oxford,,Q7191,True
Medicine,Medicina,medicina,1945,Sir Alexander Fleming,A5112243224,,Q37064,04cw6st05,for the discovery of penicillin and its curative effect in various infectious diseases,1/3,0.3333333333333333,Universidad de Londres,,"London, Reino Unido",1881-08-06,Lochfield,Reino Unido,Reino Unido,1955-03-11,London,Reino Unido,64,Ernst Boris Chain; Sir Howard Walter Florey,2,1,3,sir-alexander-fleming,sir-alexander-fleming,Q37064,https://prizeatlas.org/es/nobel-prize/medicina/1945/sir-alexander-fleming/,https://prizeatlas.org/nobel-prize/medicine/1945/sir-alexander-fleming/,for the discovery of penicillin and its curative effect in various infectious diseases,Sir Alexander Fleming,index,Biología,Premio Nobel 1945 1/3,1,0,1,1,"Lochfield, Reino Unido",Universidad de Londres,"Premio Nobel de Medicina, 1945",https://www.wikidata.org/wiki/Q37064,1,university-of-london,ernst-boris-chain; sir-howard-walter-florey,2026-09-30,1881,nobel-000220,Male,Individual,Q170027,I124357947,A5112243224,,04cw6st05,Sir Alexander Fleming,University of London,,Q7191,True
Medicine,Medicina,medicina,1945,Sir Howard Walter Florey,A5110094148,,Q137106,052gg0110,for the discovery of penicillin and its curative effect in various infectious diseases,1/3,0.3333333333333333,Universidad de Oxford,,"Oxford, Reino Unido",1898-09-24,Adelaide,Australia,Australia,1968-02-21,Oxford,Reino Unido,47,Sir Alexander Fleming; Ernst Boris Chain,2,1,3,sir-howard-walter-florey,sir-howard-walter-florey,Q137106,https://prizeatlas.org/es/nobel-prize/medicina/1945/sir-howard-walter-florey/,https://prizeatlas.org/nobel-prize/medicine/1945/sir-howard-walter-florey/,for the discovery of penicillin and its curative effect in various infectious diseases,Sir Howard Walter Florey,index,Biología,Premio Nobel 1945 1/3,1,0,1,1,"Adelaide, Australia",Universidad de Oxford,"Premio Nobel de Medicina, 1945",https://www.wikidata.org/wiki/Q137106,1,university-of-oxford,sir-alexander-fleming; ernst-boris-chain,2026-09-30,1898,nobel-000222,Male,Individual,Q34433,I40120149,A5110094148,,052gg0110,Sir Howard Walter Florey,University of Oxford,,Q7191,True
Medicine,Medicina,medicina,1946,Hermann Joseph Muller,A5109951871,,Q83598,01kg8sb98,for the discovery of the production of mutations by means of X-ray irradiation,1/1,1.0,Universidad de Indiana,,"Bloomington, Estados Unidos",1890-12-21,"New York, NY",Estados Unidos,Estados Unidos,1967-04-05,"Indianapolis, IN",Estados Unidos,56,,0,1,1,hermann-joseph-muller,hermann-joseph-muller,Q83598,https://prizeatlas.org/es/nobel-prize/medicina/1946/hermann-joseph-muller/,https://prizeatlas.org/nobel-prize/medicine/1946/hermann-joseph-muller/,for the discovery of the production of mutations by means of X-ray irradiation,Hermann Joseph Muller,index,Biología,Premio Nobel 1946 1/1,1,0,1,1,"New York, NY, Estados Unidos",Universidad de Indiana,"Premio Nobel de Medicina, 1946",https://www.wikidata.org/wiki/Q83598,1,indiana-university,,2026-09-30,1890,nobel-000229,Male,Individual,Q6608367,I592451,A5109951871,,01kg8sb98,Hermann Joseph Muller,Indiana University,,Q7191,True
Medicine,Medicina,medicina,1947,Carl Ferdinand Cori,A5108568908,,Q78501,01yc7t268,for their discovery of the course of the catalytic conversion of glycogen,1/4,0.25,Universidad Washington en San Luis,,"St. Louis, Estados Unidos",1896-12-05,Prague,República Checa,República Checa; Estados Unidos,1984-10-20,"Cambridge, MA",Estados Unidos,51,"Gerty Theresa Cori, née Radnitz; Bernardo Alberto Houssay",2,1,2,carl-ferdinand-cori,carl-ferdinand-cori,Q78501,https://prizeatlas.org/es/nobel-prize/medicina/1947/carl-ferdinand-cori/,https://prizeatlas.org/nobel-prize/medicine/1947/carl-ferdinand-cori/,for their discovery of the course of the catalytic conversion of glycogen,Carl Ferdinand Cori,index,Biología,Premio Nobel 1947 1/4,1,0,1,1,"Prague, República Checa",Universidad Washington en San Luis,"Premio Nobel de Medicina, 1947",https://www.wikidata.org/wiki/Q78501,1,washington-university-in-st-louis,gerty-theresa-cori-nee-radnitz; bernardo-alberto-houssay,2026-09-30,1896,nobel-000235,Male,Individual,Q777403,I204465549,A5108568908,,01yc7t268,Carl Ferdinand Cori,Washington University in St. Louis,,Q7191,True
Medicine,Medicina,medicina,1947,"Gerty Theresa Cori, née Radnitz",A5003134752,,Q204733,01yc7t268,for their discovery of the course of the catalytic conversion of glycogen,1/4,0.25,Universidad Washington en San Luis,,"St. Louis, Estados Unidos",1896-08-15,Prague,República Checa,República Checa; Estados Unidos,1957-10-26,"St. Louis, MO",Estados Unidos,51,Carl Ferdinand Cori; Bernardo Alberto Houssay,2,1,2,gerty-theresa-cori-nee-radnitz,gerty-theresa-cori-nee-radnitz,Q204733,https://prizeatlas.org/es/nobel-prize/medicina/1947/gerty-theresa-cori-nee-radnitz/,https://prizeatlas.org/nobel-prize/medicine/1947/gerty-theresa-cori-nee-radnitz/,for their discovery of the course of the catalytic conversion of glycogen,"Gerty Theresa Cori, née Radnitz",index,Biología,Premio Nobel 1947 1/4,1,0,1,1,"Prague, República Checa",Universidad Washington en San Luis,"Premio Nobel de Medicina, 1947",https://www.wikidata.org/wiki/Q204733,1,washington-university-in-st-louis,carl-ferdinand-cori; bernardo-alberto-houssay,2026-09-30,1896,nobel-000236,Female,Individual,Q777403,I204465549,A5003134752,,01yc7t268,"Gerty Theresa Cori, née Radnitz",Washington University in St. Louis,,Q7191,True
Medicine,Medicina,medicina,1947,Bernardo Alberto Houssay,A5112052280,,Q237160,03hnwy706,for his discovery of the part played by the hormone of the anterior pituitary lobe in the metabolism of sugar,1/2,0.5,Instituto de Biología y Medicina Experimental,,"Buenos Aires, Argentina",1887-04-10,Buenos Aires,Argentina,Argentina,1971-09-21,Buenos Aires,Argentina,60,"Carl Ferdinand Cori; Gerty Theresa Cori, née Radnitz",2,2,1,bernardo-alberto-houssay,bernardo-alberto-houssay,Q237160,https://prizeatlas.org/es/nobel-prize/medicina/1947/bernardo-alberto-houssay/,https://prizeatlas.org/nobel-prize/medicine/1947/bernardo-alberto-houssay/,for his discovery of the part played by the hormone of the anterior pituitary lobe in the metabolism of sugar,Bernardo Alberto Houssay,index,Biología,Premio Nobel 1947 1/2,1,0,1,1,"Buenos Aires, Argentina",Instituto de Biología y Medicina Experimental,"Premio Nobel de Medicina, 1947",https://www.wikidata.org/wiki/Q237160,1,instituto-de-biologia-y-medicina-experimental-institute-for-biology-and-09d90d88,carl-ferdinand-cori; gerty-theresa-cori-nee-radnitz,2026-09-30,1887,nobel-000237,Male,Individual,Q5918039,I71650599,A5112052280,,03hnwy706,Bernardo Alberto Houssay,Instituto de Biologia y Medicina Experimental (Institute for Biology and Experimental Medicine),,Q7191,True
Medicine,Medicina,medicina,1948,Paul Hermann Müller,A5014564395,,Q115475,,for his discovery of the high efficiency of DDT as a contact poison against several arthropods,1/1,1.0,Laboratorium der Farben-Fabriken J.R. Geigy A.G. (Laboratory of the J.R. Geigy Dye-Factory Co.),,"Basel, Suiza",1899-01-12,Olten,Suiza,Suiza,1965-10-12,Basel,Suiza,49,,0,1,1,paul-hermann-muller,paul-hermann-muller,Q115475,https://prizeatlas.org/es/nobel-prize/medicina/1948/paul-hermann-muller/,https://prizeatlas.org/nobel-prize/medicine/1948/paul-hermann-muller/,for his discovery of the high efficiency of DDT as a contact poison against several arthropods,Paul Hermann Müller,index,Biología,Premio Nobel 1948 1/1,1,0,1,0,"Olten, Suiza",Laboratorium der Farben-Fabriken J.R. Geigy A.G. (Laboratory of the J.R. Geigy Dye-Factory Co.),"Premio Nobel de Medicina, 1948",https://www.wikidata.org/wiki/Q115475,1,laboratorium-der-farben-fabriken-j-r-geigy-a-g-laboratory-of-the-j-r-ge-c0959ec1,,2026-09-30,1899,nobel-000243,Male,Individual,Q3100166,,A5014564395,,,Paul Hermann Müller,Laboratorium der Farben-Fabriken J.R. Geigy A.G. (Laboratory of the J.R. Geigy Dye-Factory Co.),,Q7191,True
Medicine,Medicina,medicina,1949,Walter Rudolf Hess,A5111718960,,Q115470,02crff812,for his discovery of the functional organization of the interbrain as a coordinator of the activities of the internal organs,1/2,0.5,Universidad de Zúrich,,"Zurich, Suiza",1881-03-17,Frauenfeld,Suiza,Suiza,1973-08-12,Ascona,Suiza,68,Antonio Caetano de Abreu Freire Egas Moniz,1,1,1,walter-rudolf-hess,walter-rudolf-hess,Q115470,https://prizeatlas.org/es/nobel-prize/medicina/1949/walter-rudolf-hess/,https://prizeatlas.org/nobel-prize/medicine/1949/walter-rudolf-hess/,for his discovery of the functional organization of the interbrain as a coordinator of the activities of the internal organs,Walter Rudolf Hess,index,Biología,Premio Nobel 1949 1/2,1,0,1,1,"Frauenfeld, Suiza",Universidad de Zúrich,"Premio Nobel de Medicina, 1949",https://www.wikidata.org/wiki/Q115470,1,university-of-zurich,antonio-caetano-de-abreu-freire-egas-moniz,2026-09-30,1881,nobel-000247,Male,Individual,Q206702,I202697423,A5111718960,,02crff812,Walter Rudolf Hess,University of Zurich,,Q7191,True
Medicine,Medicina,medicina,1949,Antonio Caetano de Abreu Freire Egas Moniz,A5090479084,,Q273219,01c27hj86,for his discovery of the therapeutic value of leucotomy in certain psychoses,1/2,0.5,universidad de Lisboa,,"Lisbon, Portugal",1874-11-29,Avanca,Portugal,Portugal,1955-12-13,Lisbon,Portugal,75,Walter Rudolf Hess,1,2,1,antonio-caetano-de-abreu-freire-egas-moniz,antonio-caetano-de-abreu-freire-egas-moniz,Q273219,https://prizeatlas.org/es/nobel-prize/medicina/1949/antonio-caetano-de-abreu-freire-egas-moniz/,https://prizeatlas.org/nobel-prize/medicine/1949/antonio-caetano-de-abreu-freire-egas-moniz/,for his discovery of the therapeutic value of leucotomy in certain psychoses,Antonio Caetano de Abreu Freire Egas Moniz,index,Biología,Premio Nobel 1949 1/2,1,0,1,1,"Avanca, Portugal",universidad de Lisboa,"Premio Nobel de Medicina, 1949",https://www.wikidata.org/wiki/Q273219,1,university-of-lisbon,walter-rudolf-hess,2026-09-30,1874,nobel-000248,Male,Individual,Q1122926,I141596103,A5090479084,,01c27hj86,Antonio Caetano de Abreu Freire Egas Moniz,University of Lisbon,,Q7191,True
Medicine,Medicina,medicina,1950,Edward Calvin Kendall,A5103333722,,Q110101,02qp3tb03,"for their discoveries relating to the hormones of the adrenal cortex, their structure and biological effects",1/3,0.3333333333333333,Clínica Mayo,,"Rochester, Estados Unidos",1886-03-08,"South Norwalk, CT",Estados Unidos,Estados Unidos,1972-05-04,"Princeton, NJ",Estados Unidos,64,Tadeus Reichstein; Philip Showalter Hench,2,1,3,edward-calvin-kendall,edward-calvin-kendall,Q110101,https://prizeatlas.org/es/nobel-prize/medicina/1950/edward-calvin-kendall/,https://prizeatlas.org/nobel-prize/medicine/1950/edward-calvin-kendall/,"for their discoveries relating to the hormones of the adrenal cortex, their structure and biological effects",Edward Calvin Kendall,index,Biología,Premio Nobel 1950 1/3,1,0,1,1,"South Norwalk, CT, Estados Unidos",Clínica Mayo,"Premio Nobel de Medicina, 1950",https://www.wikidata.org/wiki/Q110101,1,mayo-clinic,tadeus-reichstein; philip-showalter-hench,2026-09-30,1886,nobel-000254,Male,Individual,Q1130172,I1330342723,A5103333722,,02qp3tb03,Edward Calvin Kendall,Mayo Clinic,,Q7191,True
Medicine,Medicina,medicina,1950,Philip Showalter Hench,A5080055556,,Q235651,02qp3tb03,"for their discoveries relating to the hormones of the adrenal cortex, their structure and biological effects",1/3,0.3333333333333333,Clínica Mayo,,"Rochester, Estados Unidos",1896-02-28,"Pittsburgh, PA",Estados Unidos,Estados Unidos,1965-03-30,Ocho Rios,Jamaica,54,Edward Calvin Kendall; Tadeus Reichstein,2,1,3,philip-showalter-hench,philip-showalter-hench,Q235651,https://prizeatlas.org/es/nobel-prize/medicina/1950/philip-showalter-hench/,https://prizeatlas.org/nobel-prize/medicine/1950/philip-showalter-hench/,"for their discoveries relating to the hormones of the adrenal cortex, their structure and biological effects",Philip Showalter Hench,index,Biología,Premio Nobel 1950 1/3,1,0,1,1,"Pittsburgh, PA, Estados Unidos",Clínica Mayo,"Premio Nobel de Medicina, 1950",https://www.wikidata.org/wiki/Q235651,1,mayo-clinic,edward-calvin-kendall; tadeus-reichstein,2026-09-30,1896,nobel-000256,Male,Individual,Q1130172,I1330342723,A5080055556,,02qp3tb03,Philip Showalter Hench,Mayo Clinic,,Q7191,True
Medicine,Medicina,medicina,1950,Tadeus Reichstein,A5066359670,,Q115490,02s6k3f65,"for their discoveries relating to the hormones of the adrenal cortex, their structure and biological effects",1/3,0.3333333333333333,Universidad de Basilea,,"Basel, Suiza",1897-07-20,Wloclawek,Polonia,Suiza; Polonia,1996-08-01,Basel,Suiza,53,Edward Calvin Kendall; Philip Showalter Hench,2,1,3,tadeus-reichstein,tadeus-reichstein,Q115490,https://prizeatlas.org/es/nobel-prize/medicina/1950/tadeus-reichstein/,https://prizeatlas.org/nobel-prize/medicine/1950/tadeus-reichstein/,"for their discoveries relating to the hormones of the adrenal cortex, their structure and biological effects",Tadeus Reichstein,index,Biología,Premio Nobel 1950 1/3,1,0,1,1,"Wloclawek, Polonia",Universidad de Basilea,"Premio Nobel de Medicina, 1950",https://www.wikidata.org/wiki/Q115490,1,university-of-basel,edward-calvin-kendall; philip-showalter-hench,2026-09-30,1897,nobel-000255,Male,Individual,Q372608,I1850255,A5066359670,,02s6k3f65,Tadeus Reichstein,University of Basel,,Q7191,True
Medicine,Medicina,medicina,1951,Max Theiler,A5043974167,,Q46928,03sfkwk85,for his discoveries concerning yellow fever and how to combat it,1/1,1.0,Fundación Rockefeller,"Laboratories of the Division of Medicine and Public Health, Rockefeller Foundation","New York, Estados Unidos",1899-01-30,Pretoria,Sudáfrica,Estados Unidos; Sudáfrica,1972-08-11,"New Haven, CT",Estados Unidos,52,,0,1,1,max-theiler,max-theiler,Q46928,https://prizeatlas.org/es/nobel-prize/medicina/1951/max-theiler/,https://prizeatlas.org/nobel-prize/medicine/1951/max-theiler/,for his discoveries concerning yellow fever and how to combat it,Max Theiler,index,Biología,Premio Nobel 1951 1/1,1,0,1,1,"Pretoria, Sudáfrica",Fundación Rockefeller,"Premio Nobel de Medicina, 1951",https://www.wikidata.org/wiki/Q46928,1,rockefeller-foundation,,2026-09-30,1899,nobel-000262,Male,Individual,Q862034,I118636833,A5043974167,,03sfkwk85,Max Theiler,Rockefeller Foundation,"Laboratories of the Division of Medicine and Public Health, Rockefeller Foundation",Q7191,True
Medicine,Medicina,medicina,1952,Selman Abraham Waksman,A5068222051,,Q232308,05vt9qd57,"for his discovery of streptomycin, the first antibiotic effective against tuberculosis",1/1,1.0,Universidad Rutgers,,"New Brunswick, Estados Unidos",1888-07-22,Priluka (Nova Pryluka),Ucrania,Estados Unidos; Ucrania,1973-08-16,"Hyannis, MA",Estados Unidos,64,,0,1,1,selman-abraham-waksman,selman-abraham-waksman,Q232308,https://prizeatlas.org/es/nobel-prize/medicina/1952/selman-abraham-waksman/,https://prizeatlas.org/nobel-prize/medicine/1952/selman-abraham-waksman/,"for his discovery of streptomycin, the first antibiotic effective against tuberculosis",Selman Abraham Waksman,index,Biología,Premio Nobel 1952 1/1,1,0,1,1,"Priluka (Nova Pryluka), Ucrania",Universidad Rutgers,"Premio Nobel de Medicina, 1952",https://www.wikidata.org/wiki/Q232308,1,rutgers-university,,2026-09-30,1888,nobel-000269,Male,Individual,Q499451,I102322142,A5068222051,,05vt9qd57,Selman Abraham Waksman,Rutgers University,,Q7191,True
Medicine,Medicina,medicina,1953,Hans Adolf Krebs,A5113454028,,Q57191,05krs5044,for his discovery of the citric acid cycle,1/2,0.5,Universidad de Sheffield,,"Sheffield, Reino Unido",1900-08-25,Hildesheim,Alemania,Alemania; Reino Unido,1981-11-22,Oxford,Reino Unido,53,Fritz Albert Lipmann,1,1,1,hans-adolf-krebs,hans-adolf-krebs,Q57191,https://prizeatlas.org/es/nobel-prize/medicina/1953/hans-adolf-krebs/,https://prizeatlas.org/nobel-prize/medicine/1953/hans-adolf-krebs/,for his discovery of the citric acid cycle,Hans Adolf Krebs,index,Biología,Premio Nobel 1953 1/2,1,0,1,1,"Hildesheim, Alemania",Universidad de Sheffield,"Premio Nobel de Medicina, 1953",https://www.wikidata.org/wiki/Q57191,1,sheffield-university,fritz-albert-lipmann,2026-09-30,1900,nobel-000275,Male,Individual,Q823917,I91136226,A5113454028,,05krs5044,Hans Adolf Krebs,Sheffield University,,Q7191,True
Medicine,Medicina,medicina,1953,Fritz Albert Lipmann,A5075443787,,Q77104,03vek6s52,for his discovery of co-enzyme A and its importance for intermediary metabolism,1/2,0.5,Universidad Harvard,Harvard Medical School,"Boston, Estados Unidos",1899-06-12,Koenigsberg (Kaliningrad),Rusia,Alemania; Estados Unidos,1986-07-24,"Poughkeepsie, NY",Estados Unidos,54,Hans Adolf Krebs,1,2,1,fritz-albert-lipmann,fritz-albert-lipmann,Q77104,https://prizeatlas.org/es/nobel-prize/medicina/1953/fritz-albert-lipmann/,https://prizeatlas.org/nobel-prize/medicine/1953/fritz-albert-lipmann/,for his discovery of co-enzyme A and its importance for intermediary metabolism,Fritz Albert Lipmann,index,Biología,Premio Nobel 1953 1/2,1,0,1,1,"Koenigsberg (Kaliningrad), Rusia",Universidad Harvard,"Premio Nobel de Medicina, 1953",https://www.wikidata.org/wiki/Q77104,1,harvard-university,hans-adolf-krebs,2026-09-30,1899,nobel-000276,Male,Individual,Q13371,I136199984,A5075443787,,03vek6s52,Fritz Albert Lipmann,Harvard University,Harvard Medical School,Q7191,True
Medicine,Medicina,medicina,1954,Frederick Chapman Robbins,A5065034781,,Q309885,,for their discovery of the ability of poliomyelitis viruses to grow in cultures of various types of tissue,1/3,0.3333333333333333,Western Reserve University,,"Cleveland, Estados Unidos",1916-08-25,"Auburn, AL",Estados Unidos,Estados Unidos,2003-08-04,"Cleveland, OH",Estados Unidos,38,John Franklin Enders; Thomas Huckle Weller,2,1,3,frederick-chapman-robbins,frederick-chapman-robbins,Q309885,https://prizeatlas.org/es/nobel-prize/medicina/1954/frederick-chapman-robbins/,https://prizeatlas.org/nobel-prize/medicine/1954/frederick-chapman-robbins/,for their discovery of the ability of poliomyelitis viruses to grow in cultures of various types of tissue,Frederick Chapman Robbins,index,Biología,Premio Nobel 1954 1/3,1,0,1,0,"Auburn, AL, Estados Unidos",Western Reserve University,"Premio Nobel de Medicina, 1954",https://www.wikidata.org/wiki/Q309885,1,western-reserve-university,john-franklin-enders; thomas-huckle-weller,2026-09-30,1916,nobel-000283,Male,Individual,Q134605048,,A5065034781,,,Frederick Chapman Robbins,Western Reserve University,,Q7191,True
Medicine,Medicina,medicina,1954,John Franklin Enders,A5103579514,,Q312961,03vek6s52,for their discovery of the ability of poliomyelitis viruses to grow in cultures of various types of tissue,1/3,0.3333333333333333,Universidad Harvard,Harvard Medical School,"Boston, Estados Unidos",1897-02-10,"West Hartford, CT",Estados Unidos,Estados Unidos,1985-09-08,"Waterford, CT",Estados Unidos,57,Thomas Huckle Weller; Frederick Chapman Robbins,2,1,3,john-franklin-enders,john-franklin-enders,Q312961,https://prizeatlas.org/es/nobel-prize/medicina/1954/john-franklin-enders/,https://prizeatlas.org/nobel-prize/medicine/1954/john-franklin-enders/,for their discovery of the ability of poliomyelitis viruses to grow in cultures of various types of tissue,John Franklin Enders,index,Biología,Premio Nobel 1954 1/3,1,0,1,1,"West Hartford, CT, Estados Unidos",Universidad Harvard,"Premio Nobel de Medicina, 1954",https://www.wikidata.org/wiki/Q312961,1,harvard-university,thomas-huckle-weller; frederick-chapman-robbins,2026-09-30,1897,nobel-000281,Male,Individual,Q13371,I136199984,A5103579514,,03vek6s52,John Franklin Enders,Harvard University,Harvard Medical School,Q7191,True
Medicine,Medicina,medicina,1954,Thomas Huckle Weller,A5110189596,,Q310131,00dvg7y05,for their discovery of the ability of poliomyelitis viruses to grow in cultures of various types of tissue,1/3,0.3333333333333333,Children's Hospital Boston,"Research Division of Infectious Diseases, Children's Medical Center","Boston, Estados Unidos",1915-06-15,"Ann Arbor, MI",Estados Unidos,Estados Unidos,2008-08-23,"Needham, MA",Estados Unidos,39,John Franklin Enders; Frederick Chapman Robbins,2,1,3,thomas-huckle-weller,thomas-huckle-weller,Q310131,https://prizeatlas.org/es/nobel-prize/medicina/1954/thomas-huckle-weller/,https://prizeatlas.org/nobel-prize/medicine/1954/thomas-huckle-weller/,for their discovery of the ability of poliomyelitis viruses to grow in cultures of various types of tissue,Thomas Huckle Weller,index,Biología,Premio Nobel 1954 1/3,1,0,1,1,"Ann Arbor, MI, Estados Unidos",Children's Hospital Boston,"Premio Nobel de Medicina, 1954",https://www.wikidata.org/wiki/Q310131,1,boston-children-s-hospital,john-franklin-enders; frederick-chapman-robbins,2026-09-30,1915,nobel-000282,Male,Individual,Q1000479,I1288882113,A5110189596,,00dvg7y05,Thomas Huckle Weller,Boston Children's Hospital,"Research Division of Infectious Diseases, Children's Medical Center",Q7191,True
Medicine,Medicina,medicina,1955,Axel Hugo Theodor Theorell,A5073804103,,Q156480,056d84691,for his discoveries concerning the nature and mode of action of oxidation enzymes,1/1,1.0,Instituto Karolinska,Nobel Medical Institute,"Stockholm, Suecia",1903-07-06,Linköping,Suecia,Suecia,1982-08-15,Stockholm,Suecia,52,,0,1,1,axel-hugo-theodor-theorell,axel-hugo-theodor-theorell,Q156480,https://prizeatlas.org/es/nobel-prize/medicina/1955/axel-hugo-theodor-theorell/,https://prizeatlas.org/nobel-prize/medicine/1955/axel-hugo-theodor-theorell/,for his discoveries concerning the nature and mode of action of oxidation enzymes,Axel Hugo Theodor Theorell,index,Biología,Premio Nobel 1955 1/1,1,0,1,1,"Linköping, Suecia",Instituto Karolinska,"Premio Nobel de Medicina, 1955",https://www.wikidata.org/wiki/Q156480,1,karolinska-institutet,,2026-09-30,1903,nobel-000289,Male,Individual,Q219564,I28166907,A5073804103,,056d84691,Axel Hugo Theodor Theorell,Karolinska Institutet,Nobel Medical Institute,Q7191,True
Medicine,Medicina,medicina,1956,André Frédéric Cournand,A5108588998,,Q271757,00hj8s172,for their discoveries concerning heart catheterization and pathological changes in the circulatory system,1/3,0.3333333333333333,Universidad de Columbia,"Cardio-Pulmonary Laboratory, Bellevue Hospital","New York, Estados Unidos",1895-09-24,Paris,Francia,Francia; Estados Unidos,1988-02-19,"Great Barrington, MA",Estados Unidos,61,Werner Forssmann; Dickinson W. Richards,2,1,3,andre-frederic-cournand,andre-frederic-cournand,Q271757,https://prizeatlas.org/es/nobel-prize/medicina/1956/andre-frederic-cournand/,https://prizeatlas.org/nobel-prize/medicine/1956/andre-frederic-cournand/,for their discoveries concerning heart catheterization and pathological changes in the circulatory system,André Frédéric Cournand,index,Biología,Premio Nobel 1956 1/3,1,0,1,1,"Paris, Francia",Universidad de Columbia,"Premio Nobel de Medicina, 1956",https://www.wikidata.org/wiki/Q271757,1,columbia-university,werner-forssmann; dickinson-w-richards,2026-09-30,1895,nobel-000295,Male,Individual,Q49088,I78577930,A5108588998,,00hj8s172,André Frédéric Cournand,Columbia University,"Cardio-Pulmonary Laboratory, Bellevue Hospital",Q7191,True
Medicine,Medicina,medicina,1956,Dickinson W. Richards,A5003482340,,Q312963,00hj8s172,for their discoveries concerning heart catheterization and pathological changes in the circulatory system,1/3,0.3333333333333333,Universidad de Columbia,,"New York, Estados Unidos",1895-10-30,"Orange, NJ",Estados Unidos,Estados Unidos,1973-02-23,"Lakeville, CT",Estados Unidos,61,André Frédéric Cournand; Werner Forssmann,2,1,3,dickinson-w-richards,dickinson-w-richards,Q312963,https://prizeatlas.org/es/nobel-prize/medicina/1956/dickinson-w-richards/,https://prizeatlas.org/nobel-prize/medicine/1956/dickinson-w-richards/,for their discoveries concerning heart catheterization and pathological changes in the circulatory system,Dickinson W. Richards,index,Biología,Premio Nobel 1956 1/3,1,0,1,1,"Orange, NJ, Estados Unidos",Universidad de Columbia,"Premio Nobel de Medicina, 1956",https://www.wikidata.org/wiki/Q312963,1,columbia-university,andre-frederic-cournand; werner-forssmann,2026-09-30,1895,nobel-000297,Male,Individual,Q49088,I78577930,A5003482340,,00hj8s172,Dickinson W. Richards,Columbia University,,Q7191,True
Medicine,Medicina,medicina,1956,Werner Forssmann,A5074450749,,Q77152,02re32a17,for their discoveries concerning heart catheterization and pathological changes in the circulatory system,1/3,0.3333333333333333,Mainz University,,"Mainz, Alemania",1904-08-29,Berlin,Alemania,Alemania,1979-06-01,Schopfheim,Alemania,52,André Frédéric Cournand; Dickinson W. Richards,2,1,3,werner-forssmann,werner-forssmann,Q77152,https://prizeatlas.org/es/nobel-prize/medicina/1956/werner-forssmann/,https://prizeatlas.org/nobel-prize/medicine/1956/werner-forssmann/,for their discoveries concerning heart catheterization and pathological changes in the circulatory system,Werner Forssmann,index,Biología,Premio Nobel 1956 1/3,1,0,1,1,"Berlin, Alemania",Mainz University,"Premio Nobel de Medicina, 1956",https://www.wikidata.org/wiki/Q77152,1,mainz-university,andre-frederic-cournand; dickinson-w-richards,2026-09-30,1904,nobel-000296,Male,Individual,Q459724,I164387090,A5074450749,,02re32a17,Werner Forssmann,Mainz University,,Q7191,True
Medicine,Medicina,medicina,1957,Daniel Bovet,A5042775842,,Q115448,02hssy432,"for his discoveries relating to synthetic compounds that inhibit the action of certain body substances, and especially their action on the vascular system and the skeletal muscles",1/1,1.0,Istituto Superiore di Sanità (Chief Institute of Public Health),,"Rome, Italia",1907-03-23,Neuchâtel,Suiza,Italia; Suiza,1992-04-08,Rome,Italia,50,,0,1,1,daniel-bovet,daniel-bovet,Q115448,https://prizeatlas.org/es/nobel-prize/medicina/1957/daniel-bovet/,https://prizeatlas.org/nobel-prize/medicine/1957/daniel-bovet/,"for his discoveries relating to synthetic compounds that inhibit the action of certain body substances, and especially their action on the vascular system and the skeletal muscles",Daniel Bovet,index,Biología,Premio Nobel 1957 1/1,1,0,1,1,"Neuchâtel, Suiza",Istituto Superiore di Sanità (Chief Institute of Public Health),"Premio Nobel de Medicina, 1957",https://www.wikidata.org/wiki/Q115448,1,istituto-superiore-di-sanita-chief-institute-of-public-health,,2026-09-30,1907,nobel-000303,Male,Individual,Q3803682,I27897274,A5042775842,,02hssy432,Daniel Bovet,Istituto Superiore di Sanità (Chief Institute of Public Health),,Q7191,True
Medicine,Medicina,medicina,1958,Edward Lawrie Tatum,A5063122237,,Q237499,0420db125,for their discovery that genes act by regulating definite chemical events,1/4,0.25,Universidad Rockefeller,Rockefeller Institute for Medical Research,"New York, Estados Unidos",1909-12-14,"Boulder, CO",Estados Unidos,Estados Unidos,1975-11-05,"New York, NY",Estados Unidos,49,George Wells Beadle; Joshua Lederberg,2,1,2,edward-lawrie-tatum,edward-lawrie-tatum,Q237499,https://prizeatlas.org/es/nobel-prize/medicina/1958/edward-lawrie-tatum/,https://prizeatlas.org/nobel-prize/medicine/1958/edward-lawrie-tatum/,for their discovery that genes act by regulating definite chemical events,Edward Lawrie Tatum,index,Biología,Premio Nobel 1958 1/4,1,0,1,1,"Boulder, CO, Estados Unidos",Universidad Rockefeller,"Premio Nobel de Medicina, 1958",https://www.wikidata.org/wiki/Q237499,1,rockefeller-university,george-wells-beadle; joshua-lederberg,2026-09-30,1909,nobel-000310,Male,Individual,Q270272,I83399316,A5063122237,,0420db125,Edward Lawrie Tatum,Rockefeller University,Rockefeller Institute for Medical Research,Q7191,True
Medicine,Medicina,medicina,1958,George Wells Beadle,A5052135945,,Q238739,05dxps055,for their discovery that genes act by regulating definite chemical events,1/4,0.25,Instituto de Tecnología de California,,"Pasadena, Estados Unidos",1903-10-22,"Wahoo, NE",Estados Unidos,Estados Unidos,1989-06-09,"Pomona, CA",Estados Unidos,55,Edward Lawrie Tatum; Joshua Lederberg,2,1,2,george-wells-beadle,george-wells-beadle,Q238739,https://prizeatlas.org/es/nobel-prize/medicina/1958/george-wells-beadle/,https://prizeatlas.org/nobel-prize/medicine/1958/george-wells-beadle/,for their discovery that genes act by regulating definite chemical events,George Wells Beadle,index,Biología,Premio Nobel 1958 1/4,1,0,1,1,"Wahoo, NE, Estados Unidos",Instituto de Tecnología de California,"Premio Nobel de Medicina, 1958",https://www.wikidata.org/wiki/Q238739,1,california-institute-of-technology,edward-lawrie-tatum; joshua-lederberg,2026-09-30,1903,nobel-000309,Male,Individual,Q161562,I122411786,A5052135945,,05dxps055,George Wells Beadle,California Institute of Technology,,Q7191,True
Medicine,Medicina,medicina,1958,Joshua Lederberg,A5060761413,,Q218823,01y2jtd41,for his discoveries concerning genetic recombination and the organization of the genetic material of bacteria,1/2,0.5,Universidad de Wisconsin-Madison,,"Madison, Estados Unidos",1925-05-23,"Montclair, NJ",Estados Unidos,Estados Unidos,2008-02-02,"New York, NY",Estados Unidos,33,George Wells Beadle; Edward Lawrie Tatum,2,2,1,joshua-lederberg,joshua-lederberg,Q218823,https://prizeatlas.org/es/nobel-prize/medicina/1958/joshua-lederberg/,https://prizeatlas.org/nobel-prize/medicine/1958/joshua-lederberg/,for his discoveries concerning genetic recombination and the organization of the genetic material of bacteria,Joshua Lederberg,index,Biología,Premio Nobel 1958 1/2,1,0,1,1,"Montclair, NJ, Estados Unidos",Universidad de Wisconsin-Madison,"Premio Nobel de Medicina, 1958",https://www.wikidata.org/wiki/Q218823,1,university-of-wisconsinmadison,george-wells-beadle; edward-lawrie-tatum,2026-09-30,1925,nobel-000311,Male,Individual,Q838330,I135310074,A5060761413,,01y2jtd41,Joshua Lederberg,University of Wisconsin–Madison,,Q7191,True
Medicine,Medicina,medicina,1959,Arthur Kornberg,A5074009134,,Q295678,00f54p054,for their discovery of the mechanisms in the biological synthesis of ribonucleic acid and deoxyribonucleic acid,1/2,0.5,Universidad Stanford,,"Stanford, Estados Unidos",1918-03-03,"Brooklyn, NY",Estados Unidos,Estados Unidos,2007-10-26,"Stanford, CA",Estados Unidos,41,Severo Ochoa,1,1,2,arthur-kornberg,arthur-kornberg,Q295678,https://prizeatlas.org/es/nobel-prize/medicina/1959/arthur-kornberg/,https://prizeatlas.org/nobel-prize/medicine/1959/arthur-kornberg/,for their discovery of the mechanisms in the biological synthesis of ribonucleic acid and deoxyribonucleic acid,Arthur Kornberg,index,Biología,Premio Nobel 1959 1/2,1,0,1,1,"Brooklyn, NY, Estados Unidos",Universidad Stanford,"Premio Nobel de Medicina, 1959",https://www.wikidata.org/wiki/Q295678,1,stanford-university,severo-ochoa,2026-09-30,1918,nobel-000319,Male,Individual,Q41506,I97018004,A5074009134,,00f54p054,Arthur Kornberg,Stanford University,,Q7191,True
Medicine,Medicina,medicina,1959,Severo Ochoa,A5104366377,,Q233957,0190ak572,for their discovery of the mechanisms in the biological synthesis of ribonucleic acid and deoxyribonucleic acid,1/2,0.5,Universidad de Nueva York,School of Medicine,"New York, Estados Unidos",1905-09-24,Luarca,España,España; Estados Unidos,1993-11-01,Madrid,España,54,Arthur Kornberg,1,1,2,severo-ochoa,severo-ochoa,Q233957,https://prizeatlas.org/es/nobel-prize/medicina/1959/severo-ochoa/,https://prizeatlas.org/nobel-prize/medicine/1959/severo-ochoa/,for their discovery of the mechanisms in the biological synthesis of ribonucleic acid and deoxyribonucleic acid,Severo Ochoa,index,Biología,Premio Nobel 1959 1/2,1,0,1,1,"Luarca, España",Universidad de Nueva York,"Premio Nobel de Medicina, 1959",https://www.wikidata.org/wiki/Q233957,1,new-york-university,arthur-kornberg,2026-09-30,1905,nobel-000318,Male,Individual,Q49210,I57206974,A5104366377,,0190ak572,Severo Ochoa,New York University,School of Medicine,Q7191,True
Medicine,Medicina,medicina,1960,Frank Macfarlane Burnet,A5109855464,,Q193550,01b6kha49,for discovery of acquired immunological tolerance,1/2,0.5,Instituto de Investigación Médica Walter y Eliza Hall,,"Melbourne, Australia",1899-09-03,Traralgon,Australia,Australia,1985-08-31,Melbourne,Australia,61,Peter Brian Medawar,1,1,2,frank-macfarlane-burnet,frank-macfarlane-burnet,Q193550,https://prizeatlas.org/es/nobel-prize/medicina/1960/frank-macfarlane-burnet/,https://prizeatlas.org/nobel-prize/medicine/1960/frank-macfarlane-burnet/,for discovery of acquired immunological tolerance,Frank Macfarlane Burnet,index,Biología,Premio Nobel 1960 1/2,1,0,1,1,"Traralgon, Australia",Instituto de Investigación Médica Walter y Eliza Hall,"Premio Nobel de Medicina, 1960",https://www.wikidata.org/wiki/Q193550,1,the-walter-and-eliza-hall-institute-of-medical-research,peter-brian-medawar,2026-09-30,1899,nobel-000325,Male,Individual,Q7966487,I196021976,A5109855464,,01b6kha49,Frank Macfarlane Burnet,The Walter and Eliza Hall Institute of Medical Research,,Q7191,True
Medicine,Medicina,medicina,1960,Peter Brian Medawar,A5112594972,,Q214209,02jx3x895,for discovery of acquired immunological tolerance,1/2,0.5,University College de Londres,University College London,"London, Reino Unido",1915-02-28,Rio de Janeiro,Brasil,Reino Unido; Estados Unidos,1987-10-02,London,Reino Unido,45,Frank Macfarlane Burnet,1,1,2,peter-brian-medawar,peter-brian-medawar,Q214209,https://prizeatlas.org/es/nobel-prize/medicina/1960/peter-brian-medawar/,https://prizeatlas.org/nobel-prize/medicine/1960/peter-brian-medawar/,for discovery of acquired immunological tolerance,Peter Brian Medawar,index,Biología,Premio Nobel 1960 1/2,1,0,1,1,"Rio de Janeiro, Brasil",University College de Londres,"Premio Nobel de Medicina, 1960",https://www.wikidata.org/wiki/Q214209,1,university-college-london,frank-macfarlane-burnet,2026-09-30,1915,nobel-000326,Male,Individual,Q193196,I45129253,A5112594972,,02jx3x895,Peter Brian Medawar,University College London,University College London,Q7191,True
Medicine,Medicina,medicina,1961,Georg von Békésy,A5002557532,,Q238716,03vek6s52,for his discoveries of the physical mechanism of stimulation within the cochlea,1/1,1.0,Universidad Harvard,,"Cambridge, Estados Unidos",1899-06-03,Budapest,Hungría,Hungría; Estados Unidos,1972-06-13,"Honolulu, HI",Estados Unidos,62,,0,1,1,georg-von-bekesy,georg-von-bekesy,Q238716,https://prizeatlas.org/es/nobel-prize/medicina/1961/georg-von-bekesy/,https://prizeatlas.org/nobel-prize/medicine/1961/georg-von-bekesy/,for his discoveries of the physical mechanism of stimulation within the cochlea,Georg von Békésy,index,Biología,Premio Nobel 1961 1/1,1,0,1,1,"Budapest, Hungría",Universidad Harvard,"Premio Nobel de Medicina, 1961",https://www.wikidata.org/wiki/Q238716,1,harvard-university,,2026-09-30,1899,nobel-000331,Male,Individual,Q13371,I136199984,A5002557532,,03vek6s52,Georg von Békésy,Harvard University,,Q7191,True
Medicine,Medicina,medicina,1962,Francis Harry Compton Crick,A5109884453,,Q123280,00tw3jy02,for their discoveries concerning the molecular structure of nucleic acids and its significance for information transfer in living material,1/3,0.3333333333333333,MRC Laboratory of Molecular Biology,,"Cambridge, Reino Unido",1916-06-08,Northampton,Reino Unido,Reino Unido,2004-07-28,"San Diego, CA",Estados Unidos,46,James Dewey Watson; Maurice Hugh Frederick Wilkins,2,1,3,francis-harry-compton-crick,francis-harry-compton-crick,Q123280,https://prizeatlas.org/es/nobel-prize/medicina/1962/francis-harry-compton-crick/,https://prizeatlas.org/nobel-prize/medicine/1962/francis-harry-compton-crick/,for their discoveries concerning the molecular structure of nucleic acids and its significance for information transfer in living material,Francis Harry Compton Crick,index,Biología,Premio Nobel 1962 1/3,1,0,1,1,"Northampton, Reino Unido",MRC Laboratory of Molecular Biology,"Premio Nobel de Medicina, 1962",https://www.wikidata.org/wiki/Q123280,1,mrc-laboratory-of-molecular-biology,james-dewey-watson; maurice-hugh-frederick-wilkins,2026-09-30,1916,nobel-000338,Male,Individual,Q185800,I170203145,A5109884453,,00tw3jy02,Francis Harry Compton Crick,MRC Laboratory of Molecular Biology,,Q7191,True
Medicine,Medicina,medicina,1962,James Dewey Watson,A5101495056,0009-0009-1659-3238,Q83333,03vek6s52,for their discoveries concerning the molecular structure of nucleic acids and its significance for information transfer in living material,1/3,0.3333333333333333,Universidad Harvard,,"Cambridge, Estados Unidos",1928-04-06,"Chicago, IL",Estados Unidos,Estados Unidos,2025-11-06,"New York, NY",Estados Unidos,34,Francis Harry Compton Crick; Maurice Hugh Frederick Wilkins,2,1,3,james-dewey-watson,james-dewey-watson,Q83333,https://prizeatlas.org/es/nobel-prize/medicina/1962/james-dewey-watson/,https://prizeatlas.org/nobel-prize/medicine/1962/james-dewey-watson/,for their discoveries concerning the molecular structure of nucleic acids and its significance for information transfer in living material,James Dewey Watson,index,Biología,Premio Nobel 1962 1/3,1,1,1,1,"Chicago, IL, Estados Unidos",Universidad Harvard,"Premio Nobel de Medicina, 1962",https://www.wikidata.org/wiki/Q83333,1,harvard-university,francis-harry-compton-crick; maurice-hugh-frederick-wilkins,2026-09-30,1928,nobel-000339,Male,Individual,Q13371,I136199984,A5101495056,0009-0009-1659-3238,03vek6s52,James Dewey Watson,Harvard University,,Q7191,True
Medicine,Medicina,medicina,1962,Maurice Hugh Frederick Wilkins,A5110085423,,Q184659,04cw6st05,for their discoveries concerning the molecular structure of nucleic acids and its significance for information transfer in living material,1/3,0.3333333333333333,Universidad de Londres,,"London, Reino Unido",1916-12-15,Pongaroa,Nueva Zelanda,Nueva Zelanda; Reino Unido,2004-10-05,London,Reino Unido,46,Francis Harry Compton Crick; James Dewey Watson,2,1,3,maurice-hugh-frederick-wilkins,maurice-hugh-frederick-wilkins,Q184659,https://prizeatlas.org/es/nobel-prize/medicina/1962/maurice-hugh-frederick-wilkins/,https://prizeatlas.org/nobel-prize/medicine/1962/maurice-hugh-frederick-wilkins/,for their discoveries concerning the molecular structure of nucleic acids and its significance for information transfer in living material,Maurice Hugh Frederick Wilkins,index,Biología,Premio Nobel 1962 1/3,1,0,1,1,"Pongaroa, Nueva Zelanda",Universidad de Londres,"Premio Nobel de Medicina, 1962",https://www.wikidata.org/wiki/Q184659,1,university-of-london,francis-harry-compton-crick; james-dewey-watson,2026-09-30,1916,nobel-000340,Male,Individual,Q170027,I124357947,A5110085423,,04cw6st05,Maurice Hugh Frederick Wilkins,University of London,,Q7191,True
Medicine,Medicina,medicina,1963,Alan Lloyd Hodgkin,A5030452986,,Q193650,013meh722,for their discoveries concerning the ionic mechanisms involved in excitation and inhibition in the peripheral and central portions of the nerve cell membrane,1/3,0.3333333333333333,Universidad de Cambridge,,"Cambridge, Reino Unido",1914-02-05,Banbury,Reino Unido,Reino Unido,1998-12-20,Cambridge,Reino Unido,49,Sir John Carew Eccles; Andrew Fielding Huxley,2,1,3,alan-lloyd-hodgkin,alan-lloyd-hodgkin,Q193650,https://prizeatlas.org/es/nobel-prize/medicina/1963/alan-lloyd-hodgkin/,https://prizeatlas.org/nobel-prize/medicine/1963/alan-lloyd-hodgkin/,for their discoveries concerning the ionic mechanisms involved in excitation and inhibition in the peripheral and central portions of the nerve cell membrane,Alan Lloyd Hodgkin,index,Biología,Premio Nobel 1963 1/3,1,0,1,1,"Banbury, Reino Unido",Universidad de Cambridge,"Premio Nobel de Medicina, 1963",https://www.wikidata.org/wiki/Q193650,1,university-of-cambridge,sir-john-carew-eccles; andrew-fielding-huxley,2026-09-30,1914,nobel-000347,Male,Individual,Q35794,I241749,A5030452986,,013meh722,Alan Lloyd Hodgkin,University of Cambridge,,Q7191,True
Medicine,Medicina,medicina,1963,Andrew Fielding Huxley,A5113698511,,Q104607,02jx3x895,for their discoveries concerning the ionic mechanisms involved in excitation and inhibition in the peripheral and central portions of the nerve cell membrane,1/3,0.3333333333333333,University College de Londres,University College London,"London, Reino Unido",1917-11-22,Hampstead,Reino Unido,Reino Unido,2012-05-30,Grantchester,Reino Unido,46,Sir John Carew Eccles; Alan Lloyd Hodgkin,2,1,3,andrew-fielding-huxley,andrew-fielding-huxley,Q104607,https://prizeatlas.org/es/nobel-prize/medicina/1963/andrew-fielding-huxley/,https://prizeatlas.org/nobel-prize/medicine/1963/andrew-fielding-huxley/,for their discoveries concerning the ionic mechanisms involved in excitation and inhibition in the peripheral and central portions of the nerve cell membrane,Andrew Fielding Huxley,index,Biología,Premio Nobel 1963 1/3,1,0,1,1,"Hampstead, Reino Unido",University College de Londres,"Premio Nobel de Medicina, 1963",https://www.wikidata.org/wiki/Q104607,1,university-college-london,sir-john-carew-eccles; alan-lloyd-hodgkin,2026-09-30,1917,nobel-000348,Male,Individual,Q193196,I45129253,A5113698511,,02jx3x895,Andrew Fielding Huxley,University College London,University College London,Q7191,True
Medicine,Medicina,medicina,1963,Sir John Carew Eccles,A5108408497,,Q273223,019wvm592,for their discoveries concerning the ionic mechanisms involved in excitation and inhibition in the peripheral and central portions of the nerve cell membrane,1/3,0.3333333333333333,Universidad Nacional Australiana,,"Canberra, Australia",1903-01-27,Melbourne,Australia,Australia,1997-05-02,Contra,Suiza,60,Alan Lloyd Hodgkin; Andrew Fielding Huxley,2,1,3,sir-john-carew-eccles,sir-john-carew-eccles,Q273223,https://prizeatlas.org/es/nobel-prize/medicina/1963/sir-john-carew-eccles/,https://prizeatlas.org/nobel-prize/medicine/1963/sir-john-carew-eccles/,for their discoveries concerning the ionic mechanisms involved in excitation and inhibition in the peripheral and central portions of the nerve cell membrane,Sir John Carew Eccles,index,Biología,Premio Nobel 1963 1/3,1,0,1,1,"Melbourne, Australia",Universidad Nacional Australiana,"Premio Nobel de Medicina, 1963",https://www.wikidata.org/wiki/Q273223,1,australian-national-university,alan-lloyd-hodgkin; andrew-fielding-huxley,2026-09-30,1903,nobel-000346,Male,Individual,Q127990,I118347636,A5108408497,,019wvm592,Sir John Carew Eccles,Australian National University,,Q7191,True
Medicine,Medicina,medicina,1964,Feodor Lynen,A5107094688,,Q44597,01hhn8329,for their discoveries concerning the mechanism and regulation of the cholesterol and fatty acid metabolism,1/2,0.5,Sociedad Max Planck,Max Planck Institute of Biochemistry,"Martinsried, Alemania",1911-04-06,Munich,Alemania,Alemania,1979-08-06,Munich,Alemania,53,Konrad Bloch,1,1,2,feodor-lynen,feodor-lynen,Q44597,https://prizeatlas.org/es/nobel-prize/medicina/1964/feodor-lynen/,https://prizeatlas.org/nobel-prize/medicine/1964/feodor-lynen/,for their discoveries concerning the mechanism and regulation of the cholesterol and fatty acid metabolism,Feodor Lynen,index,Biología,Premio Nobel 1964 1/2,1,0,1,1,"Munich, Alemania",Sociedad Max Planck,"Premio Nobel de Medicina, 1964",https://www.wikidata.org/wiki/Q44597,1,max-planck-society,konrad-bloch,2026-09-30,1911,nobel-000357,Male,Individual,Q158085,I149899117,A5107094688,,01hhn8329,Feodor Lynen,Max Planck Society,Max Planck Institute of Biochemistry,Q7191,True
Medicine,Medicina,medicina,1964,Konrad Bloch,A5079501364,0000-0002-2377-7387,Q35698,03vek6s52,for their discoveries concerning the mechanism and regulation of the cholesterol and fatty acid metabolism,1/2,0.5,Universidad Harvard,,"Cambridge, Estados Unidos",1912-01-21,Neisse (Nysa),Polonia,Alemania; Estados Unidos,2000-10-15,"Burlington, MA",Estados Unidos,52,Feodor Lynen,1,1,2,konrad-bloch,konrad-bloch,Q35698,https://prizeatlas.org/es/nobel-prize/medicina/1964/konrad-bloch/,https://prizeatlas.org/nobel-prize/medicine/1964/konrad-bloch/,for their discoveries concerning the mechanism and regulation of the cholesterol and fatty acid metabolism,Konrad Bloch,index,Biología,Premio Nobel 1964 1/2,1,1,1,1,"Neisse (Nysa), Polonia",Universidad Harvard,"Premio Nobel de Medicina, 1964",https://www.wikidata.org/wiki/Q35698,1,harvard-university,feodor-lynen,2026-09-30,1912,nobel-000356,Male,Individual,Q13371,I136199984,A5079501364,0000-0002-2377-7387,03vek6s52,Konrad Bloch,Harvard University,,Q7191,True
Medicine,Medicina,medicina,1965,André Lwoff,A5046682441,,Q223309,0495fxg12,for their discoveries concerning genetic control of enzyme and virus synthesis,1/3,0.3333333333333333,Instituto Pasteur,,"Paris, Francia",1902-05-08,Ainay-le-Château,Francia,Francia,1994-09-30,Paris,Francia,63,François Jacob; Jacques Monod,2,1,3,andre-lwoff,andre-lwoff,Q223309,https://prizeatlas.org/es/nobel-prize/medicina/1965/andre-lwoff/,https://prizeatlas.org/nobel-prize/medicine/1965/andre-lwoff/,for their discoveries concerning genetic control of enzyme and virus synthesis,André Lwoff,index,Biología,Premio Nobel 1965 1/3,1,0,1,1,"Ainay-le-Château, Francia",Instituto Pasteur,"Premio Nobel de Medicina, 1965",https://www.wikidata.org/wiki/Q223309,1,institut-pasteur,francois-jacob; jacques-monod,2026-09-30,1902,nobel-000365,Male,Individual,Q391083,I157536573,A5046682441,,0495fxg12,André Lwoff,Institut Pasteur,,Q7191,True
Medicine,Medicina,medicina,1965,François Jacob,A5108348962,0000-0002-1006-4871,Q218311,0495fxg12,for their discoveries concerning genetic control of enzyme and virus synthesis,1/3,0.3333333333333333,Instituto Pasteur,,"Paris, Francia",1920-06-17,Nancy,Francia,Francia,2013-04-19,Paris,Francia,45,André Lwoff; Jacques Monod,2,1,3,francois-jacob,francois-jacob,Q218311,https://prizeatlas.org/es/nobel-prize/medicina/1965/francois-jacob/,https://prizeatlas.org/nobel-prize/medicine/1965/francois-jacob/,for their discoveries concerning genetic control of enzyme and virus synthesis,François Jacob,index,Biología,Premio Nobel 1965 1/3,1,1,1,1,"Nancy, Francia",Instituto Pasteur,"Premio Nobel de Medicina, 1965",https://www.wikidata.org/wiki/Q218311,1,institut-pasteur,andre-lwoff; jacques-monod,2026-09-30,1920,nobel-000364,Male,Individual,Q391083,I157536573,A5108348962,0000-0002-1006-4871,0495fxg12,François Jacob,Institut Pasteur,,Q7191,True
Medicine,Medicina,medicina,1965,Jacques Monod,A5057454601,,Q231402,0495fxg12,for their discoveries concerning genetic control of enzyme and virus synthesis,1/3,0.3333333333333333,Instituto Pasteur,,"Paris, Francia",1910-02-09,Paris,Francia,Francia,1976-05-31,Cannes,Francia,55,François Jacob; André Lwoff,2,1,3,jacques-monod,jacques-monod,Q231402,https://prizeatlas.org/es/nobel-prize/medicina/1965/jacques-monod/,https://prizeatlas.org/nobel-prize/medicine/1965/jacques-monod/,for their discoveries concerning genetic control of enzyme and virus synthesis,Jacques Monod,index,Biología,Premio Nobel 1965 1/3,1,0,1,1,"Paris, Francia",Instituto Pasteur,"Premio Nobel de Medicina, 1965",https://www.wikidata.org/wiki/Q231402,1,institut-pasteur,francois-jacob; andre-lwoff,2026-09-30,1910,nobel-000366,Male,Individual,Q391083,I157536573,A5057454601,,0495fxg12,Jacques Monod,Institut Pasteur,,Q7191,True
Medicine,Medicina,medicina,1966,Peyton Rous,A5040080492,,Q298707,0420db125,for his discovery of tumour-inducing viruses,1/2,0.5,Universidad Rockefeller,,"New York, Estados Unidos",1879-10-05,"Baltimore, MD",Estados Unidos,Estados Unidos,1972-02-16,"New York, NY",Estados Unidos,87,Charles Brenton Huggins,1,1,1,peyton-rous,peyton-rous,Q298707,https://prizeatlas.org/es/nobel-prize/medicina/1966/peyton-rous/,https://prizeatlas.org/nobel-prize/medicine/1966/peyton-rous/,for his discovery of tumour-inducing viruses,Peyton Rous,index,Biología,Premio Nobel 1966 1/2,1,0,1,1,"Baltimore, MD, Estados Unidos",Universidad Rockefeller,"Premio Nobel de Medicina, 1966",https://www.wikidata.org/wiki/Q298707,1,rockefeller-university,charles-brenton-huggins,2026-09-30,1879,nobel-000374,Male,Individual,Q270272,I83399316,A5040080492,,0420db125,Peyton Rous,Rockefeller University,,Q7191,True
Medicine,Medicina,medicina,1966,Charles Brenton Huggins,A5111513007,,Q155371,024mw5h28,for his discoveries concerning hormonal treatment of prostatic cancer,1/2,0.5,Universidad de Chicago,Ben May Laboratory for Cancer Research,"Chicago, Estados Unidos",1901-09-22,Halifax,Canadá,Canadá; Estados Unidos,1997-01-12,"Chicago, IL",Estados Unidos,65,Peyton Rous,1,2,1,charles-brenton-huggins,charles-brenton-huggins,Q155371,https://prizeatlas.org/es/nobel-prize/medicina/1966/charles-brenton-huggins/,https://prizeatlas.org/nobel-prize/medicine/1966/charles-brenton-huggins/,for his discoveries concerning hormonal treatment of prostatic cancer,Charles Brenton Huggins,index,Biología,Premio Nobel 1966 1/2,1,0,1,1,"Halifax, Canadá",Universidad de Chicago,"Premio Nobel de Medicina, 1966",https://www.wikidata.org/wiki/Q155371,1,university-of-chicago,peyton-rous,2026-09-30,1901,nobel-000375,Male,Individual,Q131252,I40347166,A5111513007,,024mw5h28,Charles Brenton Huggins,University of Chicago,Ben May Laboratory for Cancer Research,Q7191,True
Medicine,Medicina,medicina,1967,George Wald,A5063158693,,Q295724,03vek6s52,for their discoveries concerning the primary physiological and chemical visual processes in the eye,1/3,0.3333333333333333,Universidad Harvard,,"Cambridge, Estados Unidos",1906-11-18,"New York, NY",Estados Unidos,Estados Unidos,1997-04-12,"Cambridge, MA",Estados Unidos,61,Ragnar Granit; Haldan Keffer Hartline,2,1,3,george-wald,george-wald,Q295724,https://prizeatlas.org/es/nobel-prize/medicina/1967/george-wald/,https://prizeatlas.org/nobel-prize/medicine/1967/george-wald/,for their discoveries concerning the primary physiological and chemical visual processes in the eye,George Wald,index,Biología,Premio Nobel 1967 1/3,1,0,1,1,"New York, NY, Estados Unidos",Universidad Harvard,"Premio Nobel de Medicina, 1967",https://www.wikidata.org/wiki/Q295724,1,harvard-university,ragnar-granit; haldan-keffer-hartline,2026-09-30,1906,nobel-000383,Male,Individual,Q13371,I136199984,A5063158693,,03vek6s52,George Wald,Harvard University,,Q7191,True
Medicine,Medicina,medicina,1967,Haldan Keffer Hartline,A5006716330,,Q309879,0420db125,for their discoveries concerning the primary physiological and chemical visual processes in the eye,1/3,0.3333333333333333,Universidad Rockefeller,,"New York, Estados Unidos",1903-12-22,"Bloomsburg, PA",Estados Unidos,Estados Unidos,1983-03-17,"Fallston, MD",Estados Unidos,64,Ragnar Granit; George Wald,2,1,3,haldan-keffer-hartline,haldan-keffer-hartline,Q309879,https://prizeatlas.org/es/nobel-prize/medicina/1967/haldan-keffer-hartline/,https://prizeatlas.org/nobel-prize/medicine/1967/haldan-keffer-hartline/,for their discoveries concerning the primary physiological and chemical visual processes in the eye,Haldan Keffer Hartline,index,Biología,Premio Nobel 1967 1/3,1,0,1,1,"Bloomsburg, PA, Estados Unidos",Universidad Rockefeller,"Premio Nobel de Medicina, 1967",https://www.wikidata.org/wiki/Q309879,1,rockefeller-university,ragnar-granit; george-wald,2026-09-30,1903,nobel-000382,Male,Individual,Q270272,I83399316,A5006716330,,0420db125,Haldan Keffer Hartline,Rockefeller University,,Q7191,True
Medicine,Medicina,medicina,1967,Ragnar Granit,A5109098348,,Q217722,056d84691,for their discoveries concerning the primary physiological and chemical visual processes in the eye,1/3,0.3333333333333333,Instituto Karolinska,,"Stockholm, Suecia",1900-10-30,Helsinki,Finlandia,Finlandia; Suecia,1991-03-12,Stockholm,Suecia,67,Haldan Keffer Hartline; George Wald,2,1,3,ragnar-granit,ragnar-granit,Q217722,https://prizeatlas.org/es/nobel-prize/medicina/1967/ragnar-granit/,https://prizeatlas.org/nobel-prize/medicine/1967/ragnar-granit/,for their discoveries concerning the primary physiological and chemical visual processes in the eye,Ragnar Granit,index,Biología,Premio Nobel 1967 1/3,1,0,1,1,"Helsinki, Finlandia",Instituto Karolinska,"Premio Nobel de Medicina, 1967",https://www.wikidata.org/wiki/Q217722,1,karolinska-institutet,haldan-keffer-hartline; george-wald,2026-09-30,1900,nobel-000381,Male,Individual,Q219564,I28166907,A5109098348,,056d84691,Ragnar Granit,Karolinska Institutet,,Q7191,True
Medicine,Medicina,medicina,1968,Har Gobind Khorana,A5016516519,,Q107462,01y2jtd41,for their interpretation of the genetic code and its function in protein synthesis,1/3,0.3333333333333333,Universidad de Wisconsin-Madison,,"Madison, Estados Unidos",1922-01-09,Raipur,Pakistán,India; Estados Unidos,2011-11-09,"Concord, MA",Estados Unidos,46,Robert W. Holley; Marshall W. Nirenberg,2,1,3,har-gobind-khorana,har-gobind-khorana,Q107462,https://prizeatlas.org/es/nobel-prize/medicina/1968/har-gobind-khorana/,https://prizeatlas.org/nobel-prize/medicine/1968/har-gobind-khorana/,for their interpretation of the genetic code and its function in protein synthesis,Har Gobind Khorana,index,Biología,Premio Nobel 1968 1/3,1,0,1,1,"Raipur, Pakistán",Universidad de Wisconsin-Madison,"Premio Nobel de Medicina, 1968",https://www.wikidata.org/wiki/Q107462,1,university-of-wisconsinmadison,robert-w-holley; marshall-w-nirenberg,2026-09-30,1922,nobel-000388,Male,Individual,Q838330,I135310074,A5016516519,,01y2jtd41,Har Gobind Khorana,University of Wisconsin–Madison,,Q7191,True
Medicine,Medicina,medicina,1968,Marshall W. Nirenberg,A5025743622,,Q110060,01cwqze88,for their interpretation of the genetic code and its function in protein synthesis,1/3,0.3333333333333333,National Institutes of Health,,"Bethesda, Estados Unidos",1927-04-10,"New York, NY",Estados Unidos,Estados Unidos,2010-01-15,"New York, NY",Estados Unidos,41,Robert W. Holley; Har Gobind Khorana,2,1,3,marshall-w-nirenberg,marshall-w-nirenberg,Q110060,https://prizeatlas.org/es/nobel-prize/medicina/1968/marshall-w-nirenberg/,https://prizeatlas.org/nobel-prize/medicine/1968/marshall-w-nirenberg/,for their interpretation of the genetic code and its function in protein synthesis,Marshall W. Nirenberg,index,Biología,Premio Nobel 1968 1/3,1,0,1,1,"New York, NY, Estados Unidos",National Institutes of Health,"Premio Nobel de Medicina, 1968",https://www.wikidata.org/wiki/Q110060,1,national-institutes-of-health,robert-w-holley; har-gobind-khorana,2026-09-30,1927,nobel-000389,Male,Individual,Q390551,I1299303238,A5025743622,,01cwqze88,Marshall W. Nirenberg,National Institutes of Health,,Q7191,True
Medicine,Medicina,medicina,1968,Robert W. Holley,A5035909625,,Q108891,05bnh6r87,for their interpretation of the genetic code and its function in protein synthesis,1/3,0.3333333333333333,Universidad Cornell,,"Ithaca, Estados Unidos",1922-01-28,"Urbana, IL",Estados Unidos,Estados Unidos,1993-02-11,"Los Gatos, CA",Estados Unidos,46,Har Gobind Khorana; Marshall W. Nirenberg,2,1,3,robert-w-holley,robert-w-holley,Q108891,https://prizeatlas.org/es/nobel-prize/medicina/1968/robert-w-holley/,https://prizeatlas.org/nobel-prize/medicine/1968/robert-w-holley/,for their interpretation of the genetic code and its function in protein synthesis,Robert W. Holley,index,Biología,Premio Nobel 1968 1/3,1,0,1,1,"Urbana, IL, Estados Unidos",Universidad Cornell,"Premio Nobel de Medicina, 1968",https://www.wikidata.org/wiki/Q108891,1,cornell-university,har-gobind-khorana; marshall-w-nirenberg,2026-09-30,1922,nobel-000387,Male,Individual,Q49115,I205783295,A5035909625,,05bnh6r87,Robert W. Holley,Cornell University,,Q7191,True
Medicine,Medicina,medicina,1969,Alfred D. Hershey,A5037196391,,Q271703,02qz8b764,for their discoveries concerning the replication mechanism and the genetic structure of viruses,1/3,0.3333333333333333,Laboratorio Cold Spring Harbor,"Carnegie Institution of Washington, Department of Genetics","Cold Spring Harbor, Estados Unidos",1908-12-04,"Owosso, MI",Estados Unidos,Estados Unidos,1997-05-22,"Syosset, NY",Estados Unidos,61,Max Delbrück; Salvador E. Luria,2,1,3,alfred-d-hershey,alfred-d-hershey,Q271703,https://prizeatlas.org/es/nobel-prize/medicina/1969/alfred-d-hershey/,https://prizeatlas.org/nobel-prize/medicine/1969/alfred-d-hershey/,for their discoveries concerning the replication mechanism and the genetic structure of viruses,Alfred D. Hershey,index,Biología,Premio Nobel 1969 1/3,1,0,1,1,"Owosso, MI, Estados Unidos",Laboratorio Cold Spring Harbor,"Premio Nobel de Medicina, 1969",https://www.wikidata.org/wiki/Q271703,1,cold-spring-harbor-laboratory,max-delbruck; salvador-e-luria,2026-09-30,1908,nobel-000398,Male,Individual,Q609768,I2750212522,A5037196391,,02qz8b764,Alfred D. Hershey,Cold Spring Harbor Laboratory,"Carnegie Institution of Washington, Department of Genetics",Q7191,True
Medicine,Medicina,medicina,1969,Max Delbrück,A5109867900,,Q76807,05dxps055,for their discoveries concerning the replication mechanism and the genetic structure of viruses,1/3,0.3333333333333333,Instituto de Tecnología de California,,"Pasadena, Estados Unidos",1906-09-04,Berlin,Alemania,Alemania; Estados Unidos,1981-03-09,"Pasadena, CA",Estados Unidos,63,Alfred D. Hershey; Salvador E. Luria,2,1,3,max-delbruck,max-delbruck,Q76807,https://prizeatlas.org/es/nobel-prize/medicina/1969/max-delbruck/,https://prizeatlas.org/nobel-prize/medicine/1969/max-delbruck/,for their discoveries concerning the replication mechanism and the genetic structure of viruses,Max Delbrück,index,Biología,Premio Nobel 1969 1/3,1,0,1,1,"Berlin, Alemania",Instituto de Tecnología de California,"Premio Nobel de Medicina, 1969",https://www.wikidata.org/wiki/Q76807,1,california-institute-of-technology,alfred-d-hershey; salvador-e-luria,2026-09-30,1906,nobel-000397,Male,Individual,Q161562,I122411786,A5109867900,,05dxps055,Max Delbrück,California Institute of Technology,,Q7191,True
Medicine,Medicina,medicina,1969,Salvador E. Luria,A5112011799,,Q205667,042nb2s44,for their discoveries concerning the replication mechanism and the genetic structure of viruses,1/3,0.3333333333333333,Instituto Tecnológico de Massachusetts,,"Cambridge, Estados Unidos",1912-08-13,Torino,Italia,Estados Unidos; Italia,1991-02-06,"Lexington, MA",Estados Unidos,57,Max Delbrück; Alfred D. Hershey,2,1,3,salvador-e-luria,salvador-e-luria,Q205667,https://prizeatlas.org/es/nobel-prize/medicina/1969/salvador-e-luria/,https://prizeatlas.org/nobel-prize/medicine/1969/salvador-e-luria/,for their discoveries concerning the replication mechanism and the genetic structure of viruses,Salvador E. Luria,index,Biología,Premio Nobel 1969 1/3,1,0,1,1,"Torino, Italia",Instituto Tecnológico de Massachusetts,"Premio Nobel de Medicina, 1969",https://www.wikidata.org/wiki/Q205667,1,massachusetts-institute-of-technology,max-delbruck; alfred-d-hershey,2026-09-30,1912,nobel-000399,Male,Individual,Q49108,I63966007,A5112011799,,042nb2s44,Salvador E. Luria,Massachusetts Institute of Technology,,Q7191,True
Medicine,Medicina,medicina,1970,Julius Axelrod,A5103384109,,Q110106,01cwqze88,"for their discoveries concerning the humoral transmittors in the nerve terminals and the mechanism for their storage, release and inactivation",1/3,0.3333333333333333,National Institutes of Health,,"Bethesda, Estados Unidos",1912-05-30,"New York, NY",Estados Unidos,Estados Unidos; Polonia,2004-12-29,"Rockville, MD",Estados Unidos,58,Sir Bernard Katz; Ulf von Euler,2,1,3,julius-axelrod,julius-axelrod,Q110106,https://prizeatlas.org/es/nobel-prize/medicina/1970/julius-axelrod/,https://prizeatlas.org/nobel-prize/medicine/1970/julius-axelrod/,"for their discoveries concerning the humoral transmittors in the nerve terminals and the mechanism for their storage, release and inactivation",Julius Axelrod,index,Biología,Premio Nobel 1970 1/3,1,0,1,1,"New York, NY, Estados Unidos",National Institutes of Health,"Premio Nobel de Medicina, 1970",https://www.wikidata.org/wiki/Q110106,1,national-institutes-of-health,sir-bernard-katz; ulf-von-euler,2026-09-30,1912,nobel-000407,Male,Individual,Q390551,I1299303238,A5103384109,,01cwqze88,Julius Axelrod,National Institutes of Health,,Q7191,True
Medicine,Medicina,medicina,1970,Sir Bernard Katz,A5113492319,,Q4517,02jx3x895,"for their discoveries concerning the humoral transmittors in the nerve terminals and the mechanism for their storage, release and inactivation",1/3,0.3333333333333333,University College de Londres,University College London,"London, Reino Unido",1911-03-26,Leipzig,Alemania,Alemania; Reino Unido,2003-04-20,London,Reino Unido,59,Ulf von Euler; Julius Axelrod,2,1,3,sir-bernard-katz,sir-bernard-katz,Q4517,https://prizeatlas.org/es/nobel-prize/medicina/1970/sir-bernard-katz/,https://prizeatlas.org/nobel-prize/medicine/1970/sir-bernard-katz/,"for their discoveries concerning the humoral transmittors in the nerve terminals and the mechanism for their storage, release and inactivation",Sir Bernard Katz,index,Biología,Premio Nobel 1970 1/3,1,0,1,1,"Leipzig, Alemania",University College de Londres,"Premio Nobel de Medicina, 1970",https://www.wikidata.org/wiki/Q4517,1,university-college-london,ulf-von-euler; julius-axelrod,2026-09-30,1911,nobel-000405,Male,Individual,Q193196,I45129253,A5113492319,,02jx3x895,Sir Bernard Katz,University College London,University College London,Q7191,True
Medicine,Medicina,medicina,1970,Ulf von Euler,A5027420679,,Q237142,056d84691,"for their discoveries concerning the humoral transmittors in the nerve terminals and the mechanism for their storage, release and inactivation",1/3,0.3333333333333333,Instituto Karolinska,,"Stockholm, Suecia",1905-02-07,Stockholm,Suecia,Suecia,1983-03-09,Stockholm,Suecia,65,Sir Bernard Katz; Julius Axelrod,2,1,3,ulf-von-euler,ulf-von-euler,Q237142,https://prizeatlas.org/es/nobel-prize/medicina/1970/ulf-von-euler/,https://prizeatlas.org/nobel-prize/medicine/1970/ulf-von-euler/,"for their discoveries concerning the humoral transmittors in the nerve terminals and the mechanism for their storage, release and inactivation",Ulf von Euler,index,Biología,Premio Nobel 1970 1/3,1,0,1,1,"Stockholm, Suecia",Instituto Karolinska,"Premio Nobel de Medicina, 1970",https://www.wikidata.org/wiki/Q237142,1,karolinska-institutet,sir-bernard-katz; julius-axelrod,2026-09-30,1905,nobel-000406,Male,Individual,Q219564,I28166907,A5027420679,,056d84691,Ulf von Euler,Karolinska Institutet,,Q7191,True
Medicine,Medicina,medicina,1971,Earl Wilbur Sutherland,A5112711352,,Q68118,02vm5rt34,for his discoveries concerning the mechanisms of the action of hormones,1/1,1.0,Universidad Vanderbilt,,"Nashville, Estados Unidos",1915-11-19,"Burlingame, KS",Estados Unidos,Estados Unidos,1974-03-09,"Miami, FL",Estados Unidos,56,,0,1,1,earl-wilbur-sutherland,earl-wilbur-sutherland,Q68118,https://prizeatlas.org/es/nobel-prize/medicina/1971/earl-wilbur-sutherland/,https://prizeatlas.org/nobel-prize/medicine/1971/earl-wilbur-sutherland/,for his discoveries concerning the mechanisms of the action of hormones,Earl Wilbur Sutherland,index,Biología,Premio Nobel 1971 1/1,1,0,1,1,"Burlingame, KS, Estados Unidos",Universidad Vanderbilt,"Premio Nobel de Medicina, 1971",https://www.wikidata.org/wiki/Q68118,1,vanderbilt-university,,2026-09-30,1915,nobel-000414,Male,Individual,Q29052,I200719446,A5112711352,,02vm5rt34,Earl Wilbur Sutherland,Vanderbilt University,,Q7191,True
Medicine,Medicina,medicina,1972,Gerald M. Edelman,A5111917213,,Q271766,0420db125,for their discoveries concerning the chemical structure of antibodies,1/2,0.5,Universidad Rockefeller,,"New York, Estados Unidos",1929-07-01,"New York, NY",Estados Unidos,Estados Unidos,2014-05-17,"La Jolla, CA",Estados Unidos,43,Rodney R. Porter,1,1,2,gerald-m-edelman,gerald-m-edelman,Q271766,https://prizeatlas.org/es/nobel-prize/medicina/1972/gerald-m-edelman/,https://prizeatlas.org/nobel-prize/medicine/1972/gerald-m-edelman/,for their discoveries concerning the chemical structure of antibodies,Gerald M. Edelman,index,Biología,Premio Nobel 1972 1/2,1,0,1,1,"New York, NY, Estados Unidos",Universidad Rockefeller,"Premio Nobel de Medicina, 1972",https://www.wikidata.org/wiki/Q271766,1,rockefeller-university,rodney-r-porter,2026-09-30,1929,nobel-000423,Male,Individual,Q270272,I83399316,A5111917213,,0420db125,Gerald M. Edelman,Rockefeller University,,Q7191,True
Medicine,Medicina,medicina,1972,Rodney R. Porter,A5103427668,,Q295700,052gg0110,for their discoveries concerning the chemical structure of antibodies,1/2,0.5,Universidad de Oxford,,"Oxford, Reino Unido",1917-10-08,Newton-le-Willows,Reino Unido,Reino Unido,1985-09-06,Winchester,Reino Unido,55,Gerald M. Edelman,1,1,2,rodney-r-porter,rodney-r-porter,Q295700,https://prizeatlas.org/es/nobel-prize/medicina/1972/rodney-r-porter/,https://prizeatlas.org/nobel-prize/medicine/1972/rodney-r-porter/,for their discoveries concerning the chemical structure of antibodies,Rodney R. Porter,index,Biología,Premio Nobel 1972 1/2,1,0,1,1,"Newton-le-Willows, Reino Unido",Universidad de Oxford,"Premio Nobel de Medicina, 1972",https://www.wikidata.org/wiki/Q295700,1,university-of-oxford,gerald-m-edelman,2026-09-30,1917,nobel-000424,Male,Individual,Q34433,I40120149,A5103427668,,052gg0110,Rodney R. Porter,University of Oxford,,Q7191,True
Medicine,Medicina,medicina,1973,Karl von Frisch,A5001831229,,Q60060,05591te55,for their discoveries concerning organization and elicitation of individual and social behaviour patterns,1/3,0.3333333333333333,Universidad de Múnich,Zoologisches Institut,"Munich, Alemania",1886-11-20,Vienna,Austria,Austria,1982-06-12,Munich,Alemania,87,Konrad Lorenz; Nikolaas Tinbergen,2,1,3,karl-von-frisch,karl-von-frisch,Q60060,https://prizeatlas.org/es/nobel-prize/medicina/1973/karl-von-frisch/,https://prizeatlas.org/nobel-prize/medicine/1973/karl-von-frisch/,for their discoveries concerning organization and elicitation of individual and social behaviour patterns,Karl von Frisch,index,Biología,Premio Nobel 1973 1/3,1,0,1,1,"Vienna, Austria",Universidad de Múnich,"Premio Nobel de Medicina, 1973",https://www.wikidata.org/wiki/Q60060,1,lmu-munich,konrad-lorenz; nikolaas-tinbergen,2026-09-30,1886,nobel-000432,Male,Individual,Q55044,I8204097,A5001831229,,05591te55,Karl von Frisch,LMU Munich,Zoologisches Institut,Q7191,True
Medicine,Medicina,medicina,1973,Konrad Lorenz,A5072331162,,Q78496,,for their discoveries concerning organization and elicitation of individual and social behaviour patterns,1/3,0.3333333333333333,"Konrad-Lorenz-Institut der Österreichischen Akademie der Wissen­schaften, Forschungsstelle für Ethologie",,"Altenberg, Austria",1903-11-07,Vienna,Austria,Austria,1989-02-27,Vienna,Austria,70,Karl von Frisch; Nikolaas Tinbergen,2,1,3,konrad-lorenz,konrad-lorenz,Q78496,https://prizeatlas.org/es/nobel-prize/medicina/1973/konrad-lorenz/,https://prizeatlas.org/nobel-prize/medicine/1973/konrad-lorenz/,for their discoveries concerning organization and elicitation of individual and social behaviour patterns,Konrad Lorenz,index,Biología,Premio Nobel 1973 1/3,1,0,1,0,"Vienna, Austria","Konrad-Lorenz-Institut der Österreichischen Akademie der Wissen­schaften, Forschungsstelle für Ethologie","Premio Nobel de Medicina, 1973",https://www.wikidata.org/wiki/Q78496,1,konrad-lorenz-institut-der-osterreichischen-akademie-der-wissenschaften-6148a337,karl-von-frisch; nikolaas-tinbergen,2026-09-30,1903,nobel-000433,Male,Individual,,,A5072331162,,,Konrad Lorenz,"Konrad-Lorenz-Institut der Österreichischen Akademie der Wissen­schaften, Forschungsstelle für Ethologie",,Q7191,True
Medicine,Medicina,medicina,1973,Nikolaas Tinbergen,A5113577450,,Q153890,052gg0110,for their discoveries concerning organization and elicitation of individual and social behaviour patterns,1/3,0.3333333333333333,Universidad de Oxford,,"Oxford, Reino Unido",1907-04-15,the Hague,Países Bajos,Países Bajos; Reino Unido,1988-12-21,Oxford,Reino Unido,66,Karl von Frisch; Konrad Lorenz,2,1,3,nikolaas-tinbergen,nikolaas-tinbergen,Q153890,https://prizeatlas.org/es/nobel-prize/medicina/1973/nikolaas-tinbergen/,https://prizeatlas.org/nobel-prize/medicine/1973/nikolaas-tinbergen/,for their discoveries concerning organization and elicitation of individual and social behaviour patterns,Nikolaas Tinbergen,index,Biología,Premio Nobel 1973 1/3,1,0,1,1,"the Hague, Países Bajos",Universidad de Oxford,"Premio Nobel de Medicina, 1973",https://www.wikidata.org/wiki/Q153890,1,university-of-oxford,karl-von-frisch; konrad-lorenz,2026-09-30,1907,nobel-000434,Male,Individual,Q34433,I40120149,A5113577450,,052gg0110,Nikolaas Tinbergen,University of Oxford,,Q7191,True
Medicine,Medicina,medicina,1974,Albert Claude,A5042531309,,Q233943,02495e989,for their discoveries concerning the structural and functional organization of the cell,1/3,0.3333333333333333,Universidad Católica de Lovaina,,"Louvain-la-Neuve, Bélgica",1898-08-24,Longlier,Bélgica,Bélgica; Estados Unidos,1983-05-22,Brussels,Bélgica,76,Christian de Duve; George E. Palade,2,1,3,albert-claude,albert-claude,Q233943,https://prizeatlas.org/es/nobel-prize/medicina/1974/albert-claude/,https://prizeatlas.org/nobel-prize/medicine/1974/albert-claude/,for their discoveries concerning the structural and functional organization of the cell,Albert Claude,index,Biología,Premio Nobel 1974 1/3,1,0,1,1,"Longlier, Bélgica",Universidad Católica de Lovaina,"Premio Nobel de Medicina, 1974",https://www.wikidata.org/wiki/Q233943,1,uclouvain,christian-de-duve; george-e-palade,2026-09-30,1898,nobel-000445,Male,Individual,Q378134,I95674353,A5042531309,,02495e989,Albert Claude,UCLouvain,,Q7191,True
Medicine,Medicina,medicina,1974,Christian de Duve,A5113448164,,Q234590,0420db125,for their discoveries concerning the structural and functional organization of the cell,1/3,0.3333333333333333,Universidad Rockefeller,,"New York, Estados Unidos",1917-10-02,Thames Ditton,Reino Unido,Bélgica,2013-05-04,Nethen,Bélgica,57,Albert Claude; George E. Palade,2,1,3,christian-de-duve,christian-de-duve,Q234590,https://prizeatlas.org/es/nobel-prize/medicina/1974/christian-de-duve/,https://prizeatlas.org/nobel-prize/medicine/1974/christian-de-duve/,for their discoveries concerning the structural and functional organization of the cell,Christian de Duve,index,Biología,Premio Nobel 1974 1/3,1,0,1,1,"Thames Ditton, Reino Unido",Universidad Rockefeller,"Premio Nobel de Medicina, 1974",https://www.wikidata.org/wiki/Q234590,1,rockefeller-university,albert-claude; george-e-palade,2026-09-30,1917,nobel-000446,Male,Individual,Q270272,I83399316,A5113448164,,0420db125,Christian de Duve,Rockefeller University,,Q7191,True
Medicine,Medicina,medicina,1974,George E. Palade,A5113604582,,Q219718,03v76x132,for their discoveries concerning the structural and functional organization of the cell,1/3,0.3333333333333333,Universidad Yale,School of Medicine,"New Haven, Estados Unidos",1912-11-19,Iasi,Rumania,Rumania; Estados Unidos,2008-10-07,"Del Mar, CA",Estados Unidos,62,Albert Claude; Christian de Duve,2,1,3,george-e-palade,george-e-palade,Q219718,https://prizeatlas.org/es/nobel-prize/medicina/1974/george-e-palade/,https://prizeatlas.org/nobel-prize/medicine/1974/george-e-palade/,for their discoveries concerning the structural and functional organization of the cell,George E. Palade,index,Biología,Premio Nobel 1974 1/3,1,0,1,1,"Iasi, Rumania",Universidad Yale,"Premio Nobel de Medicina, 1974",https://www.wikidata.org/wiki/Q219718,1,yale-university,albert-claude; christian-de-duve,2026-09-30,1912,nobel-000447,Male,Individual,Q49112,I32971472,A5113604582,,03v76x132,George E. Palade,Yale University,School of Medicine,Q7191,True
Medicine,Medicina,medicina,1975,David Baltimore,A5135320255,0000-0001-8723-8190,Q234949,042nb2s44,for their discoveries concerning the interaction between tumour viruses and the genetic material of the cell,1/3,0.3333333333333333,Instituto Tecnológico de Massachusetts,,"Cambridge, Estados Unidos",1938-03-07,"New York, NY",Estados Unidos,Estados Unidos,2025-09-06,"Woods Hole, MA",Estados Unidos,37,Renato Dulbecco; Howard Martin Temin,2,1,3,david-baltimore,david-baltimore,Q234949,https://prizeatlas.org/es/nobel-prize/medicina/1975/david-baltimore/,https://prizeatlas.org/nobel-prize/medicine/1975/david-baltimore/,for their discoveries concerning the interaction between tumour viruses and the genetic material of the cell,David Baltimore,index,Biología,Premio Nobel 1975 1/3,1,1,1,1,"New York, NY, Estados Unidos",Instituto Tecnológico de Massachusetts,"Premio Nobel de Medicina, 1975",https://www.wikidata.org/wiki/Q234949,1,massachusetts-institute-of-technology,renato-dulbecco; howard-martin-temin,2026-09-30,1938,nobel-000457,Male,Individual,Q49108,I63966007,A5135320255,0000-0001-8723-8190,042nb2s44,David Baltimore,Massachusetts Institute of Technology,,Q7191,True
Medicine,Medicina,medicina,1975,Howard Martin Temin,A5111998828,,Q243536,01y2jtd41,for their discoveries concerning the interaction between tumour viruses and the genetic material of the cell,1/3,0.3333333333333333,Universidad de Wisconsin-Madison,,"Madison, Estados Unidos",1934-12-10,"Philadelphia, PA",Estados Unidos,Estados Unidos,1994-02-09,"Madison, WI",Estados Unidos,41,David Baltimore; Renato Dulbecco,2,1,3,howard-martin-temin,howard-martin-temin,Q243536,https://prizeatlas.org/es/nobel-prize/medicina/1975/howard-martin-temin/,https://prizeatlas.org/nobel-prize/medicine/1975/howard-martin-temin/,for their discoveries concerning the interaction between tumour viruses and the genetic material of the cell,Howard Martin Temin,index,Biología,Premio Nobel 1975 1/3,1,0,1,1,"Philadelphia, PA, Estados Unidos",Universidad de Wisconsin-Madison,"Premio Nobel de Medicina, 1975",https://www.wikidata.org/wiki/Q243536,1,university-of-wisconsinmadison,david-baltimore; renato-dulbecco,2026-09-30,1934,nobel-000459,Male,Individual,Q838330,I135310074,A5111998828,,01y2jtd41,Howard Martin Temin,University of Wisconsin–Madison,,Q7191,True
Medicine,Medicina,medicina,1975,Renato Dulbecco,A5112826065,,Q109553,054225q67,for their discoveries concerning the interaction between tumour viruses and the genetic material of the cell,1/3,0.3333333333333333,Cancer Research UK,Imperial Cancer Research Fund Laboratory,"London, Reino Unido",1914-02-22,Catanzaro,Italia,Italia; Estados Unidos,2012-02-19,"La Jolla, CA",Estados Unidos,61,David Baltimore; Howard Martin Temin,2,1,3,renato-dulbecco,renato-dulbecco,Q109553,https://prizeatlas.org/es/nobel-prize/medicina/1975/renato-dulbecco/,https://prizeatlas.org/nobel-prize/medicine/1975/renato-dulbecco/,for their discoveries concerning the interaction between tumour viruses and the genetic material of the cell,Renato Dulbecco,index,Biología,Premio Nobel 1975 1/3,1,0,1,1,"Catanzaro, Italia",Cancer Research UK,"Premio Nobel de Medicina, 1975",https://www.wikidata.org/wiki/Q109553,1,cancer-research-uk,david-baltimore; howard-martin-temin,2026-09-30,1914,nobel-000458,Male,Individual,Q326079,I2801316944,A5112826065,,054225q67,Renato Dulbecco,Cancer Research UK,Imperial Cancer Research Fund Laboratory,Q7191,True
Medicine,Medicina,medicina,1976,Baruch S. Blumberg,A5030590633,,Q105830,0567t7073,for their discoveries concerning new mechanisms for the origin and dissemination of infectious diseases,1/2,0.5,Fox Chase Cancer Center,The Institute for Cancer Research,"Philadelphia, Estados Unidos",1925-07-28,"New York, NY",Estados Unidos,Estados Unidos,2011-04-05,"Moffett Field, CA",Estados Unidos,51,D. Carleton Gajdusek,1,1,2,baruch-s-blumberg,baruch-s-blumberg,Q105830,https://prizeatlas.org/es/nobel-prize/medicina/1976/baruch-s-blumberg/,https://prizeatlas.org/nobel-prize/medicine/1976/baruch-s-blumberg/,for their discoveries concerning new mechanisms for the origin and dissemination of infectious diseases,Baruch S. Blumberg,index,Biología,Premio Nobel 1976 1/2,1,0,1,1,"New York, NY, Estados Unidos",Fox Chase Cancer Center,"Premio Nobel de Medicina, 1976",https://www.wikidata.org/wiki/Q105830,1,fox-chase-cancer-center,d-carleton-gajdusek,2026-09-30,1925,nobel-000467,Male,Individual,Q5476635,I1289437631,A5030590633,,0567t7073,Baruch S. Blumberg,Fox Chase Cancer Center,The Institute for Cancer Research,Q7191,True
Medicine,Medicina,medicina,1976,D. Carleton Gajdusek,A5111936437,,Q108576,01cwqze88,for their discoveries concerning new mechanisms for the origin and dissemination of infectious diseases,1/2,0.5,National Institutes of Health,,"Bethesda, Estados Unidos",1923-09-09,"Yonkers, NY",Estados Unidos,Estados Unidos,2008-12-12,Tromsø,Noruega,53,Baruch S. Blumberg,1,1,2,d-carleton-gajdusek,d-carleton-gajdusek,Q108576,https://prizeatlas.org/es/nobel-prize/medicina/1976/d-carleton-gajdusek/,https://prizeatlas.org/nobel-prize/medicine/1976/d-carleton-gajdusek/,for their discoveries concerning new mechanisms for the origin and dissemination of infectious diseases,D. Carleton Gajdusek,index,Biología,Premio Nobel 1976 1/2,1,0,1,1,"Yonkers, NY, Estados Unidos",National Institutes of Health,"Premio Nobel de Medicina, 1976",https://www.wikidata.org/wiki/Q108576,1,national-institutes-of-health,baruch-s-blumberg,2026-09-30,1923,nobel-000468,Male,Individual,Q390551,I1299303238,A5111936437,,01cwqze88,D. Carleton Gajdusek,National Institutes of Health,,Q7191,True
Medicine,Medicina,medicina,1977,Andrew V. Schally,A5068739269,0000-0003-1273-6747,Q141147,05rsv9s98,for their discoveries concerning the peptide hormone production of the brain,1/4,0.25,Departamento de Asuntos de los Veteranos de los Estados Unidos,Veterans Administration Hospital,"New Orleans, Estados Unidos",1926-11-30,Wilno (Vilnius),Lituania,Polonia; Estados Unidos,2024-10-17,"Miami Beach, FL",Estados Unidos,51,Roger Guillemin; Rosalyn Sussman Yalow,2,1,2,andrew-v-schally,andrew-v-schally,Q141147,https://prizeatlas.org/es/nobel-prize/medicina/1977/andrew-v-schally/,https://prizeatlas.org/nobel-prize/medicine/1977/andrew-v-schally/,for their discoveries concerning the peptide hormone production of the brain,Andrew V. Schally,index,Biología,Premio Nobel 1977 1/4,1,1,1,1,"Wilno (Vilnius), Lituania",Departamento de Asuntos de los Veteranos de los Estados Unidos,"Premio Nobel de Medicina, 1977",https://www.wikidata.org/wiki/Q141147,1,united-states-department-of-veterans-affairs,roger-guillemin; rosalyn-sussman-yalow,2026-09-30,1926,nobel-000478,Male,Individual,Q592576,I1322918889,A5068739269,0000-0003-1273-6747,05rsv9s98,Andrew V. Schally,United States Department of Veterans Affairs,Veterans Administration Hospital,Q7191,True
Medicine,Medicina,medicina,1977,Roger Guillemin,A5061993952,,Q242169,03xez1567,for their discoveries concerning the peptide hormone production of the brain,1/4,0.25,Instituto Salk,,"La Jolla, Estados Unidos",1924-01-11,Dijon,Francia,Francia; Estados Unidos,2024-02-21,"Del Mar, CA",Estados Unidos,53,Andrew V. Schally; Rosalyn Sussman Yalow,2,1,2,roger-guillemin,roger-guillemin,Q242169,https://prizeatlas.org/es/nobel-prize/medicina/1977/roger-guillemin/,https://prizeatlas.org/nobel-prize/medicine/1977/roger-guillemin/,for their discoveries concerning the peptide hormone production of the brain,Roger Guillemin,index,Biología,Premio Nobel 1977 1/4,1,0,1,1,"Dijon, Francia",Instituto Salk,"Premio Nobel de Medicina, 1977",https://www.wikidata.org/wiki/Q242169,1,salk-institute-for-biological-studies,andrew-v-schally; rosalyn-sussman-yalow,2026-09-30,1924,nobel-000477,Male,Individual,Q1351061,I1307098950,A5061993952,,03xez1567,Roger Guillemin,Salk Institute for Biological Studies,,Q7191,True
Medicine,Medicina,medicina,1977,Rosalyn Sussman Yalow,A5053147774,,Q107402,05rsv9s98,for the development of radioimmunoassays of peptide hormones,1/2,0.5,Departamento de Asuntos de los Veteranos de los Estados Unidos,Veterans Administration Hospital,"Bronx, Estados Unidos",1921-07-19,"New York, NY",Estados Unidos,Estados Unidos,2011-05-30,"New York, NY",Estados Unidos,56,Roger Guillemin; Andrew V. Schally,2,2,1,rosalyn-sussman-yalow,rosalyn-sussman-yalow,Q107402,https://prizeatlas.org/es/nobel-prize/medicina/1977/rosalyn-sussman-yalow/,https://prizeatlas.org/nobel-prize/medicine/1977/rosalyn-sussman-yalow/,for the development of radioimmunoassays of peptide hormones,Rosalyn Sussman Yalow,index,Biología,Premio Nobel 1977 1/2,1,0,1,1,"New York, NY, Estados Unidos",Departamento de Asuntos de los Veteranos de los Estados Unidos,"Premio Nobel de Medicina, 1977",https://www.wikidata.org/wiki/Q107402,1,united-states-department-of-veterans-affairs,roger-guillemin; andrew-v-schally,2026-09-30,1921,nobel-000479,Female,Individual,Q592576,I1322918889,A5053147774,,05rsv9s98,Rosalyn Sussman Yalow,United States Department of Veterans Affairs,Veterans Administration Hospital,Q7191,True
Medicine,Medicina,medicina,1978,Daniel Nathans,A5046735421,,Q295706,00za53h95,for the discovery of restriction enzymes and their application to problems of molecular genetics,1/3,0.3333333333333333,Universidad Johns Hopkins,School of Medicine,"Baltimore, Estados Unidos",1928-10-30,"Wilmington, DE",Estados Unidos,Estados Unidos,1999-11-16,"Baltimore, MD",Estados Unidos,50,Werner Arber; Hamilton O. Smith,2,1,3,daniel-nathans,daniel-nathans,Q295706,https://prizeatlas.org/es/nobel-prize/medicina/1978/daniel-nathans/,https://prizeatlas.org/nobel-prize/medicine/1978/daniel-nathans/,for the discovery of restriction enzymes and their application to problems of molecular genetics,Daniel Nathans,index,Biología,Premio Nobel 1978 1/3,1,0,1,1,"Wilmington, DE, Estados Unidos",Universidad Johns Hopkins,"Premio Nobel de Medicina, 1978",https://www.wikidata.org/wiki/Q295706,1,johns-hopkins-university,werner-arber; hamilton-o-smith,2026-09-30,1928,nobel-000488,Male,Individual,Q193727,I145311948,A5046735421,,00za53h95,Daniel Nathans,Johns Hopkins University,School of Medicine,Q7191,True
Medicine,Medicina,medicina,1978,Hamilton O. Smith,A5076771387,,Q108896,00za53h95,for the discovery of restriction enzymes and their application to problems of molecular genetics,1/3,0.3333333333333333,Universidad Johns Hopkins,School of Medicine,"Baltimore, Estados Unidos",1931-08-23,"New York, NY",Estados Unidos,Estados Unidos,2025-10-25,"Ellicott City, MD",Estados Unidos,47,Werner Arber; Daniel Nathans,2,1,3,hamilton-o-smith,hamilton-o-smith,Q108896,https://prizeatlas.org/es/nobel-prize/medicina/1978/hamilton-o-smith/,https://prizeatlas.org/nobel-prize/medicine/1978/hamilton-o-smith/,for the discovery of restriction enzymes and their application to problems of molecular genetics,Hamilton O. Smith,index,Biología,Premio Nobel 1978 1/3,1,0,1,1,"New York, NY, Estados Unidos",Universidad Johns Hopkins,"Premio Nobel de Medicina, 1978",https://www.wikidata.org/wiki/Q108896,1,johns-hopkins-university,werner-arber; daniel-nathans,2026-09-30,1931,nobel-000489,Male,Individual,Q193727,I145311948,A5076771387,,00za53h95,Hamilton O. Smith,Johns Hopkins University,School of Medicine,Q7191,True
Medicine,Medicina,medicina,1978,Werner Arber,A5032554900,0009-0001-0086-1447,Q115495,,for the discovery of restriction enzymes and their application to problems of molecular genetics,1/3,0.3333333333333333,Biozentrum University of Basel,,"Basel, Suiza",1929-06-03,Gränichen,Suiza,Suiza,,,,49,Daniel Nathans; Hamilton O. Smith,2,1,3,werner-arber,werner-arber,Q115495,https://prizeatlas.org/es/nobel-prize/medicina/1978/werner-arber/,https://prizeatlas.org/nobel-prize/medicine/1978/werner-arber/,for the discovery of restriction enzymes and their application to problems of molecular genetics,Werner Arber,index,Biología,Premio Nobel 1978 1/3,1,1,1,0,"Gränichen, Suiza",Biozentrum University of Basel,"Premio Nobel de Medicina, 1978",https://www.wikidata.org/wiki/Q115495,1,biozentrum-university-of-basel,daniel-nathans; hamilton-o-smith,2026-09-30,1929,nobel-000487,Male,Individual,Q864916,,A5032554900,0009-0001-0086-1447,,Werner Arber,Biozentrum University of Basel,,Q7191,True
Medicine,Medicina,medicina,1979,Allan M. Cormack,A5029051742,0000-0002-5867-3529,Q223542,05wvpxv85,for the development of computer assisted tomography,1/2,0.5,Universidad Tufts,,"Medford, Estados Unidos",1924-02-23,Johannesburg,Sudáfrica,Estados Unidos; Sudáfrica,1998-05-07,"Winchester, MA",Estados Unidos,55,Godfrey N. Hounsfield,1,1,2,allan-m-cormack,allan-m-cormack,Q223542,https://prizeatlas.org/es/nobel-prize/medicina/1979/allan-m-cormack/,https://prizeatlas.org/nobel-prize/medicine/1979/allan-m-cormack/,for the development of computer assisted tomography,Allan M. Cormack,index,Biología,Premio Nobel 1979 1/2,1,1,1,1,"Johannesburg, Sudáfrica",Universidad Tufts,"Premio Nobel de Medicina, 1979",https://www.wikidata.org/wiki/Q223542,1,tufts-university,godfrey-n-hounsfield,2026-09-30,1924,nobel-000500,Male,Individual,Q49120,I121934306,A5029051742,0000-0002-5867-3529,05wvpxv85,Allan M. Cormack,Tufts University,,Q7191,True
Medicine,Medicina,medicina,1979,Godfrey N. Hounsfield,A5108463138,,Q273769,,for the development of computer assisted tomography,1/2,0.5,Central Research Laboratories,"Central Research Laboratories, EMI","Hayes, Reino Unido",1919-08-28,Newark,Reino Unido,Reino Unido,2004-08-12,Kingston upon Thames,Reino Unido,60,Allan M. Cormack,1,1,2,godfrey-n-hounsfield,godfrey-n-hounsfield,Q273769,https://prizeatlas.org/es/nobel-prize/medicina/1979/godfrey-n-hounsfield/,https://prizeatlas.org/nobel-prize/medicine/1979/godfrey-n-hounsfield/,for the development of computer assisted tomography,Godfrey N. Hounsfield,index,Biología,Premio Nobel 1979 1/2,1,0,1,0,"Newark, Reino Unido",Central Research Laboratories,"Premio Nobel de Medicina, 1979",https://www.wikidata.org/wiki/Q273769,1,central-research-laboratories,allan-m-cormack,2026-09-30,1919,nobel-000501,Male,Individual,Q105038403,,A5108463138,,,Godfrey N. Hounsfield,Central Research Laboratories,"Central Research Laboratories, EMI",Q7191,True
Medicine,Medicina,medicina,1980,Baruj Benacerraf,A5001497872,,Q234701,03vek6s52,for their discoveries concerning genetically determined structures on the cell surface that regulate immunological reactions,1/3,0.3333333333333333,Universidad Harvard,Harvard Medical School,"Boston, Estados Unidos",1920-10-29,Caracas,Venezuela,Venezuela; Estados Unidos,2011-08-02,"Boston, MA",Estados Unidos,60,Jean Dausset; George D. Snell,2,1,3,baruj-benacerraf,baruj-benacerraf,Q234701,https://prizeatlas.org/es/nobel-prize/medicina/1980/baruj-benacerraf/,https://prizeatlas.org/nobel-prize/medicine/1980/baruj-benacerraf/,for their discoveries concerning genetically determined structures on the cell surface that regulate immunological reactions,Baruj Benacerraf,index,Biología,Premio Nobel 1980 1/3,1,0,1,1,"Caracas, Venezuela",Universidad Harvard,"Premio Nobel de Medicina, 1980",https://www.wikidata.org/wiki/Q234701,1,harvard-university,jean-dausset; george-d-snell,2026-09-30,1920,nobel-000511,Male,Individual,Q13371,I136199984,A5001497872,,03vek6s52,Baruj Benacerraf,Harvard University,Harvard Medical School,Q7191,True
Medicine,Medicina,medicina,1980,George D. Snell,A5082173129,,Q295666,021sy4w91,for their discoveries concerning genetically determined structures on the cell surface that regulate immunological reactions,1/3,0.3333333333333333,Jackson Laboratory,,"Bar Harbor, Estados Unidos",1903-12-19,"Bradford, MA",Estados Unidos,Estados Unidos,1996-06-06,"Bar Harbor, ME",Estados Unidos,77,Baruj Benacerraf; Jean Dausset,2,1,3,george-d-snell,george-d-snell,Q295666,https://prizeatlas.org/es/nobel-prize/medicina/1980/george-d-snell/,https://prizeatlas.org/nobel-prize/medicine/1980/george-d-snell/,for their discoveries concerning genetically determined structures on the cell surface that regulate immunological reactions,George D. Snell,index,Biología,Premio Nobel 1980 1/3,1,0,1,1,"Bradford, MA, Estados Unidos",Jackson Laboratory,"Premio Nobel de Medicina, 1980",https://www.wikidata.org/wiki/Q295666,1,jackson-laboratory,baruj-benacerraf; jean-dausset,2026-09-30,1903,nobel-000513,Male,Individual,Q1677355,I4210115256,A5082173129,,021sy4w91,George D. Snell,Jackson Laboratory,,Q7191,True
Medicine,Medicina,medicina,1980,Jean Dausset,A5111852671,,Q152760,,for their discoveries concerning genetically determined structures on the cell surface that regulate immunological reactions,1/3,0.3333333333333333,Universidad de París,Laboratoire Immuno-Hématologie,"Paris, Francia",1916-10-19,Toulouse,Francia,Francia,2009-06-06,"Palma, Majorca",España,64,Baruj Benacerraf; George D. Snell,2,1,3,jean-dausset,jean-dausset,Q152760,https://prizeatlas.org/es/nobel-prize/medicina/1980/jean-dausset/,https://prizeatlas.org/nobel-prize/medicine/1980/jean-dausset/,for their discoveries concerning genetically determined structures on the cell surface that regulate immunological reactions,Jean Dausset,index,Biología,Premio Nobel 1980 1/3,1,0,1,0,"Toulouse, Francia",Universidad de París,"Premio Nobel de Medicina, 1980",https://www.wikidata.org/wiki/Q152760,1,university-of-paris,baruj-benacerraf; george-d-snell,2026-09-30,1916,nobel-000512,Male,Individual,Q209842,,A5111852671,,,Jean Dausset,University of Paris,Laboratoire Immuno-Hématologie,Q7191,True
Medicine,Medicina,medicina,1981,Roger Wolcott Sperry,A5113693560,,Q232305,05dxps055,for his discoveries concerning the functional specialization of the cerebral hemispheres,1/2,0.5,Instituto de Tecnología de California,,"Pasadena, Estados Unidos",1913-08-20,"Hartford, CT",Estados Unidos,Estados Unidos,1994-04-17,"Pasadena, CA",Estados Unidos,68,David H. Hubel; Torsten N. Wiesel,2,1,1,roger-wolcott-sperry,roger-wolcott-sperry,Q232305,https://prizeatlas.org/es/nobel-prize/medicina/1981/roger-wolcott-sperry/,https://prizeatlas.org/nobel-prize/medicine/1981/roger-wolcott-sperry/,for his discoveries concerning the functional specialization of the cerebral hemispheres,Roger Wolcott Sperry,index,Biología,Premio Nobel 1981 1/2,1,0,1,1,"Hartford, CT, Estados Unidos",Instituto de Tecnología de California,"Premio Nobel de Medicina, 1981",https://www.wikidata.org/wiki/Q232305,1,california-institute-of-technology,david-h-hubel; torsten-n-wiesel,2026-09-30,1913,nobel-000521,Male,Individual,Q161562,I122411786,A5113693560,,05dxps055,Roger Wolcott Sperry,California Institute of Technology,,Q7191,True
Medicine,Medicina,medicina,1981,David H. Hubel,A5109168228,,Q295644,03vek6s52,for their discoveries concerning information processing in the visual system,1/4,0.25,Universidad Harvard,Harvard Medical School,"Boston, Estados Unidos",1926-02-27,"Windsor, ON",Canadá,Canadá; Estados Unidos,2013-09-22,"Lincoln, MA",Estados Unidos,55,Roger Wolcott Sperry; Torsten N. Wiesel,2,2,2,david-h-hubel,david-h-hubel,Q295644,https://prizeatlas.org/es/nobel-prize/medicina/1981/david-h-hubel/,https://prizeatlas.org/nobel-prize/medicine/1981/david-h-hubel/,for their discoveries concerning information processing in the visual system,David H. Hubel,index,Biología,Premio Nobel 1981 1/4,1,0,1,1,"Windsor, ON, Canadá",Universidad Harvard,"Premio Nobel de Medicina, 1981",https://www.wikidata.org/wiki/Q295644,1,harvard-university,roger-wolcott-sperry; torsten-n-wiesel,2026-09-30,1926,nobel-000522,Male,Individual,Q13371,I136199984,A5109168228,,03vek6s52,David H. Hubel,Harvard University,Harvard Medical School,Q7191,True
Medicine,Medicina,medicina,1981,Torsten N. Wiesel,A5108520299,,Q271421,03vek6s52,for their discoveries concerning information processing in the visual system,1/4,0.25,Universidad Harvard,Harvard Medical School,"Boston, Estados Unidos",1924-06-03,Uppsala,Suecia,Suecia; Estados Unidos,,,,57,Roger Wolcott Sperry; David H. Hubel,2,2,2,torsten-n-wiesel,torsten-n-wiesel,Q271421,https://prizeatlas.org/es/nobel-prize/medicina/1981/torsten-n-wiesel/,https://prizeatlas.org/nobel-prize/medicine/1981/torsten-n-wiesel/,for their discoveries concerning information processing in the visual system,Torsten N. Wiesel,index,Biología,Premio Nobel 1981 1/4,1,0,1,1,"Uppsala, Suecia",Universidad Harvard,"Premio Nobel de Medicina, 1981",https://www.wikidata.org/wiki/Q271421,1,harvard-university,roger-wolcott-sperry; david-h-hubel,2026-09-30,1924,nobel-000523,Male,Individual,Q13371,I136199984,A5108520299,,03vek6s52,Torsten N. Wiesel,Harvard University,Harvard Medical School,Q7191,True
Medicine,Medicina,medicina,1982,Bengt I. Samuelsson,A5112759205,0000-0003-2218-881X,Q295768,056d84691,for their discoveries concerning prostaglandins and related biologically active substances,1/3,0.3333333333333333,Instituto Karolinska,,"Stockholm, Suecia",1934-05-21,Halmstad,Suecia,Suecia,2024-07-05,Mölle,Suecia,48,Karl Sune Bergström; John R. Vane,2,1,3,bengt-i-samuelsson,bengt-i-samuelsson,Q295768,https://prizeatlas.org/es/nobel-prize/medicina/1982/bengt-i-samuelsson/,https://prizeatlas.org/nobel-prize/medicine/1982/bengt-i-samuelsson/,for their discoveries concerning prostaglandins and related biologically active substances,Bengt I. Samuelsson,index,Biología,Premio Nobel 1982 1/3,1,1,1,1,"Halmstad, Suecia",Instituto Karolinska,"Premio Nobel de Medicina, 1982",https://www.wikidata.org/wiki/Q295768,1,karolinska-institutet,karl-sune-bergstrom; john-r-vane,2026-09-30,1934,nobel-000532,Male,Individual,Q219564,I28166907,A5112759205,0000-0003-2218-881X,056d84691,Bengt I. Samuelsson,Karolinska Institutet,,Q7191,True
Medicine,Medicina,medicina,1982,John R. Vane,A5059382959,,Q309971,,for their discoveries concerning prostaglandins and related biologically active substances,1/3,0.3333333333333333,The Wellcome Research Laboratories,,"Beckenham, Reino Unido",1927-03-29,Tardebigg,Reino Unido,Reino Unido,2004-11-19,Farnborough,Reino Unido,55,Karl Sune Bergström; Bengt I. Samuelsson,2,1,3,john-r-vane,john-r-vane,Q309971,https://prizeatlas.org/es/nobel-prize/medicina/1982/john-r-vane/,https://prizeatlas.org/nobel-prize/medicine/1982/john-r-vane/,for their discoveries concerning prostaglandins and related biologically active substances,John R. Vane,index,Biología,Premio Nobel 1982 1/3,1,0,1,0,"Tardebigg, Reino Unido",The Wellcome Research Laboratories,"Premio Nobel de Medicina, 1982",https://www.wikidata.org/wiki/Q309971,1,the-wellcome-research-laboratories,karl-sune-bergstrom; bengt-i-samuelsson,2026-09-30,1927,nobel-000533,Male,Individual,,,A5059382959,,,John R. Vane,The Wellcome Research Laboratories,,Q7191,True
Medicine,Medicina,medicina,1982,Karl Sune Bergström,A5113465569,,Q295696,056d84691,for their discoveries concerning prostaglandins and related biologically active substances,1/3,0.3333333333333333,Instituto Karolinska,,"Stockholm, Suecia",1916-01-10,Stockholm,Suecia,Suecia,2004-08-15,Stockholm,Suecia,66,Bengt I. Samuelsson; John R. Vane,2,1,3,karl-sune-bergstrom,karl-sune-bergstrom,Q295696,https://prizeatlas.org/es/nobel-prize/medicina/1982/karl-sune-bergstrom/,https://prizeatlas.org/nobel-prize/medicine/1982/karl-sune-bergstrom/,for their discoveries concerning prostaglandins and related biologically active substances,Karl Sune Bergström,index,Biología,Premio Nobel 1982 1/3,1,0,1,1,"Stockholm, Suecia",Instituto Karolinska,"Premio Nobel de Medicina, 1982",https://www.wikidata.org/wiki/Q295696,1,karolinska-institutet,bengt-i-samuelsson; john-r-vane,2026-09-30,1916,nobel-000531,Male,Individual,Q219564,I28166907,A5113465569,,056d84691,Karl Sune Bergström,Karolinska Institutet,,Q7191,True
Medicine,Medicina,medicina,1983,Barbara McClintock,A5029209905,,Q199654,02qz8b764,for her discovery of mobile genetic elements,1/1,1.0,Laboratorio Cold Spring Harbor,,"Cold Spring Harbor, Estados Unidos",1902-06-16,"Hartford, CT",Estados Unidos,Estados Unidos,1992-09-02,"Huntington, NY",Estados Unidos,81,,0,1,1,barbara-mcclintock,barbara-mcclintock,Q199654,https://prizeatlas.org/es/nobel-prize/medicina/1983/barbara-mcclintock/,https://prizeatlas.org/nobel-prize/medicine/1983/barbara-mcclintock/,for her discovery of mobile genetic elements,Barbara McClintock,index,Biología,Premio Nobel 1983 1/1,1,0,1,1,"Hartford, CT, Estados Unidos",Laboratorio Cold Spring Harbor,"Premio Nobel de Medicina, 1983",https://www.wikidata.org/wiki/Q199654,1,cold-spring-harbor-laboratory,,2026-09-30,1902,nobel-000540,Female,Individual,Q609768,I2750212522,A5029209905,,02qz8b764,Barbara McClintock,Cold Spring Harbor Laboratory,,Q7191,True
Medicine,Medicina,medicina,1984,César Milstein,A5108412595,,Q155525,00tw3jy02,for theories concerning the specificity in development and control of the immune system and the discovery of the principle for production of monoclonal antibodies,1/3,0.3333333333333333,MRC Laboratory of Molecular Biology,,"Cambridge, Reino Unido",1927-10-08,Bahia Blanca,Argentina,Argentina; Reino Unido,2002-03-24,Cambridge,Reino Unido,57,Niels K. Jerne; Georges J. F. Köhler,2,1,3,cesar-milstein,cesar-milstein,Q155525,https://prizeatlas.org/es/nobel-prize/medicina/1984/cesar-milstein/,https://prizeatlas.org/nobel-prize/medicine/1984/cesar-milstein/,for theories concerning the specificity in development and control of the immune system and the discovery of the principle for production of monoclonal antibodies,César Milstein,index,Biología,Premio Nobel 1984 1/3,1,0,1,1,"Bahia Blanca, Argentina",MRC Laboratory of Molecular Biology,"Premio Nobel de Medicina, 1984",https://www.wikidata.org/wiki/Q155525,1,mrc-laboratory-of-molecular-biology,niels-k-jerne; georges-j-f-kohler,2026-09-30,1927,nobel-000549,Male,Individual,Q185800,I170203145,A5108412595,,00tw3jy02,César Milstein,MRC Laboratory of Molecular Biology,,Q7191,True
Medicine,Medicina,medicina,1984,Georges J. F. Köhler,A5005525178,,Q77160,,for theories concerning the specificity in development and control of the immune system and the discovery of the principle for production of monoclonal antibodies,1/3,0.3333333333333333,Basel Institute for Immunology,,"Basel, Suiza",1946-04-17,Munich,Alemania,Alemania,1995-03-01,Freiburg im Breisgau,Alemania,38,Niels K. Jerne; César Milstein,2,1,3,georges-j-f-kohler,georges-j-f-kohler,Q77160,https://prizeatlas.org/es/nobel-prize/medicina/1984/georges-j-f-kohler/,https://prizeatlas.org/nobel-prize/medicine/1984/georges-j-f-kohler/,for theories concerning the specificity in development and control of the immune system and the discovery of the principle for production of monoclonal antibodies,Georges J. F. Köhler,index,Biología,Premio Nobel 1984 1/3,1,0,1,0,"Munich, Alemania",Basel Institute for Immunology,"Premio Nobel de Medicina, 1984",https://www.wikidata.org/wiki/Q77160,1,basel-institute-for-immunology,niels-k-jerne; cesar-milstein,2026-09-30,1946,nobel-000548,Male,Individual,Q809921,,A5005525178,,,Georges J. F. Köhler,Basel Institute for Immunology,,Q7191,True
Medicine,Medicina,medicina,1984,Niels K. Jerne,A5107036166,,Q309876,,for theories concerning the specificity in development and control of the immune system and the discovery of the principle for production of monoclonal antibodies,1/3,0.3333333333333333,Basel Institute for Immunology,,"Basel, Suiza",1911-12-23,London,Reino Unido,Dinamarca,1994-10-07,Castillon-du-Gard,Francia,73,Georges J. F. Köhler; César Milstein,2,1,3,niels-k-jerne,niels-k-jerne,Q309876,https://prizeatlas.org/es/nobel-prize/medicina/1984/niels-k-jerne/,https://prizeatlas.org/nobel-prize/medicine/1984/niels-k-jerne/,for theories concerning the specificity in development and control of the immune system and the discovery of the principle for production of monoclonal antibodies,Niels K. Jerne,index,Biología,Premio Nobel 1984 1/3,1,0,1,0,"London, Reino Unido",Basel Institute for Immunology,"Premio Nobel de Medicina, 1984",https://www.wikidata.org/wiki/Q309876,1,basel-institute-for-immunology,georges-j-f-kohler; cesar-milstein,2026-09-30,1911,nobel-000547,Male,Individual,Q809921,,A5107036166,,,Niels K. Jerne,Basel Institute for Immunology,,Q7191,True
Medicine,Medicina,medicina,1985,Joseph L. Goldstein,A5058164552,0000-0002-1894-9463,Q271424,05byvp690,for their discoveries concerning the regulation of cholesterol metabolism,1/2,0.5,University of Texas Southwestern Medical Center,,"Dallas, Estados Unidos",1940-04-18,"Sumter, SC",Estados Unidos,Estados Unidos,,,,45,Michael S. Brown,1,1,2,joseph-l-goldstein,joseph-l-goldstein,Q271424,https://prizeatlas.org/es/nobel-prize/medicina/1985/joseph-l-goldstein/,https://prizeatlas.org/nobel-prize/medicine/1985/joseph-l-goldstein/,for their discoveries concerning the regulation of cholesterol metabolism,Joseph L. Goldstein,index,Biología,Premio Nobel 1985 1/2,1,1,1,1,"Sumter, SC, Estados Unidos",University of Texas Southwestern Medical Center,"Premio Nobel de Medicina, 1985",https://www.wikidata.org/wiki/Q271424,1,university-of-texas-southwestern-medical-center,michael-s-brown,2026-09-30,1940,nobel-000558,Male,Individual,Q2725999,I867280407,A5058164552,0000-0002-1894-9463,05byvp690,Joseph L. Goldstein,University of Texas Southwestern Medical Center,,Q7191,True
Medicine,Medicina,medicina,1985,Michael S. Brown,A5079762911,0000-0002-1324-152X,Q295684,05byvp690,for their discoveries concerning the regulation of cholesterol metabolism,1/2,0.5,University of Texas Southwestern Medical Center,,"Dallas, Estados Unidos",1941-04-13,"New York, NY",Estados Unidos,Estados Unidos,,,,44,Joseph L. Goldstein,1,1,2,michael-s-brown,michael-s-brown,Q295684,https://prizeatlas.org/es/nobel-prize/medicina/1985/michael-s-brown/,https://prizeatlas.org/nobel-prize/medicine/1985/michael-s-brown/,for their discoveries concerning the regulation of cholesterol metabolism,Michael S. Brown,index,Biología,Premio Nobel 1985 1/2,1,1,1,1,"New York, NY, Estados Unidos",University of Texas Southwestern Medical Center,"Premio Nobel de Medicina, 1985",https://www.wikidata.org/wiki/Q295684,1,university-of-texas-southwestern-medical-center,joseph-l-goldstein,2026-09-30,1941,nobel-000557,Male,Individual,Q2725999,I867280407,A5079762911,0000-0002-1324-152X,05byvp690,Michael S. Brown,University of Texas Southwestern Medical Center,,Q7191,True
Medicine,Medicina,medicina,1986,Rita Levi-Montalcini,A5059952422,,Q185007,04zaypm56,for their discoveries of growth factors,1/2,0.5,Consiglio Nazionale delle Ricerche,Institute of Cell Biology of the C.N.R.,"Rome, Italia",1909-04-22,Turin,Italia,Estados Unidos; Italia,2012-12-30,Rome,Italia,77,Stanley Cohen,1,1,2,rita-levi-montalcini,rita-levi-montalcini,Q185007,https://prizeatlas.org/es/nobel-prize/medicina/1986/rita-levi-montalcini/,https://prizeatlas.org/nobel-prize/medicine/1986/rita-levi-montalcini/,for their discoveries of growth factors,Rita Levi-Montalcini,index,Biología,Premio Nobel 1986 1/2,1,0,1,1,"Turin, Italia",Consiglio Nazionale delle Ricerche,"Premio Nobel de Medicina, 1986",https://www.wikidata.org/wiki/Q185007,1,national-research-council-italy,stanley-cohen,2026-09-30,1909,nobel-000567,Female,Individual,Q902464,I4210155236,A5059952422,,04zaypm56,Rita Levi-Montalcini,National Research Council (Italy),Institute of Cell Biology of the C.N.R.,Q7191,True
Medicine,Medicina,medicina,1986,Stanley Cohen,A5027994912,0000-0003-3846-6028,Q232299,02vm5rt34,for their discoveries of growth factors,1/2,0.5,Universidad Vanderbilt,School of Medicine,"Nashville, Estados Unidos",1922-11-17,Brooklyn,Estados Unidos,Estados Unidos,2020-02-05,Nashville,Estados Unidos,64,Rita Levi-Montalcini,1,1,2,stanley-cohen,stanley-cohen,Q232299,https://prizeatlas.org/es/nobel-prize/medicina/1986/stanley-cohen/,https://prizeatlas.org/nobel-prize/medicine/1986/stanley-cohen/,for their discoveries of growth factors,Stanley Cohen,index,Biología,Premio Nobel 1986 1/2,1,1,1,1,"Brooklyn, Estados Unidos",Universidad Vanderbilt,"Premio Nobel de Medicina, 1986",https://www.wikidata.org/wiki/Q232299,1,vanderbilt-university,rita-levi-montalcini,2026-09-30,1922,nobel-000566,Male,Individual,Q29052,I200719446,A5027994912,0000-0003-3846-6028,02vm5rt34,Stanley Cohen,Vanderbilt University,School of Medicine,Q7191,True
Medicine,Medicina,medicina,1987,Susumu Tonegawa,A5038557565,0000-0003-2839-8228,Q108602,042nb2s44,for his discovery of the genetic principle for generation of antibody diversity,1/1,1.0,Instituto Tecnológico de Massachusetts,,"Cambridge, Estados Unidos",1939-09-06,Nagoya,Japón,Japón,2026-07-11,,,48,,0,1,1,susumu-tonegawa,susumu-tonegawa,Q108602,https://prizeatlas.org/es/nobel-prize/medicina/1987/susumu-tonegawa/,https://prizeatlas.org/nobel-prize/medicine/1987/susumu-tonegawa/,for his discovery of the genetic principle for generation of antibody diversity,Susumu Tonegawa,index,Biología,Premio Nobel 1987 1/1,1,1,1,1,"Nagoya, Japón",Instituto Tecnológico de Massachusetts,"Premio Nobel de Medicina, 1987",https://www.wikidata.org/wiki/Q108602,1,massachusetts-institute-of-technology,,2026-09-30,1939,nobel-000577,Male,Individual,Q49108,I63966007,A5038557565,0000-0003-2839-8228,042nb2s44,Susumu Tonegawa,Massachusetts Institute of Technology,,Q7191,True
Medicine,Medicina,medicina,1988,George H. Hitchings,A5044855710,,Q310487,,for their discoveries of important principles for drug treatment,1/3,0.3333333333333333,Wellcome Research Laboratories,,"Research Triangle Park, Estados Unidos",1905-04-18,"Hoquiam, WA",Estados Unidos,Estados Unidos,1998-02-27,"Chapel Hill, NC",Estados Unidos,83,James W. Black; Gertrude B. Elion,2,1,3,george-h-hitchings,george-h-hitchings,Q310487,https://prizeatlas.org/es/nobel-prize/medicina/1988/george-h-hitchings/,https://prizeatlas.org/nobel-prize/medicine/1988/george-h-hitchings/,for their discoveries of important principles for drug treatment,George H. Hitchings,index,Biología,Premio Nobel 1988 1/3,1,0,1,0,"Hoquiam, WA, Estados Unidos",Wellcome Research Laboratories,"Premio Nobel de Medicina, 1988",https://www.wikidata.org/wiki/Q310487,1,wellcome-research-laboratories,james-w-black; gertrude-b-elion,2026-09-30,1905,nobel-000588,Male,Individual,Q20714098,,A5044855710,,,George H. Hitchings,Wellcome Research Laboratories,,Q7191,True
Medicine,Medicina,medicina,1988,Gertrude B. Elion,A5012121429,,Q35703,,for their discoveries of important principles for drug treatment,1/3,0.3333333333333333,Wellcome Research Laboratories,,"Research Triangle Park, Estados Unidos",1918-01-23,"New York, NY",Estados Unidos,Estados Unidos,1999-02-21,"Chapel Hill, NC",Estados Unidos,70,James W. Black; George H. Hitchings,2,1,3,gertrude-b-elion,gertrude-b-elion,Q35703,https://prizeatlas.org/es/nobel-prize/medicina/1988/gertrude-b-elion/,https://prizeatlas.org/nobel-prize/medicine/1988/gertrude-b-elion/,for their discoveries of important principles for drug treatment,Gertrude B. Elion,index,Biología,Premio Nobel 1988 1/3,1,0,1,0,"New York, NY, Estados Unidos",Wellcome Research Laboratories,"Premio Nobel de Medicina, 1988",https://www.wikidata.org/wiki/Q35703,1,wellcome-research-laboratories,james-w-black; george-h-hitchings,2026-09-30,1918,nobel-000587,Female,Individual,Q20714098,,A5012121429,,,Gertrude B. Elion,Wellcome Research Laboratories,,Q7191,True
Medicine,Medicina,medicina,1988,James W. Black,A5110411584,,Q110974,04cw6st05,for their discoveries of important principles for drug treatment,1/3,0.3333333333333333,Universidad de Londres,King's College Hospital Medical School,"London, Reino Unido",1924-06-14,Uddingston,Reino Unido,Reino Unido,2010-03-21,,,64,Gertrude B. Elion; George H. Hitchings,2,1,3,james-w-black,james-w-black,Q110974,https://prizeatlas.org/es/nobel-prize/medicina/1988/james-w-black/,https://prizeatlas.org/nobel-prize/medicine/1988/james-w-black/,for their discoveries of important principles for drug treatment,James W. Black,index,Biología,Premio Nobel 1988 1/3,1,0,1,1,"Uddingston, Reino Unido",Universidad de Londres,"Premio Nobel de Medicina, 1988",https://www.wikidata.org/wiki/Q110974,1,university-of-london,gertrude-b-elion; george-h-hitchings,2026-09-30,1924,nobel-000586,Male,Individual,Q170027,I124357947,A5110411584,,04cw6st05,James W. Black,University of London,King's College Hospital Medical School,Q7191,True
Medicine,Medicina,medicina,1989,Harold E. Varmus,A5023586836,0000-0002-6444-1943,Q295691,00pjdza24,for their discovery of the cellular origin of retroviral oncogenes,1/2,0.5,Universidad de California,"University of California, San Francisco School of Medicine","San Francisco, Estados Unidos",1939-12-18,"Oceanside, NY",Estados Unidos,Estados Unidos,,,,50,J. Michael Bishop,1,1,2,harold-e-varmus,harold-e-varmus,Q295691,https://prizeatlas.org/es/nobel-prize/medicina/1989/harold-e-varmus/,https://prizeatlas.org/nobel-prize/medicine/1989/harold-e-varmus/,for their discovery of the cellular origin of retroviral oncogenes,Harold E. Varmus,index,Biología,Premio Nobel 1989 1/2,1,1,1,1,"Oceanside, NY, Estados Unidos",Universidad de California,"Premio Nobel de Medicina, 1989",https://www.wikidata.org/wiki/Q295691,1,university-of-california,j-michael-bishop,2026-09-30,1939,nobel-000598,Male,Individual,Q184478,I2803209242,A5023586836,0000-0002-6444-1943,00pjdza24,Harold E. Varmus,University of California,"University of California, San Francisco School of Medicine",Q7191,True
Medicine,Medicina,medicina,1989,J. Michael Bishop,A5089138950,,Q311358,00pjdza24,for their discovery of the cellular origin of retroviral oncogenes,1/2,0.5,Universidad de California,"University of California, San Francisco School of Medicine","San Francisco, Estados Unidos",1936-02-22,"York, PA",Estados Unidos,Estados Unidos,2026-03-20,"San Francisco, CA",Estados Unidos,53,Harold E. Varmus,1,1,2,j-michael-bishop,j-michael-bishop,Q311358,https://prizeatlas.org/es/nobel-prize/medicina/1989/j-michael-bishop/,https://prizeatlas.org/nobel-prize/medicine/1989/j-michael-bishop/,for their discovery of the cellular origin of retroviral oncogenes,J. Michael Bishop,index,Biología,Premio Nobel 1989 1/2,1,0,1,1,"York, PA, Estados Unidos",Universidad de California,"Premio Nobel de Medicina, 1989",https://www.wikidata.org/wiki/Q311358,1,university-of-california,harold-e-varmus,2026-09-30,1936,nobel-000597,Male,Individual,Q184478,I2803209242,A5089138950,,00pjdza24,J. Michael Bishop,University of California,"University of California, San Francisco School of Medicine",Q7191,True
Medicine,Medicina,medicina,1990,E. Donnall Thomas,A5077135046,,Q310485,007ps6h72,for their discoveries concerning organ and cell transplantation in the treatment of human disease,1/2,0.5,Fred Hutchinson Cancer Research Center,,"Seattle, Estados Unidos",1920-03-15,"Mart, TX",Estados Unidos,Estados Unidos,2012-10-20,"Seattle, WA",Estados Unidos,70,Joseph E. Murray,1,1,2,e-donnall-thomas,e-donnall-thomas,Q310485,https://prizeatlas.org/es/nobel-prize/medicina/1990/e-donnall-thomas/,https://prizeatlas.org/nobel-prize/medicine/1990/e-donnall-thomas/,for their discoveries concerning organ and cell transplantation in the treatment of human disease,E. Donnall Thomas,index,Biología,Premio Nobel 1990 1/2,1,0,1,1,"Mart, TX, Estados Unidos",Fred Hutchinson Cancer Research Center,"Premio Nobel de Medicina, 1990",https://www.wikidata.org/wiki/Q310485,1,fred-hutchinson-cancer-research-center,joseph-e-murray,2026-09-30,1920,nobel-000609,Male,Individual,Q1452369,I4210089486,A5077135046,,007ps6h72,E. Donnall Thomas,Fred Hutchinson Cancer Research Center,,Q7191,True
Medicine,Medicina,medicina,1990,Joseph E. Murray,A5103688689,,Q192282,04b6nzv94,for their discoveries concerning organ and cell transplantation in the treatment of human disease,1/2,0.5,Hospital Brigham and Women's,,"Boston, Estados Unidos",1919-04-01,"Milford, MA",Estados Unidos,Estados Unidos,2012-11-26,"Boston, MA",Estados Unidos,71,E. Donnall Thomas,1,1,2,joseph-e-murray,joseph-e-murray,Q192282,https://prizeatlas.org/es/nobel-prize/medicina/1990/joseph-e-murray/,https://prizeatlas.org/nobel-prize/medicine/1990/joseph-e-murray/,for their discoveries concerning organ and cell transplantation in the treatment of human disease,Joseph E. Murray,index,Biología,Premio Nobel 1990 1/2,1,0,1,1,"Milford, MA, Estados Unidos",Hospital Brigham and Women's,"Premio Nobel de Medicina, 1990",https://www.wikidata.org/wiki/Q192282,1,brigham-and-womens-hospital,e-donnall-thomas,2026-09-30,1919,nobel-000608,Male,Individual,Q2900977,I1283280774,A5103688689,,04b6nzv94,Joseph E. Murray,Brigham and Women’s Hospital,,Q7191,True
Medicine,Medicina,medicina,1991,Bert Sakmann,A5082041058,,Q77081,01hhn8329,for their discoveries concerning the function of single ion channels in cells,1/2,0.5,Sociedad Max Planck,Max Planck Institute for Medical Research,"Heidelberg, Alemania",1942-06-12,Stuttgart,Alemania,Alemania,,,,49,Erwin Neher,1,1,2,bert-sakmann,bert-sakmann,Q77081,https://prizeatlas.org/es/nobel-prize/medicina/1991/bert-sakmann/,https://prizeatlas.org/nobel-prize/medicine/1991/bert-sakmann/,for their discoveries concerning the function of single ion channels in cells,Bert Sakmann,index,Biología,Premio Nobel 1991 1/2,1,0,1,1,"Stuttgart, Alemania",Sociedad Max Planck,"Premio Nobel de Medicina, 1991",https://www.wikidata.org/wiki/Q77081,1,max-planck-society,erwin-neher,2026-09-30,1942,nobel-000618,Male,Individual,Q158085,I149899117,A5082041058,,01hhn8329,Bert Sakmann,Max Planck Society,Max Planck Institute for Medical Research,Q7191,True
Medicine,Medicina,medicina,1991,Erwin Neher,A5027089376,0000-0002-9758-7922,Q77126,01hhn8329,for their discoveries concerning the function of single ion channels in cells,1/2,0.5,Sociedad Max Planck,Max Planck Institute for Multidisciplinary Sciences,"Göttingen, Alemania",1944-03-20,Landsberg,Alemania,Alemania,,,,47,Bert Sakmann,1,1,2,erwin-neher,erwin-neher,Q77126,https://prizeatlas.org/es/nobel-prize/medicina/1991/erwin-neher/,https://prizeatlas.org/nobel-prize/medicine/1991/erwin-neher/,for their discoveries concerning the function of single ion channels in cells,Erwin Neher,index,Biología,Premio Nobel 1991 1/2,1,1,1,1,"Landsberg, Alemania",Sociedad Max Planck,"Premio Nobel de Medicina, 1991",https://www.wikidata.org/wiki/Q77126,1,max-planck-society,bert-sakmann,2026-09-30,1944,nobel-000617,Male,Individual,Q158085,I149899117,A5027089376,0000-0002-9758-7922,01hhn8329,Erwin Neher,Max Planck Society,Max Planck Institute for Multidisciplinary Sciences,Q7191,True
Medicine,Medicina,medicina,1992,Edmond H. Fischer,A5038922448,,Q109726,00cvxb145,for their discoveries concerning reversible protein phosphorylation as a biological regulatory mechanism,1/2,0.5,Universidad de Washington,,"Seattle, Estados Unidos",1920-04-06,Shanghai,China,Suiza; Estados Unidos; Italia,2021-08-27,"Seattle, WA",Estados Unidos,72,Edwin G. Krebs,1,1,2,edmond-h-fischer,edmond-h-fischer,Q109726,https://prizeatlas.org/es/nobel-prize/medicina/1992/edmond-h-fischer/,https://prizeatlas.org/nobel-prize/medicine/1992/edmond-h-fischer/,for their discoveries concerning reversible protein phosphorylation as a biological regulatory mechanism,Edmond H. Fischer,index,Biología,Premio Nobel 1992 1/2,1,0,1,1,"Shanghai, China",Universidad de Washington,"Premio Nobel de Medicina, 1992",https://www.wikidata.org/wiki/Q109726,1,university-of-washington,edwin-g-krebs,2026-09-30,1920,nobel-000624,Male,Individual,Q219563,I201448701,A5038922448,,00cvxb145,Edmond H. Fischer,University of Washington,,Q7191,True
Medicine,Medicina,medicina,1992,Edwin G. Krebs,A5110020206,,Q109731,00cvxb145,for their discoveries concerning reversible protein phosphorylation as a biological regulatory mechanism,1/2,0.5,Universidad de Washington,,"Seattle, Estados Unidos",1918-06-06,"Lansing, IA",Estados Unidos,Estados Unidos,2009-12-21,"Seattle, WA",Estados Unidos,74,Edmond H. Fischer,1,1,2,edwin-g-krebs,edwin-g-krebs,Q109731,https://prizeatlas.org/es/nobel-prize/medicina/1992/edwin-g-krebs/,https://prizeatlas.org/nobel-prize/medicine/1992/edwin-g-krebs/,for their discoveries concerning reversible protein phosphorylation as a biological regulatory mechanism,Edwin G. Krebs,index,Biología,Premio Nobel 1992 1/2,1,0,1,1,"Lansing, IA, Estados Unidos",Universidad de Washington,"Premio Nobel de Medicina, 1992",https://www.wikidata.org/wiki/Q109731,1,university-of-washington,edmond-h-fischer,2026-09-30,1918,nobel-000625,Male,Individual,Q219563,I201448701,A5110020206,,00cvxb145,Edwin G. Krebs,University of Washington,,Q7191,True
Medicine,Medicina,medicina,1993,Phillip A. Sharp,A5022945869,0000-0003-1465-1691,Q312977,042nb2s44,for their discoveries of split genes,1/2,0.5,Instituto Tecnológico de Massachusetts,Koch Institute for Integrative Cancer Research,"Cambridge, Estados Unidos",1944-06-06,"Falmouth, KY",Estados Unidos,Estados Unidos,,,,49,Richard J. Roberts,1,1,2,phillip-a-sharp,phillip-a-sharp,Q312977,https://prizeatlas.org/es/nobel-prize/medicina/1993/phillip-a-sharp/,https://prizeatlas.org/nobel-prize/medicine/1993/phillip-a-sharp/,for their discoveries of split genes,Phillip A. Sharp,index,Biología,Premio Nobel 1993 1/2,1,1,1,1,"Falmouth, KY, Estados Unidos",Instituto Tecnológico de Massachusetts,"Premio Nobel de Medicina, 1993",https://www.wikidata.org/wiki/Q312977,1,massachusetts-institute-of-technology,richard-j-roberts,2026-09-30,1944,nobel-000634,Male,Individual,Q49108,I63966007,A5022945869,0000-0003-1465-1691,042nb2s44,Phillip A. Sharp,Massachusetts Institute of Technology,Koch Institute for Integrative Cancer Research,Q7191,True
Medicine,Medicina,medicina,1993,Richard J. Roberts,A5091034547,0000-0002-4348-0169,Q309816,04ywg3445,for their discoveries of split genes,1/2,0.5,New England Biolabs,,"Beverly, Estados Unidos",1943-09-06,Derby,Reino Unido,Reino Unido,,,,50,Phillip A. Sharp,1,1,2,richard-j-roberts,richard-j-roberts,Q309816,https://prizeatlas.org/es/nobel-prize/medicina/1993/richard-j-roberts/,https://prizeatlas.org/nobel-prize/medicine/1993/richard-j-roberts/,for their discoveries of split genes,Richard J. Roberts,index,Biología,Premio Nobel 1993 1/2,1,1,1,1,"Derby, Reino Unido",New England Biolabs,"Premio Nobel de Medicina, 1993",https://www.wikidata.org/wiki/Q309816,1,new-england-biolabs,phillip-a-sharp,2026-09-30,1943,nobel-000633,Male,Individual,Q17134414,I115020962,A5091034547,0000-0002-4348-0169,04ywg3445,Richard J. Roberts,New England Biolabs,,Q7191,True
Medicine,Medicina,medicina,1994,Alfred G. Gilman,A5054552947,,Q296423,05byvp690,for their discovery of G-proteins and the role of these proteins in signal transduction in cells,1/2,0.5,University of Texas Southwestern Medical Center,,"Dallas, Estados Unidos",1941-07-01,"New Haven, CT",Estados Unidos,Estados Unidos,2015-12-23,"Dallas, TX",Estados Unidos,53,Martin Rodbell,1,1,2,alfred-g-gilman,alfred-g-gilman,Q296423,https://prizeatlas.org/es/nobel-prize/medicina/1994/alfred-g-gilman/,https://prizeatlas.org/nobel-prize/medicine/1994/alfred-g-gilman/,for their discovery of G-proteins and the role of these proteins in signal transduction in cells,Alfred G. Gilman,index,Biología,Premio Nobel 1994 1/2,1,0,1,1,"New Haven, CT, Estados Unidos",University of Texas Southwestern Medical Center,"Premio Nobel de Medicina, 1994",https://www.wikidata.org/wiki/Q296423,1,university-of-texas-southwestern-medical-center,martin-rodbell,2026-09-30,1941,nobel-000644,Male,Individual,Q2725999,I867280407,A5054552947,,05byvp690,Alfred G. Gilman,University of Texas Southwestern Medical Center,,Q7191,True
Medicine,Medicina,medicina,1994,Martin Rodbell,A5025375601,,Q60031,00j4k1h63,for their discovery of G-proteins and the role of these proteins in signal transduction in cells,1/2,0.5,National Institute of Environmental Health Sciences,,"Research Triangle Park, Estados Unidos",1925-12-01,"Baltimore, MD",Estados Unidos,Estados Unidos,1998-12-07,"Chapel Hill, NC",Estados Unidos,69,Alfred G. Gilman,1,1,2,martin-rodbell,martin-rodbell,Q60031,https://prizeatlas.org/es/nobel-prize/medicina/1994/martin-rodbell/,https://prizeatlas.org/nobel-prize/medicine/1994/martin-rodbell/,for their discovery of G-proteins and the role of these proteins in signal transduction in cells,Martin Rodbell,index,Biología,Premio Nobel 1994 1/2,1,0,1,1,"Baltimore, MD, Estados Unidos",National Institute of Environmental Health Sciences,"Premio Nobel de Medicina, 1994",https://www.wikidata.org/wiki/Q60031,1,national-institute-of-environmental-health-sciences,alfred-g-gilman,2026-09-30,1925,nobel-000645,Male,Individual,Q1284039,I4210095140,A5025375601,,00j4k1h63,Martin Rodbell,National Institute of Environmental Health Sciences,,Q7191,True
Medicine,Medicina,medicina,1995,Christiane Nüsslein-Volhard,A5072765144,0000-0002-7688-1401,Q77174,01hhn8329,for their discoveries concerning the genetic control of early embryonic development,1/3,0.3333333333333333,Sociedad Max Planck,Max Planck Institute for Biology Tübingen,"Tübingen, Alemania",1942-10-20,Magdeburg,Alemania,Alemania,,,,53,Edward B. Lewis; Eric F. Wieschaus,2,1,3,christiane-nusslein-volhard,christiane-nusslein-volhard,Q77174,https://prizeatlas.org/es/nobel-prize/medicina/1995/christiane-nusslein-volhard/,https://prizeatlas.org/nobel-prize/medicine/1995/christiane-nusslein-volhard/,for their discoveries concerning the genetic control of early embryonic development,Christiane Nüsslein-Volhard,index,Biología,Premio Nobel 1995 1/3,1,1,1,1,"Magdeburg, Alemania",Sociedad Max Planck,"Premio Nobel de Medicina, 1995",https://www.wikidata.org/wiki/Q77174,1,max-planck-society,edward-b-lewis; eric-f-wieschaus,2026-09-30,1942,nobel-000657,Female,Individual,Q158085,I149899117,A5072765144,0000-0002-7688-1401,01hhn8329,Christiane Nüsslein-Volhard,Max Planck Society,Max Planck Institute for Biology Tübingen,Q7191,True
Medicine,Medicina,medicina,1995,Edward B. Lewis,A5112790416,,Q274123,05dxps055,for their discoveries concerning the genetic control of early embryonic development,1/3,0.3333333333333333,Instituto de Tecnología de California,,"Pasadena, Estados Unidos",1918-05-20,"Wilkes-Barre, PA",Estados Unidos,Estados Unidos,2004-07-21,"Pasadena, CA",Estados Unidos,77,Christiane Nüsslein-Volhard; Eric F. Wieschaus,2,1,3,edward-b-lewis,edward-b-lewis,Q274123,https://prizeatlas.org/es/nobel-prize/medicina/1995/edward-b-lewis/,https://prizeatlas.org/nobel-prize/medicine/1995/edward-b-lewis/,for their discoveries concerning the genetic control of early embryonic development,Edward B. Lewis,index,Biología,Premio Nobel 1995 1/3,1,0,1,1,"Wilkes-Barre, PA, Estados Unidos",Instituto de Tecnología de California,"Premio Nobel de Medicina, 1995",https://www.wikidata.org/wiki/Q274123,1,california-institute-of-technology,christiane-nusslein-volhard; eric-f-wieschaus,2026-09-30,1918,nobel-000656,Male,Individual,Q161562,I122411786,A5112790416,,05dxps055,Edward B. Lewis,California Institute of Technology,,Q7191,True
Medicine,Medicina,medicina,1995,Eric F. Wieschaus,A5083154783,0000-0002-0727-3349,Q301438,00hx57361,for their discoveries concerning the genetic control of early embryonic development,1/3,0.3333333333333333,Universidad de Princeton,,"Princeton, Estados Unidos",1947-06-08,"South Bend, IN",Estados Unidos,Estados Unidos,,,,48,Edward B. Lewis; Christiane Nüsslein-Volhard,2,1,3,eric-f-wieschaus,eric-f-wieschaus,Q301438,https://prizeatlas.org/es/nobel-prize/medicina/1995/eric-f-wieschaus/,https://prizeatlas.org/nobel-prize/medicine/1995/eric-f-wieschaus/,for their discoveries concerning the genetic control of early embryonic development,Eric F. Wieschaus,index,Biología,Premio Nobel 1995 1/3,1,1,1,1,"South Bend, IN, Estados Unidos",Universidad de Princeton,"Premio Nobel de Medicina, 1995",https://www.wikidata.org/wiki/Q301438,1,princeton-university,edward-b-lewis; christiane-nusslein-volhard,2026-09-30,1947,nobel-000658,Male,Individual,Q21578,I20089843,A5083154783,0000-0002-0727-3349,00hx57361,Eric F. Wieschaus,Princeton University,,Q7191,True
Medicine,Medicina,medicina,1996,Peter C. Doherty,A5074692390,0000-0002-5028-3489,Q309814,02r3e0967,for their discoveries concerning the specificity of the cell mediated immune defence,1/2,0.5,St. Jude Children's Research Hospital,,"Memphis, Estados Unidos",1940-10-15,Brisbane,Australia,Australia,,,,56,Rolf M. Zinkernagel,1,1,2,peter-c-doherty,peter-c-doherty,Q309814,https://prizeatlas.org/es/nobel-prize/medicina/1996/peter-c-doherty/,https://prizeatlas.org/nobel-prize/medicine/1996/peter-c-doherty/,for their discoveries concerning the specificity of the cell mediated immune defence,Peter C. Doherty,index,Biología,Premio Nobel 1996 1/2,1,1,1,1,"Brisbane, Australia",St. Jude Children's Research Hospital,"Premio Nobel de Medicina, 1996",https://www.wikidata.org/wiki/Q309814,1,st-jude-children-s-research-hospital,rolf-m-zinkernagel,2026-09-30,1940,nobel-000669,Male,Individual,Q1164246,I1313298211,A5074692390,0000-0002-5028-3489,02r3e0967,Peter C. Doherty,St. Jude Children's Research Hospital,,Q7191,True
Medicine,Medicina,medicina,1996,Rolf M. Zinkernagel,A5113991567,,Q116064,02crff812,for their discoveries concerning the specificity of the cell mediated immune defence,1/2,0.5,Universidad de Zúrich,Institute of Experimental Immunology,"Zurich, Suiza",1944-01-06,Basel,Suiza,Suiza,,,,52,Peter C. Doherty,1,1,2,rolf-m-zinkernagel,rolf-m-zinkernagel,Q116064,https://prizeatlas.org/es/nobel-prize/medicina/1996/rolf-m-zinkernagel/,https://prizeatlas.org/nobel-prize/medicine/1996/rolf-m-zinkernagel/,for their discoveries concerning the specificity of the cell mediated immune defence,Rolf M. Zinkernagel,index,Biología,Premio Nobel 1996 1/2,1,0,1,1,"Basel, Suiza",Universidad de Zúrich,"Premio Nobel de Medicina, 1996",https://www.wikidata.org/wiki/Q116064,1,university-of-zurich,peter-c-doherty,2026-09-30,1944,nobel-000670,Male,Individual,Q206702,I202697423,A5113991567,,02crff812,Rolf M. Zinkernagel,University of Zurich,Institute of Experimental Immunology,Q7191,True
Medicine,Medicina,medicina,1997,Stanley B. Prusiner,A5066991343,0000-0003-1955-5498,Q155380,00pjdza24,for his discovery of Prions - a new biological principle of infection,1/1,1.0,Universidad de California,"University of California, San Francisco School of Medicine","San Francisco, Estados Unidos",1942-05-28,"Des Moines, IA",Estados Unidos,Estados Unidos,,,,55,,0,1,1,stanley-b-prusiner,stanley-b-prusiner,Q155380,https://prizeatlas.org/es/nobel-prize/medicina/1997/stanley-b-prusiner/,https://prizeatlas.org/nobel-prize/medicine/1997/stanley-b-prusiner/,for his discovery of Prions - a new biological principle of infection,Stanley B. Prusiner,index,Biología,Premio Nobel 1997 1/1,1,1,1,1,"Des Moines, IA, Estados Unidos",Universidad de California,"Premio Nobel de Medicina, 1997",https://www.wikidata.org/wiki/Q155380,1,university-of-california,,2026-09-30,1942,nobel-000682,Male,Individual,Q184478,I2803209242,A5066991343,0000-0003-1955-5498,00pjdza24,Stanley B. Prusiner,University of California,"University of California, San Francisco School of Medicine",Q7191,True
Medicine,Medicina,medicina,1998,Ferid Murad,A5113484200,,Q295999,,for their discoveries concerning nitric oxide as a signalling molecule in the cardiovascular system,1/3,0.3333333333333333,University of Texas Medical School at Houston,,"Houston, Estados Unidos",1936-09-14,"Whiting, IN",Estados Unidos,Estados Unidos,2023-09-04,"Menlo Park, CL",Estados Unidos,62,Robert F. Furchgott; Louis J. Ignarro,2,1,3,ferid-murad,ferid-murad,Q295999,https://prizeatlas.org/es/nobel-prize/medicina/1998/ferid-murad/,https://prizeatlas.org/nobel-prize/medicine/1998/ferid-murad/,for their discoveries concerning nitric oxide as a signalling molecule in the cardiovascular system,Ferid Murad,index,Biología,Premio Nobel 1998 1/3,1,0,1,0,"Whiting, IN, Estados Unidos",University of Texas Medical School at Houston,"Premio Nobel de Medicina, 1998",https://www.wikidata.org/wiki/Q295999,1,university-of-texas-medical-school-at-houston,robert-f-furchgott; louis-j-ignarro,2026-09-30,1936,nobel-000694,Male,Individual,Q96418922,,A5113484200,,,Ferid Murad,University of Texas Medical School at Houston,,Q7191,True
Medicine,Medicina,medicina,1998,Louis J. Ignarro,A5113501898,,Q309820,00pjdza24,for their discoveries concerning nitric oxide as a signalling molecule in the cardiovascular system,1/3,0.3333333333333333,Universidad de California,"University of California, Los Angeles School of Medicine","Los Angeles, Estados Unidos",1941-05-31,"Brooklyn, NY",Estados Unidos,Estados Unidos,,,,57,Robert F. Furchgott; Ferid Murad,2,1,3,louis-j-ignarro,louis-j-ignarro,Q309820,https://prizeatlas.org/es/nobel-prize/medicina/1998/louis-j-ignarro/,https://prizeatlas.org/nobel-prize/medicine/1998/louis-j-ignarro/,for their discoveries concerning nitric oxide as a signalling molecule in the cardiovascular system,Louis J. Ignarro,index,Biología,Premio Nobel 1998 1/3,1,0,1,1,"Brooklyn, NY, Estados Unidos",Universidad de California,"Premio Nobel de Medicina, 1998",https://www.wikidata.org/wiki/Q309820,1,university-of-california,robert-f-furchgott; ferid-murad,2026-09-30,1941,nobel-000693,Male,Individual,Q184478,I2803209242,A5113501898,,00pjdza24,Louis J. Ignarro,University of California,"University of California, Los Angeles School of Medicine",Q7191,True
Medicine,Medicina,medicina,1998,Robert F. Furchgott,A5010310471,,Q108880,0041qmd21,for their discoveries concerning nitric oxide as a signalling molecule in the cardiovascular system,1/3,0.3333333333333333,SUNY Downstate Medical Center,,"Brooklyn, Estados Unidos",1916-06-04,"Charleston, SC",Estados Unidos,Estados Unidos,2009-05-19,"Seattle, WA",Estados Unidos,82,Louis J. Ignarro; Ferid Murad,2,1,3,robert-f-furchgott,robert-f-furchgott,Q108880,https://prizeatlas.org/es/nobel-prize/medicina/1998/robert-f-furchgott/,https://prizeatlas.org/nobel-prize/medicine/1998/robert-f-furchgott/,for their discoveries concerning nitric oxide as a signalling molecule in the cardiovascular system,Robert F. Furchgott,index,Biología,Premio Nobel 1998 1/3,1,0,1,1,"Charleston, SC, Estados Unidos",SUNY Downstate Medical Center,"Premio Nobel de Medicina, 1998",https://www.wikidata.org/wiki/Q108880,1,suny-downstate-medical-center,louis-j-ignarro; ferid-murad,2026-09-30,1916,nobel-000692,Male,Individual,Q3246712,I181697535,A5010310471,,0041qmd21,Robert F. Furchgott,SUNY Downstate Medical Center,,Q7191,True
Medicine,Medicina,medicina,1999,Günter Blobel,A5081060821,0000-0002-7839-8341,Q60108,0420db125,for the discovery that proteins have intrinsic signals that govern their transport and localization in the cell,1/1,1.0,Universidad Rockefeller,,"New York, Estados Unidos",1936-05-21,Waltersdorf (Niegoslawice),Polonia,Alemania; Estados Unidos,2018-02-18,"New York, NY",Estados Unidos,63,,0,1,1,gunter-blobel,gunter-blobel,Q60108,https://prizeatlas.org/es/nobel-prize/medicina/1999/gunter-blobel/,https://prizeatlas.org/nobel-prize/medicine/1999/gunter-blobel/,for the discovery that proteins have intrinsic signals that govern their transport and localization in the cell,Günter Blobel,index,Biología,Premio Nobel 1999 1/1,1,1,1,1,"Waltersdorf (Niegoslawice), Polonia",Universidad Rockefeller,"Premio Nobel de Medicina, 1999",https://www.wikidata.org/wiki/Q60108,1,rockefeller-university,,2026-09-30,1936,nobel-000703,Male,Individual,Q270272,I83399316,A5081060821,0000-0002-7839-8341,0420db125,Günter Blobel,Rockefeller University,,Q7191,True
Medicine,Medicina,medicina,2000,Arvid Carlsson,A5110564232,,Q298045,01tm6cn81,for their discoveries concerning signal transduction in the nervous system,1/3,0.3333333333333333,Universidad de Gotemburgo,,"Gothenburg, Suecia",1923-01-25,Uppsala,Suecia,Suecia,2018-06-29,Gothenburg,Suecia,77,Paul Greengard; Eric R. Kandel,2,1,3,arvid-carlsson,arvid-carlsson,Q298045,https://prizeatlas.org/es/nobel-prize/medicina/2000/arvid-carlsson/,https://prizeatlas.org/nobel-prize/medicine/2000/arvid-carlsson/,for their discoveries concerning signal transduction in the nervous system,Arvid Carlsson,index,Biología,Premio Nobel 2000 1/3,1,0,1,1,"Uppsala, Suecia",Universidad de Gotemburgo,"Premio Nobel de Medicina, 2000",https://www.wikidata.org/wiki/Q298045,1,university-of-gothenburg,paul-greengard; eric-r-kandel,2026-09-30,1923,nobel-000713,Male,Individual,Q371522,I881427289,A5110564232,,01tm6cn81,Arvid Carlsson,University of Gothenburg,,Q7191,True
Medicine,Medicina,medicina,2000,Eric R. Kandel,A5034071817,0000-0001-7851-6902,Q155529,00hj8s172,for their discoveries concerning signal transduction in the nervous system,1/3,0.3333333333333333,Universidad de Columbia,,"New York, Estados Unidos",1929-11-07,Vienna,Austria,Estados Unidos; Austria,,,,71,Arvid Carlsson; Paul Greengard,2,1,3,eric-r-kandel,eric-r-kandel,Q155529,https://prizeatlas.org/es/nobel-prize/medicina/2000/eric-r-kandel/,https://prizeatlas.org/nobel-prize/medicine/2000/eric-r-kandel/,for their discoveries concerning signal transduction in the nervous system,Eric R. Kandel,index,Biología,Premio Nobel 2000 1/3,1,1,1,1,"Vienna, Austria",Universidad de Columbia,"Premio Nobel de Medicina, 2000",https://www.wikidata.org/wiki/Q155529,1,columbia-university,arvid-carlsson; paul-greengard,2026-09-30,1929,nobel-000715,Male,Individual,Q49088,I78577930,A5034071817,0000-0001-7851-6902,00hj8s172,Eric R. Kandel,Columbia University,,Q7191,True
Medicine,Medicina,medicina,2000,Paul Greengard,A5052825834,0000-0002-4437-0893,Q309979,0420db125,for their discoveries concerning signal transduction in the nervous system,1/3,0.3333333333333333,Universidad Rockefeller,,"New York, Estados Unidos",1925-12-11,"New York, NY",Estados Unidos,Estados Unidos,2019-04-13,"New York, NY",Estados Unidos,75,Arvid Carlsson; Eric R. Kandel,2,1,3,paul-greengard,paul-greengard,Q309979,https://prizeatlas.org/es/nobel-prize/medicina/2000/paul-greengard/,https://prizeatlas.org/nobel-prize/medicine/2000/paul-greengard/,for their discoveries concerning signal transduction in the nervous system,Paul Greengard,index,Biología,Premio Nobel 2000 1/3,1,1,1,1,"New York, NY, Estados Unidos",Universidad Rockefeller,"Premio Nobel de Medicina, 2000",https://www.wikidata.org/wiki/Q309979,1,rockefeller-university,arvid-carlsson; eric-r-kandel,2026-09-30,1925,nobel-000714,Male,Individual,Q270272,I83399316,A5052825834,0000-0002-4437-0893,0420db125,Paul Greengard,Rockefeller University,,Q7191,True
Medicine,Medicina,medicina,2001,Leland H. Hartwell,A5112821745,,Q295869,007ps6h72,for their discoveries of key regulators of the cell cycle,1/3,0.3333333333333333,Fred Hutchinson Cancer Research Center,,"Seattle, Estados Unidos",1939-10-30,"Los Angeles, CA",Estados Unidos,Estados Unidos,,,,62,Tim Hunt; Paul M. Nurse,2,1,3,leland-h-hartwell,leland-h-hartwell,Q295869,https://prizeatlas.org/es/nobel-prize/medicina/2001/leland-h-hartwell/,https://prizeatlas.org/nobel-prize/medicine/2001/leland-h-hartwell/,for their discoveries of key regulators of the cell cycle,Leland H. Hartwell,index,Biología,Premio Nobel 2001 1/3,1,0,1,1,"Los Angeles, CA, Estados Unidos",Fred Hutchinson Cancer Research Center,"Premio Nobel de Medicina, 2001",https://www.wikidata.org/wiki/Q295869,1,fred-hutchinson-cancer-research-center,tim-hunt; paul-m-nurse,2026-09-30,1939,nobel-000727,Male,Individual,Q1452369,I4210089486,A5112821745,,007ps6h72,Leland H. Hartwell,Fred Hutchinson Cancer Research Center,,Q7191,True
Medicine,Medicina,medicina,2001,Paul M. Nurse,A5019124036,0000-0002-9244-7787,Q219716,054225q67,for their discoveries of key regulators of the cell cycle,1/3,0.3333333333333333,Cancer Research UK,Imperial Cancer Research Fund,"London, Reino Unido",1949-01-25,Norwich,Reino Unido,Reino Unido,,,,52,Leland H. Hartwell; Tim Hunt,2,1,3,paul-m-nurse,paul-m-nurse,Q219716,https://prizeatlas.org/es/nobel-prize/medicina/2001/paul-m-nurse/,https://prizeatlas.org/nobel-prize/medicine/2001/paul-m-nurse/,for their discoveries of key regulators of the cell cycle,Paul M. Nurse,index,Biología,Premio Nobel 2001 1/3,1,1,1,1,"Norwich, Reino Unido",Cancer Research UK,"Premio Nobel de Medicina, 2001",https://www.wikidata.org/wiki/Q219716,1,cancer-research-uk,leland-h-hartwell; tim-hunt,2026-09-30,1949,nobel-000729,Male,Individual,Q326079,I2801316944,A5019124036,0000-0002-9244-7787,054225q67,Paul M. Nurse,Cancer Research UK,Imperial Cancer Research Fund,Q7191,True
Medicine,Medicina,medicina,2001,Tim Hunt,A5046551180,0000-0001-5174-6038,Q309977,054225q67,for their discoveries of key regulators of the cell cycle,1/3,0.3333333333333333,Cancer Research UK,Imperial Cancer Research Fund,"London, Reino Unido",1943-02-19,Neston,Reino Unido,Reino Unido,,,,58,Leland H. Hartwell; Paul M. Nurse,2,1,3,tim-hunt,tim-hunt,Q309977,https://prizeatlas.org/es/nobel-prize/medicina/2001/tim-hunt/,https://prizeatlas.org/nobel-prize/medicine/2001/tim-hunt/,for their discoveries of key regulators of the cell cycle,Tim Hunt,index,Biología,Premio Nobel 2001 1/3,1,1,1,1,"Neston, Reino Unido",Cancer Research UK,"Premio Nobel de Medicina, 2001",https://www.wikidata.org/wiki/Q309977,1,cancer-research-uk,leland-h-hartwell; paul-m-nurse,2026-09-30,1943,nobel-000728,Male,Individual,Q326079,I2801316944,A5046551180,0000-0001-5174-6038,054225q67,Tim Hunt,Cancer Research UK,Imperial Cancer Research Fund,Q7191,True
Medicine,Medicina,medicina,2002,H. Robert Horvitz,A5075093223,0000-0002-9964-9613,Q295659,042nb2s44,for their discoveries concerning genetic regulation of organ development and programmed cell death',1/3,0.3333333333333333,Instituto Tecnológico de Massachusetts,,"Cambridge, Estados Unidos",1947-05-08,"Chicago, IL",Estados Unidos,Estados Unidos,,,,55,Sydney Brenner; John E. Sulston,2,1,3,h-robert-horvitz,h-robert-horvitz,Q295659,https://prizeatlas.org/es/nobel-prize/medicina/2002/h-robert-horvitz/,https://prizeatlas.org/nobel-prize/medicine/2002/h-robert-horvitz/,for their discoveries concerning genetic regulation of organ development and programmed cell death',H. Robert Horvitz,index,Biología,Premio Nobel 2002 1/3,1,1,1,1,"Chicago, IL, Estados Unidos",Instituto Tecnológico de Massachusetts,"Premio Nobel de Medicina, 2002",https://www.wikidata.org/wiki/Q295659,1,massachusetts-institute-of-technology,sydney-brenner; john-e-sulston,2026-09-30,1947,nobel-000742,Male,Individual,Q49108,I63966007,A5075093223,0000-0002-9964-9613,042nb2s44,H. Robert Horvitz,Massachusetts Institute of Technology,,Q7191,True
Medicine,Medicina,medicina,2002,John E. Sulston,A5018043809,,Q271532,05cy4wa09,for their discoveries concerning genetic regulation of organ development and programmed cell death',1/3,0.3333333333333333,Wellcome Trust Sanger Institute,The Wellcome Trust Sanger Institute,"Cambridge, Reino Unido",1942-03-27,Cambridge,Reino Unido,Reino Unido,2018-03-06,"Stapleford, Cambridgeshire",Reino Unido,60,Sydney Brenner; H. Robert Horvitz,2,1,3,john-e-sulston,john-e-sulston,Q271532,https://prizeatlas.org/es/nobel-prize/medicina/2002/john-e-sulston/,https://prizeatlas.org/nobel-prize/medicine/2002/john-e-sulston/,for their discoveries concerning genetic regulation of organ development and programmed cell death',John E. Sulston,index,Biología,Premio Nobel 2002 1/3,1,0,1,1,"Cambridge, Reino Unido",Wellcome Trust Sanger Institute,"Premio Nobel de Medicina, 2002",https://www.wikidata.org/wiki/Q271532,1,wellcome-sanger-institute,sydney-brenner; h-robert-horvitz,2026-09-30,1942,nobel-000743,Male,Individual,Q1142544,I2802476451,A5018043809,,05cy4wa09,John E. Sulston,Wellcome Sanger Institute,The Wellcome Trust Sanger Institute,Q7191,True
Medicine,Medicina,medicina,2002,Sydney Brenner,A5111910776,0000-0002-9433-7557,Q234463,000fyja13,for their discoveries concerning genetic regulation of organ development and programmed cell death',1/3,0.3333333333333333,Molecular Sciences Institute,The Molecular Sciences Institute,"Berkeley, Estados Unidos",1927-01-13,Germiston,Sudáfrica,Sudáfrica; Reino Unido,2019-04-05,,Singapur,75,H. Robert Horvitz; John E. Sulston,2,1,3,sydney-brenner,sydney-brenner,Q234463,https://prizeatlas.org/es/nobel-prize/medicina/2002/sydney-brenner/,https://prizeatlas.org/nobel-prize/medicine/2002/sydney-brenner/,for their discoveries concerning genetic regulation of organ development and programmed cell death',Sydney Brenner,index,Biología,Premio Nobel 2002 1/3,1,1,1,1,"Germiston, Sudáfrica",Molecular Sciences Institute,"Premio Nobel de Medicina, 2002",https://www.wikidata.org/wiki/Q234463,1,molecular-sciences-institute,h-robert-horvitz; john-e-sulston,2026-09-30,1927,nobel-000741,Male,Individual,Q6895980,I44187974,A5111910776,0000-0002-9433-7557,000fyja13,Sydney Brenner,Molecular Sciences Institute,The Molecular Sciences Institute,Q7191,True
Medicine,Medicina,medicina,2003,Paul C. Lauterbur,A5077010419,,Q106547,047426m28,for their discoveries concerning magnetic resonance imaging,1/2,0.5,Universidad de Illinois en Urbana-Champaign,,"Urbana, Estados Unidos",1929-05-06,"Sidney, OH",Estados Unidos,Estados Unidos,2007-03-27,"Urbana, IL",Estados Unidos,74,Sir Peter Mansfield,1,1,2,paul-c-lauterbur,paul-c-lauterbur,Q106547,https://prizeatlas.org/es/nobel-prize/medicina/2003/paul-c-lauterbur/,https://prizeatlas.org/nobel-prize/medicine/2003/paul-c-lauterbur/,for their discoveries concerning magnetic resonance imaging,Paul C. Lauterbur,index,Biología,Premio Nobel 2003 1/2,1,0,1,1,"Sidney, OH, Estados Unidos",Universidad de Illinois en Urbana-Champaign,"Premio Nobel de Medicina, 2003",https://www.wikidata.org/wiki/Q106547,1,university-of-illinois-urbana-champaign,sir-peter-mansfield,2026-09-30,1929,nobel-000753,Male,Individual,Q457281,I157725225,A5077010419,,047426m28,Paul C. Lauterbur,University of Illinois Urbana-Champaign,,Q7191,True
Medicine,Medicina,medicina,2003,Sir Peter Mansfield,A5053266229,,Q243601,01ee9ar58,for their discoveries concerning magnetic resonance imaging,1/2,0.5,Universidad de Nottingham,School of Physics and Astronomy,"Nottingham, Reino Unido",1933-10-09,London,Reino Unido,Reino Unido,2017-02-08,,,70,Paul C. Lauterbur,1,1,2,sir-peter-mansfield,sir-peter-mansfield,Q243601,https://prizeatlas.org/es/nobel-prize/medicina/2003/sir-peter-mansfield/,https://prizeatlas.org/nobel-prize/medicine/2003/sir-peter-mansfield/,for their discoveries concerning magnetic resonance imaging,Sir Peter Mansfield,index,Biología,Premio Nobel 2003 1/2,1,0,1,1,"London, Reino Unido",Universidad de Nottingham,"Premio Nobel de Medicina, 2003",https://www.wikidata.org/wiki/Q243601,1,university-of-nottingham,paul-c-lauterbur,2026-09-30,1933,nobel-000754,Male,Individual,Q472316,I142263535,A5053266229,,01ee9ar58,Sir Peter Mansfield,University of Nottingham,School of Physics and Astronomy,Q7191,True
Medicine,Medicina,medicina,2004,Linda B. Buck,A5041469934,0000-0001-6735-8961,Q200136,007ps6h72,for their discoveries of odorant receptors and the organization of the olfactory system,1/2,0.5,Fred Hutchinson Cancer Research Center,,"Seattle, Estados Unidos",1947-01-29,"Seattle, WA",Estados Unidos,Estados Unidos,,,,57,Richard Axel,1,1,2,linda-b-buck,linda-b-buck,Q200136,https://prizeatlas.org/es/nobel-prize/medicina/2004/linda-b-buck/,https://prizeatlas.org/nobel-prize/medicine/2004/linda-b-buck/,for their discoveries of odorant receptors and the organization of the olfactory system,Linda B. Buck,index,Biología,Premio Nobel 2004 1/2,1,1,1,1,"Seattle, WA, Estados Unidos",Fred Hutchinson Cancer Research Center,"Premio Nobel de Medicina, 2004",https://www.wikidata.org/wiki/Q200136,1,fred-hutchinson-cancer-research-center,richard-axel,2026-09-30,1947,nobel-000766,Female,Individual,Q1452369,I4210089486,A5041469934,0000-0001-6735-8961,007ps6h72,Linda B. Buck,Fred Hutchinson Cancer Research Center,,Q7191,True
Medicine,Medicina,medicina,2004,Richard Axel,A5140697054,0000-0002-3141-4076,Q211940,00hj8s172,for their discoveries of odorant receptors and the organization of the olfactory system,1/2,0.5,Universidad de Columbia,,"New York, Estados Unidos",1946-07-02,"New York, NY",Estados Unidos,Estados Unidos,,,,58,Linda B. Buck,1,1,2,richard-axel,richard-axel,Q211940,https://prizeatlas.org/es/nobel-prize/medicina/2004/richard-axel/,https://prizeatlas.org/nobel-prize/medicine/2004/richard-axel/,for their discoveries of odorant receptors and the organization of the olfactory system,Richard Axel,index,Biología,Premio Nobel 2004 1/2,1,1,1,1,"New York, NY, Estados Unidos",Universidad de Columbia,"Premio Nobel de Medicina, 2004",https://www.wikidata.org/wiki/Q211940,1,columbia-university,linda-b-buck,2026-09-30,1946,nobel-000765,Male,Individual,Q49088,I78577930,A5140697054,0000-0002-3141-4076,00hj8s172,Richard Axel,Columbia University,,Q7191,True
Medicine,Medicina,medicina,2005,Barry J. Marshall,A5058569055,0000-0003-4853-5015,Q202136,,for their discovery of the bacterium Helicobacter pylori and its role in gastritis and peptic ulcer disease,1/2,0.5,"NHMRC Helicobacter pylori Research Laboratory, QEII Medical Centre",,"Nedlands, Australia",1951-09-30,Kalgoorlie,Australia,Australia,,,,54,J. Robin Warren,1,1,2,barry-j-marshall,barry-j-marshall,Q202136,https://prizeatlas.org/es/nobel-prize/medicina/2005/barry-j-marshall/,https://prizeatlas.org/nobel-prize/medicine/2005/barry-j-marshall/,for their discovery of the bacterium Helicobacter pylori and its role in gastritis and peptic ulcer disease,Barry J. Marshall,index,Biología,Premio Nobel 2005 1/2,1,1,1,0,"Kalgoorlie, Australia","NHMRC Helicobacter pylori Research Laboratory, QEII Medical Centre","Premio Nobel de Medicina, 2005",https://www.wikidata.org/wiki/Q202136,1,nhmrc-helicobacter-pylori-research-laboratory-qeii-medical-centre,j-robin-warren,2026-09-30,1951,nobel-000777,Male,Individual,,,A5058569055,0000-0003-4853-5015,,Barry J. Marshall,"NHMRC Helicobacter pylori Research Laboratory, QEII Medical Centre",,Q7191,True
Medicine,Medicina,medicina,2005,J. Robin Warren,A5103471926,,Q208670,00zc2xc51,for their discovery of the bacterium Helicobacter pylori and its role in gastritis and peptic ulcer disease,1/2,0.5,Royal Perth Hospital,,"Perth, Australia",1937-06-11,Adelaide,Australia,Australia,2024-07-23,Perth,Australia,68,Barry J. Marshall,1,1,2,j-robin-warren,j-robin-warren,Q208670,https://prizeatlas.org/es/nobel-prize/medicina/2005/j-robin-warren/,https://prizeatlas.org/nobel-prize/medicine/2005/j-robin-warren/,for their discovery of the bacterium Helicobacter pylori and its role in gastritis and peptic ulcer disease,J. Robin Warren,index,Biología,Premio Nobel 2005 1/2,1,0,1,1,"Adelaide, Australia",Royal Perth Hospital,"Premio Nobel de Medicina, 2005",https://www.wikidata.org/wiki/Q208670,1,royal-perth-hospital,barry-j-marshall,2026-09-30,1937,nobel-000778,Male,Individual,Q7374710,I2799740997,A5103471926,,00zc2xc51,J. Robin Warren,Royal Perth Hospital,,Q7191,True
Medicine,Medicina,medicina,2006,Andrew Z. Fire,A5057231025,0000-0001-6217-8312,Q202152,00f54p054,for their discovery of RNA interference - gene silencing by double-stranded RNA,1/2,0.5,Universidad Stanford,School of Medicine,"Stanford, Estados Unidos",1959-04-27,"Stanford, CA",Estados Unidos,Estados Unidos,,,,47,Craig C. Mello,1,1,2,andrew-z-fire,andrew-z-fire,Q202152,https://prizeatlas.org/es/nobel-prize/medicina/2006/andrew-z-fire/,https://prizeatlas.org/nobel-prize/medicine/2006/andrew-z-fire/,for their discovery of RNA interference - gene silencing by double-stranded RNA,Andrew Z. Fire,index,Biología,Premio Nobel 2006 1/2,1,1,1,1,"Stanford, CA, Estados Unidos",Universidad Stanford,"Premio Nobel de Medicina, 2006",https://www.wikidata.org/wiki/Q202152,1,stanford-university,craig-c-mello,2026-09-30,1959,nobel-000787,Male,Individual,Q41506,I97018004,A5057231025,0000-0001-6217-8312,00f54p054,Andrew Z. Fire,Stanford University,School of Medicine,Q7191,True
Medicine,Medicina,medicina,2006,Craig C. Mello,A5029315886,0000-0001-9176-6551,Q206455,0464eyp60,for their discovery of RNA interference - gene silencing by double-stranded RNA,1/2,0.5,University of Massachusetts Medical School,UMass Chan Medical School,"Worcester, Estados Unidos",1960-10-19,"New Haven, CT",Estados Unidos,Estados Unidos,,,,46,Andrew Z. Fire,1,1,2,craig-c-mello,craig-c-mello,Q206455,https://prizeatlas.org/es/nobel-prize/medicina/2006/craig-c-mello/,https://prizeatlas.org/nobel-prize/medicine/2006/craig-c-mello/,for their discovery of RNA interference - gene silencing by double-stranded RNA,Craig C. Mello,index,Biología,Premio Nobel 2006 1/2,1,1,1,1,"New Haven, CT, Estados Unidos",University of Massachusetts Medical School,"Premio Nobel de Medicina, 2006",https://www.wikidata.org/wiki/Q206455,1,university-of-massachusetts,andrew-z-fire,2026-09-30,1960,nobel-000788,Male,Individual,Q7895715,I166722992,A5029315886,0000-0001-9176-6551,0464eyp60,Craig C. Mello,University of Massachusetts,UMass Chan Medical School,Q7191,True
Medicine,Medicina,medicina,2007,Mario R. Capecchi,A5065080973,0000-0002-9591-4993,Q215574,03r0ha626,for their discoveries of principles for introducing specific gene modifications in mice by the use of embryonic stem cells,1/3,0.3333333333333333,Universidad de Utah,,"Salt Lake City, Estados Unidos",1937-10-06,Verona,Italia,Estados Unidos,,,,70,Martin J. Evans; Oliver Smithies,2,1,3,mario-r-capecchi,mario-r-capecchi,Q215574,https://prizeatlas.org/es/nobel-prize/medicina/2007/mario-r-capecchi/,https://prizeatlas.org/nobel-prize/medicine/2007/mario-r-capecchi/,for their discoveries of principles for introducing specific gene modifications in mice by the use of embryonic stem cells,Mario R. Capecchi,index,Biología,Premio Nobel 2007 1/3,1,1,1,1,"Verona, Italia",Universidad de Utah,"Premio Nobel de Medicina, 2007",https://www.wikidata.org/wiki/Q215574,1,university-of-utah,martin-j-evans; oliver-smithies,2026-09-30,1937,nobel-000798,Male,Individual,Q168515,I223532165,A5065080973,0000-0002-9591-4993,03r0ha626,Mario R. Capecchi,University of Utah,,Q7191,True
Medicine,Medicina,medicina,2007,Martin J. Evans,A5089983912,0000-0001-7741-1535,Q207719,03kk7td41,for their discoveries of principles for introducing specific gene modifications in mice by the use of embryonic stem cells,1/3,0.3333333333333333,Universidad de Cardiff,,"Cardiff, Reino Unido",1941-01-01,Stroud,Reino Unido,Reino Unido,,,,66,Mario R. Capecchi; Oliver Smithies,2,1,3,martin-j-evans,martin-j-evans,Q207719,https://prizeatlas.org/es/nobel-prize/medicina/2007/martin-j-evans/,https://prizeatlas.org/nobel-prize/medicine/2007/martin-j-evans/,for their discoveries of principles for introducing specific gene modifications in mice by the use of embryonic stem cells,Martin J. Evans,index,Biología,Premio Nobel 2007 1/3,1,1,1,1,"Stroud, Reino Unido",Universidad de Cardiff,"Premio Nobel de Medicina, 2007",https://www.wikidata.org/wiki/Q207719,1,cardiff-university,mario-r-capecchi; oliver-smithies,2026-09-30,1941,nobel-000799,Male,Individual,Q1035745,I79510175,A5089983912,0000-0001-7741-1535,03kk7td41,Martin J. Evans,Cardiff University,,Q7191,True
Medicine,Medicina,medicina,2007,Oliver Smithies,A5070335657,0000-0002-4934-3931,Q216318,0130frc33,for their discoveries of principles for introducing specific gene modifications in mice by the use of embryonic stem cells,1/3,0.3333333333333333,Universidad de Carolina del Norte en Chapel Hill,,"Chapel Hill, Estados Unidos",1925-06-23,Halifax,Reino Unido,Estados Unidos; Reino Unido,2017-01-10,"Chapel Hill, NC",Estados Unidos,82,Mario R. Capecchi; Martin J. Evans,2,1,3,oliver-smithies,oliver-smithies,Q216318,https://prizeatlas.org/es/nobel-prize/medicina/2007/oliver-smithies/,https://prizeatlas.org/nobel-prize/medicine/2007/oliver-smithies/,for their discoveries of principles for introducing specific gene modifications in mice by the use of embryonic stem cells,Oliver Smithies,index,Biología,Premio Nobel 2007 1/3,1,1,1,1,"Halifax, Reino Unido",Universidad de Carolina del Norte en Chapel Hill,"Premio Nobel de Medicina, 2007",https://www.wikidata.org/wiki/Q216318,1,university-of-north-carolina-at-chapel-hill,mario-r-capecchi; martin-j-evans,2026-09-30,1925,nobel-000800,Male,Individual,Q192334,I114027177,A5070335657,0000-0002-4934-3931,0130frc33,Oliver Smithies,University of North Carolina at Chapel Hill,,Q7191,True
Medicine,Medicina,medicina,2008,Harald zur Hausen,A5076220155,0000-0003-1103-0347,Q75847,04cdgtt98,for his discovery of human papilloma viruses causing cervical cancer,1/2,0.5,Centro Alemán de Investigación Oncológica,,"Heidelberg, Alemania",1936-03-11,Gelsenkirchen,Alemania,Alemania,2023-05-28,Heidelberg,Alemania,72,Françoise Barré-Sinoussi; Luc Montagnier,2,1,1,harald-zur-hausen,harald-zur-hausen,Q75847,https://prizeatlas.org/es/nobel-prize/medicina/2008/harald-zur-hausen/,https://prizeatlas.org/nobel-prize/medicine/2008/harald-zur-hausen/,for his discovery of human papilloma viruses causing cervical cancer,Harald zur Hausen,index,Biología,Premio Nobel 2008 1/2,1,1,1,1,"Gelsenkirchen, Alemania",Centro Alemán de Investigación Oncológica,"Premio Nobel de Medicina, 2008",https://www.wikidata.org/wiki/Q75847,1,german-cancer-research-center,francoise-barre-sinoussi; luc-montagnier,2026-09-30,1936,nobel-000810,Male,Individual,Q449325,I17937529,A5076220155,0000-0003-1103-0347,04cdgtt98,Harald zur Hausen,German Cancer Research Center,,Q7191,True
Medicine,Medicina,medicina,2008,Françoise Barré-Sinoussi,A5107827488,,Q103844,0495fxg12,for their discovery of human immunodeficiency virus,1/4,0.25,Instituto Pasteur,"Regulation of Retroviral Infections Unit, Virology Department","Paris, Francia",1947-07-30,Paris,Francia,Francia,,,,61,Harald zur Hausen; Luc Montagnier,2,2,2,francoise-barre-sinoussi,francoise-barre-sinoussi,Q103844,https://prizeatlas.org/es/nobel-prize/medicina/2008/francoise-barre-sinoussi/,https://prizeatlas.org/nobel-prize/medicine/2008/francoise-barre-sinoussi/,for their discovery of human immunodeficiency virus,Françoise Barré-Sinoussi,index,Biología,Premio Nobel 2008 1/4,1,0,1,1,"Paris, Francia",Instituto Pasteur,"Premio Nobel de Medicina, 2008",https://www.wikidata.org/wiki/Q103844,1,institut-pasteur,harald-zur-hausen; luc-montagnier,2026-09-30,1947,nobel-000811,Female,Individual,Q391083,I157536573,A5107827488,,0495fxg12,Françoise Barré-Sinoussi,Institut Pasteur,"Regulation of Retroviral Infections Unit, Virology Department",Q7191,True
Medicine,Medicina,medicina,2008,Luc Montagnier,A5016871448,,Q103598,,for their discovery of human immunodeficiency virus,1/4,0.25,World Foundation for AIDS Research and Prevention,,"Paris, Francia",1932-08-18,Chabris,Francia,Francia,2022-02-08,Paris,Francia,76,Harald zur Hausen; Françoise Barré-Sinoussi,2,2,2,luc-montagnier,luc-montagnier,Q103598,https://prizeatlas.org/es/nobel-prize/medicina/2008/luc-montagnier/,https://prizeatlas.org/nobel-prize/medicine/2008/luc-montagnier/,for their discovery of human immunodeficiency virus,Luc Montagnier,index,Biología,Premio Nobel 2008 1/4,1,0,1,0,"Chabris, Francia",World Foundation for AIDS Research and Prevention,"Premio Nobel de Medicina, 2008",https://www.wikidata.org/wiki/Q103598,1,world-foundation-for-aids-research-and-prevention,harald-zur-hausen; francoise-barre-sinoussi,2026-09-30,1932,nobel-000812,Male,Individual,,,A5016871448,,,Luc Montagnier,World Foundation for AIDS Research and Prevention,,Q7191,True
Medicine,Medicina,medicina,2009,Carol W. Greider,A5041730448,0000-0002-5494-8126,Q26322,00za53h95,for the discovery of how chromosomes are protected by telomeres and the enzyme telomerase,1/3,0.3333333333333333,Universidad Johns Hopkins,School of Medicine,"Baltimore, Estados Unidos",1961-04-15,"San Diego, CA",Estados Unidos,Estados Unidos,,,,48,Elizabeth H. Blackburn; Jack W. Szostak,2,1,3,carol-w-greider,carol-w-greider,Q26322,https://prizeatlas.org/es/nobel-prize/medicina/2009/carol-w-greider/,https://prizeatlas.org/nobel-prize/medicine/2009/carol-w-greider/,for the discovery of how chromosomes are protected by telomeres and the enzyme telomerase,Carol W. Greider,index,Biología,Premio Nobel 2009 1/3,1,1,1,1,"San Diego, CA, Estados Unidos",Universidad Johns Hopkins,"Premio Nobel de Medicina, 2009",https://www.wikidata.org/wiki/Q26322,1,johns-hopkins-university,elizabeth-h-blackburn; jack-w-szostak,2026-09-30,1961,nobel-000824,Female,Individual,Q193727,I145311948,A5041730448,0000-0002-5494-8126,00za53h95,Carol W. Greider,Johns Hopkins University,School of Medicine,Q7191,True
Medicine,Medicina,medicina,2009,Elizabeth H. Blackburn,A5064437582,0000-0002-4885-0544,Q26321,00pjdza24,for the discovery of how chromosomes are protected by telomeres and the enzyme telomerase,1/3,0.3333333333333333,Universidad de California,"University of California, San Francisco","San Francisco, Estados Unidos",1948-11-26,"Hobart, Tasmania",Australia,Australia; Estados Unidos,,,,61,Carol W. Greider; Jack W. Szostak,2,1,3,elizabeth-h-blackburn,elizabeth-h-blackburn,Q26321,https://prizeatlas.org/es/nobel-prize/medicina/2009/elizabeth-h-blackburn/,https://prizeatlas.org/nobel-prize/medicine/2009/elizabeth-h-blackburn/,for the discovery of how chromosomes are protected by telomeres and the enzyme telomerase,Elizabeth H. Blackburn,index,Biología,Premio Nobel 2009 1/3,1,1,1,1,"Hobart, Tasmania, Australia",Universidad de California,"Premio Nobel de Medicina, 2009",https://www.wikidata.org/wiki/Q26321,1,university-of-california,carol-w-greider; jack-w-szostak,2026-09-30,1948,nobel-000823,Female,Individual,Q184478,I2803209242,A5064437582,0000-0002-4885-0544,00pjdza24,Elizabeth H. Blackburn,University of California,"University of California, San Francisco",Q7191,True
Medicine,Medicina,medicina,2009,Jack W. Szostak,A5023274897,0000-0003-4131-1203,Q104600,03vek6s52,for the discovery of how chromosomes are protected by telomeres and the enzyme telomerase,1/3,0.3333333333333333,Universidad Harvard,Harvard Medical School,"Boston, Estados Unidos",1952-11-09,London,Reino Unido,Estados Unidos; Canadá,,,,57,Elizabeth H. Blackburn; Carol W. Greider,2,1,3,jack-w-szostak,jack-w-szostak,Q104600,https://prizeatlas.org/es/nobel-prize/medicina/2009/jack-w-szostak/,https://prizeatlas.org/nobel-prize/medicine/2009/jack-w-szostak/,for the discovery of how chromosomes are protected by telomeres and the enzyme telomerase,Jack W. Szostak,index,Biología,Premio Nobel 2009 1/3,1,1,1,1,"London, Reino Unido",Universidad Harvard,"Premio Nobel de Medicina, 2009",https://www.wikidata.org/wiki/Q104600,1,harvard-university,elizabeth-h-blackburn; carol-w-greider,2026-09-30,1952,nobel-000825,Male,Individual,Q13371,I136199984,A5023274897,0000-0003-4131-1203,03vek6s52,Jack W. Szostak,Harvard University,Harvard Medical School,Q7191,True
Medicine,Medicina,medicina,2010,Robert G. Edwards,A5076630534,0000-0002-5667-291X,Q104913,013meh722,for the development of in vitro fertilization,1/1,1.0,Universidad de Cambridge,,"Cambridge, Reino Unido",1925-09-27,Batley,Reino Unido,Reino Unido,2013-04-10,Cambridge,Reino Unido,85,,0,1,1,robert-g-edwards,robert-g-edwards,Q104913,https://prizeatlas.org/es/nobel-prize/medicina/2010/robert-g-edwards/,https://prizeatlas.org/nobel-prize/medicine/2010/robert-g-edwards/,for the development of in vitro fertilization,Robert G. Edwards,index,Biología,Premio Nobel 2010 1/1,1,1,1,1,"Batley, Reino Unido",Universidad de Cambridge,"Premio Nobel de Medicina, 2010",https://www.wikidata.org/wiki/Q104913,1,university-of-cambridge,,2026-09-30,1925,nobel-000837,Male,Individual,Q35794,I241749,A5076630534,0000-0002-5667-291X,013meh722,Robert G. Edwards,University of Cambridge,,Q7191,True
Medicine,Medicina,medicina,2011,Bruce A. Beutler,A5059140393,0000-0002-3639-246X,Q104592,05byvp690,for their discoveries concerning the activation of innate immunity,1/4,0.25,University of Texas Southwestern Medical Center,,"Dallas, Estados Unidos",1957-12-29,"Chicago, IL",Estados Unidos,Estados Unidos,,,,54,Jules A. Hoffmann; Ralph M. Steinman,2,1,2,bruce-a-beutler,bruce-a-beutler,Q104592,https://prizeatlas.org/es/nobel-prize/medicina/2011/bruce-a-beutler/,https://prizeatlas.org/nobel-prize/medicine/2011/bruce-a-beutler/,for their discoveries concerning the activation of innate immunity,Bruce A. Beutler,index,Biología,Premio Nobel 2011 1/4,1,1,1,1,"Chicago, IL, Estados Unidos",University of Texas Southwestern Medical Center,"Premio Nobel de Medicina, 2011",https://www.wikidata.org/wiki/Q104592,1,university-of-texas-southwestern-medical-center,jules-a-hoffmann; ralph-m-steinman,2026-09-30,1957,nobel-000845,Male,Individual,Q2725999,I867280407,A5059140393,0000-0002-3639-246X,05byvp690,Bruce A. Beutler,University of Texas Southwestern Medical Center,,Q7191,True
Medicine,Medicina,medicina,2011,Jules A. Hoffmann,A5109919304,0000-0001-7286-1967,Q105605,00pg6eq24,for their discoveries concerning the activation of innate immunity,1/4,0.25,Universidad de Estrasburgo,,"Strasbourg, Francia",1941-08-02,Echternach,Luxemburgo,Francia; Luxemburgo,,,,70,Bruce A. Beutler; Ralph M. Steinman,2,1,2,jules-a-hoffmann,jules-a-hoffmann,Q105605,https://prizeatlas.org/es/nobel-prize/medicina/2011/jules-a-hoffmann/,https://prizeatlas.org/nobel-prize/medicine/2011/jules-a-hoffmann/,for their discoveries concerning the activation of innate immunity,Jules A. Hoffmann,index,Biología,Premio Nobel 2011 1/4,1,1,1,1,"Echternach, Luxemburgo",Universidad de Estrasburgo,"Premio Nobel de Medicina, 2011",https://www.wikidata.org/wiki/Q105605,1,university-of-strasbourg,bruce-a-beutler; ralph-m-steinman,2026-09-30,1941,nobel-000846,Male,Individual,Q157575,I68947357,A5109919304,0000-0001-7286-1967,00pg6eq24,Jules A. Hoffmann,University of Strasbourg,,Q7191,True
Medicine,Medicina,medicina,2011,Ralph M. Steinman,A5113434905,,Q105494,0420db125,for his discovery of the dendritic cell and its role in adaptive immunity,1/2,0.5,Universidad Rockefeller,,"New York, Estados Unidos",1943-01-14,Montreal,Canadá,Canadá; Estados Unidos,2011-09-30,"New York, NY",Estados Unidos,68,Bruce A. Beutler; Jules A. Hoffmann,2,2,1,ralph-m-steinman,ralph-m-steinman,Q105494,https://prizeatlas.org/es/nobel-prize/medicina/2011/ralph-m-steinman/,https://prizeatlas.org/nobel-prize/medicine/2011/ralph-m-steinman/,for his discovery of the dendritic cell and its role in adaptive immunity,Ralph M. Steinman,index,Biología,Premio Nobel 2011 1/2,1,0,1,1,"Montreal, Canadá",Universidad Rockefeller,"Premio Nobel de Medicina, 2011",https://www.wikidata.org/wiki/Q105494,1,rockefeller-university,bruce-a-beutler; jules-a-hoffmann,2026-09-30,1943,nobel-000847,Male,Individual,Q270272,I83399316,A5113434905,,0420db125,Ralph M. Steinman,Rockefeller University,,Q7191,True
Medicine,Medicina,medicina,2012,John B. Gurdon,A5059632675,0000-0002-5621-3799,Q81218,00fp3ce15,for the discovery that mature cells can be reprogrammed to become pluripotent,1/2,0.5,Instituto Gurdon,,"Cambridge, Reino Unido",1933-10-02,Dippenhall,Reino Unido,Reino Unido,2025-10-07,,,79,Shinya Yamanaka,1,1,2,john-b-gurdon,john-b-gurdon,Q81218,https://prizeatlas.org/es/nobel-prize/medicina/2012/john-b-gurdon/,https://prizeatlas.org/nobel-prize/medicine/2012/john-b-gurdon/,for the discovery that mature cells can be reprogrammed to become pluripotent,John B. Gurdon,index,Biología,Premio Nobel 2012 1/2,1,1,1,1,"Dippenhall, Reino Unido",Instituto Gurdon,"Premio Nobel de Medicina, 2012",https://www.wikidata.org/wiki/Q81218,1,gurdon-institute,shinya-yamanaka,2026-09-30,1933,nobel-000859,Male,Individual,Q5013781,I2801782436,A5059632675,0000-0002-5621-3799,00fp3ce15,John B. Gurdon,Gurdon Institute,,Q7191,True
Medicine,Medicina,medicina,2012,Shinya Yamanaka,A5081862387,0009-0003-1393-0987,Q80917,02kpeqv85,for the discovery that mature cells can be reprogrammed to become pluripotent,1/2,0.5,Universidad de Kioto,,"Kyoto, Japón",1962-09-04,Osaka,Japón,Japón,,,,50,John B. Gurdon,1,1,2,shinya-yamanaka,shinya-yamanaka,Q80917,https://prizeatlas.org/es/nobel-prize/medicina/2012/shinya-yamanaka/,https://prizeatlas.org/nobel-prize/medicine/2012/shinya-yamanaka/,for the discovery that mature cells can be reprogrammed to become pluripotent,Shinya Yamanaka,index,Biología,Premio Nobel 2012 1/2,1,1,1,1,"Osaka, Japón",Universidad de Kioto,"Premio Nobel de Medicina, 2012",https://www.wikidata.org/wiki/Q80917,1,kyoto-university,john-b-gurdon,2026-09-30,1962,nobel-000860,Male,Individual,Q336264,I22299242,A5081862387,0009-0003-1393-0987,02kpeqv85,Shinya Yamanaka,Kyoto University,,Q7191,True
Medicine,Medicina,medicina,2013,James E. Rothman,A5101629940,0000-0003-4822-4161,Q444270,03v76x132,"for their discoveries of machinery regulating vesicle traffic, a major transport system in our cells",1/3,0.3333333333333333,Universidad Yale,,"New Haven, Estados Unidos",1950-11-03,"Haverhill, MA",Estados Unidos,Estados Unidos,,,,63,Randy W. Schekman; Thomas C. Südhof,2,1,3,james-e-rothman,james-e-rothman,Q444270,https://prizeatlas.org/es/nobel-prize/medicina/2013/james-e-rothman/,https://prizeatlas.org/nobel-prize/medicine/2013/james-e-rothman/,"for their discoveries of machinery regulating vesicle traffic, a major transport system in our cells",James E. Rothman,index,Biología,Premio Nobel 2013 1/3,1,1,1,1,"Haverhill, MA, Estados Unidos",Universidad Yale,"Premio Nobel de Medicina, 2013",https://www.wikidata.org/wiki/Q444270,1,yale-university,randy-w-schekman; thomas-c-sudhof,2026-09-30,1950,nobel-000871,Male,Individual,Q49112,I32971472,A5101629940,0000-0003-4822-4161,03v76x132,James E. Rothman,Yale University,,Q7191,True
Medicine,Medicina,medicina,2013,Randy W. Schekman,A5016859611,0000-0001-8615-6409,Q740638,00pjdza24,"for their discoveries of machinery regulating vesicle traffic, a major transport system in our cells",1/3,0.3333333333333333,Universidad de California,"University of California, Berkeley","Berkeley, Estados Unidos",1948-12-30,"St. Paul, MN",Estados Unidos,Estados Unidos,,,,65,James E. Rothman; Thomas C. Südhof,2,1,3,randy-w-schekman,randy-w-schekman,Q740638,https://prizeatlas.org/es/nobel-prize/medicina/2013/randy-w-schekman/,https://prizeatlas.org/nobel-prize/medicine/2013/randy-w-schekman/,"for their discoveries of machinery regulating vesicle traffic, a major transport system in our cells",Randy W. Schekman,index,Biología,Premio Nobel 2013 1/3,1,1,1,1,"St. Paul, MN, Estados Unidos",Universidad de California,"Premio Nobel de Medicina, 2013",https://www.wikidata.org/wiki/Q740638,1,university-of-california,james-e-rothman; thomas-c-sudhof,2026-09-30,1948,nobel-000872,Male,Individual,Q184478,I2803209242,A5016859611,0000-0001-8615-6409,00pjdza24,Randy W. Schekman,University of California,"University of California, Berkeley",Q7191,True
Medicine,Medicina,medicina,2013,Thomas C. Südhof,A5061921730,0000-0003-3361-9275,Q97270,00f54p054,"for their discoveries of machinery regulating vesicle traffic, a major transport system in our cells",1/3,0.3333333333333333,Universidad Stanford,,"Stanford, Estados Unidos",1955-12-22,Göttingen,Alemania,Alemania; Estados Unidos,,,,58,James E. Rothman; Randy W. Schekman,2,1,3,thomas-c-sudhof,thomas-c-sudhof,Q97270,https://prizeatlas.org/es/nobel-prize/medicina/2013/thomas-c-sudhof/,https://prizeatlas.org/nobel-prize/medicine/2013/thomas-c-sudhof/,"for their discoveries of machinery regulating vesicle traffic, a major transport system in our cells",Thomas C. Südhof,index,Biología,Premio Nobel 2013 1/3,1,1,1,1,"Göttingen, Alemania",Universidad Stanford,"Premio Nobel de Medicina, 2013",https://www.wikidata.org/wiki/Q97270,1,stanford-university,james-e-rothman; randy-w-schekman,2026-09-30,1955,nobel-000873,Male,Individual,Q41506,I97018004,A5061921730,0000-0003-3361-9275,00f54p054,Thomas C. Südhof,Stanford University,,Q7191,True
Medicine,Medicina,medicina,2014,Edvard I. Moser,A5086289649,0000-0003-0226-5566,Q5341373,05xg72x27,for their discoveries of cells that constitute a positioning system in the brain,1/4,0.25,Universidad Noruega de Ciencia y Tecnología,,"Trondheim, Noruega",1962-04-27,Ålesund,Noruega,Noruega,,,,52,John O'Keefe; May-Britt Moser,2,1,3,edvard-i-moser,edvard-i-moser,Q5341373,https://prizeatlas.org/es/nobel-prize/medicina/2014/edvard-i-moser/,https://prizeatlas.org/nobel-prize/medicine/2014/edvard-i-moser/,for their discoveries of cells that constitute a positioning system in the brain,Edvard I. Moser,index,Biología,Premio Nobel 2014 1/4,1,1,1,1,"Ålesund, Noruega",Universidad Noruega de Ciencia y Tecnología,"Premio Nobel de Medicina, 2014",https://www.wikidata.org/wiki/Q5341373,1,norwegian-university-of-science-and-technology-ntnu,john-o-keefe; may-britt-moser,2026-09-30,1962,nobel-000884,Male,Individual,Q314536,I204778367,A5086289649,0000-0003-0226-5566,05xg72x27,Edvard I. Moser,Norwegian University of Science and Technology (NTNU),,Q7191,True
Medicine,Medicina,medicina,2014,John O'Keefe,A5053583655,0000-0001-5697-4881,Q1701279,02jx3x895,for their discoveries of cells that constitute a positioning system in the brain,1/2,0.5,University College de Londres,University College London,"London, Reino Unido",1939-11-18,"New York, NY",Estados Unidos,Reino Unido; Estados Unidos,,,,75,May-Britt Moser; Edvard I. Moser,2,1,3,john-o-keefe,john-o-keefe,Q1701279,https://prizeatlas.org/es/nobel-prize/medicina/2014/john-o-keefe/,https://prizeatlas.org/nobel-prize/medicine/2014/john-o-keefe/,for their discoveries of cells that constitute a positioning system in the brain,John O'Keefe,index,Biología,Premio Nobel 2014 1/2,1,1,1,1,"New York, NY, Estados Unidos",University College de Londres,"Premio Nobel de Medicina, 2014",https://www.wikidata.org/wiki/Q1701279,1,university-college-london,may-britt-moser; edvard-i-moser,2026-09-30,1939,nobel-000882,Male,Individual,Q193196,I45129253,A5053583655,0000-0001-5697-4881,02jx3x895,John O'Keefe,University College London,University College London,Q7191,True
Medicine,Medicina,medicina,2014,May-Britt Moser,A5053497962,0000-0001-7884-3049,Q6796222,05xg72x27,for their discoveries of cells that constitute a positioning system in the brain,1/4,0.25,Universidad Noruega de Ciencia y Tecnología,,"Trondheim, Noruega",1963-01-04,Fosnavåg,Noruega,Noruega,,,,51,John O'Keefe; Edvard I. Moser,2,1,3,may-britt-moser,may-britt-moser,Q6796222,https://prizeatlas.org/es/nobel-prize/medicina/2014/may-britt-moser/,https://prizeatlas.org/nobel-prize/medicine/2014/may-britt-moser/,for their discoveries of cells that constitute a positioning system in the brain,May-Britt Moser,index,Biología,Premio Nobel 2014 1/4,1,1,1,1,"Fosnavåg, Noruega",Universidad Noruega de Ciencia y Tecnología,"Premio Nobel de Medicina, 2014",https://www.wikidata.org/wiki/Q6796222,1,norwegian-university-of-science-and-technology-ntnu,john-o-keefe; edvard-i-moser,2026-09-30,1963,nobel-000883,Female,Individual,Q314536,I204778367,A5053497962,0000-0001-7884-3049,05xg72x27,May-Britt Moser,Norwegian University of Science and Technology (NTNU),,Q7191,True
Medicine,Medicina,medicina,2015,Satoshi Ōmura,A5045164227,0000-0002-9187-2044,Q21061207,00f2txz25,for their discoveries concerning a novel therapy against infections caused by roundworm parasites,1/4,0.25,Universidad Kitasato,,"Tokyo, Japón",1935-07-12,Yamanashi Prefecture,Japón,Japón,,,,80,William C. Campbell; Tu Youyou,2,1,2,satoshi-omura,satoshi-omura,Q21061207,https://prizeatlas.org/es/nobel-prize/medicina/2015/satoshi-omura/,https://prizeatlas.org/nobel-prize/medicine/2015/satoshi-omura/,for their discoveries concerning a novel therapy against infections caused by roundworm parasites,Satoshi Ōmura,index,Biología,Premio Nobel 2015 1/4,1,1,1,1,"Yamanashi Prefecture, Japón",Universidad Kitasato,"Premio Nobel de Medicina, 2015",https://www.wikidata.org/wiki/Q21061207,1,kitasato-university,william-c-campbell; tu-youyou,2026-09-30,1935,nobel-000896,Male,Individual,Q4389652,I64189623,A5045164227,0000-0002-9187-2044,00f2txz25,Satoshi Ōmura,Kitasato University,,Q7191,True
Medicine,Medicina,medicina,2015,William C. Campbell,A5018339760,,Q21061212,04gds4h28,for their discoveries concerning a novel therapy against infections caused by roundworm parasites,1/4,0.25,Universidad Drew,,"Madison, Estados Unidos",1930-06-28,Ramelton,Irlanda,Irlanda; Estados Unidos,,,,85,Satoshi Ōmura; Tu Youyou,2,1,2,william-c-campbell,william-c-campbell,Q21061212,https://prizeatlas.org/es/nobel-prize/medicina/2015/william-c-campbell/,https://prizeatlas.org/nobel-prize/medicine/2015/william-c-campbell/,for their discoveries concerning a novel therapy against infections caused by roundworm parasites,William C. Campbell,index,Biología,Premio Nobel 2015 1/4,1,0,1,1,"Ramelton, Irlanda",Universidad Drew,"Premio Nobel de Medicina, 2015",https://www.wikidata.org/wiki/Q21061212,1,drew-university,satoshi-omura; tu-youyou,2026-09-30,1930,nobel-000895,Male,Individual,Q1795487,I177880774,A5018339760,,04gds4h28,William C. Campbell,Drew University,,Q7191,True
Medicine,Medicina,medicina,2015,Tu Youyou,A5010459426,0000-0001-9781-3857,Q462843,,for her discoveries concerning a novel therapy against Malaria,1/2,0.5,China Academy of Traditional Chinese Medicine,,"Beijing, China",1930-12-30,Zhejiang Ningbo,China,China; Taiwán,,,,85,William C. Campbell; Satoshi Ōmura,2,2,1,tu-youyou,tu-youyou,Q462843,https://prizeatlas.org/es/nobel-prize/medicina/2015/tu-youyou/,https://prizeatlas.org/nobel-prize/medicine/2015/tu-youyou/,for her discoveries concerning a novel therapy against Malaria,Tu Youyou,index,Biología,Premio Nobel 2015 1/2,1,1,1,0,"Zhejiang Ningbo, China",China Academy of Traditional Chinese Medicine,"Premio Nobel de Medicina, 2015",https://www.wikidata.org/wiki/Q462843,1,china-academy-of-traditional-chinese-medicine,william-c-campbell; satoshi-omura,2026-09-30,1930,nobel-000897,Female,Individual,Q30264894,,A5010459426,0000-0001-9781-3857,,Tu Youyou,China Academy of Traditional Chinese Medicine,,Q7191,True
Medicine,Medicina,medicina,2016,Yoshinori Ohsumi,A5056765809,0000-0003-2384-2166,Q8056214,0112mx960,for his discoveries of mechanisms for autophagy,1/1,1.0,Instituto Tecnológico de Tokio,,"Tokyo, Japón",1945-02-09,Fukuoka,Japón,Japón,,,,71,,0,1,1,yoshinori-ohsumi,yoshinori-ohsumi,Q8056214,https://prizeatlas.org/es/nobel-prize/medicina/2016/yoshinori-ohsumi/,https://prizeatlas.org/nobel-prize/medicine/2016/yoshinori-ohsumi/,for his discoveries of mechanisms for autophagy,Yoshinori Ohsumi,index,Biología,Premio Nobel 2016 1/1,1,1,1,1,"Fukuoka, Japón",Instituto Tecnológico de Tokio,"Premio Nobel de Medicina, 2016",https://www.wikidata.org/wiki/Q8056214,1,tokyo-institute-of-technology,,2026-09-30,1945,nobel-000907,Male,Individual,Q587326,I114531698,A5056765809,0000-0003-2384-2166,0112mx960,Yoshinori Ohsumi,Tokyo Institute of Technology,,Q7191,True
Medicine,Medicina,medicina,2017,Jeffrey C. Hall,A5111697256,,Q1686435,01adr0w49,for their discoveries of molecular mechanisms controlling the circadian rhythm,1/3,0.3333333333333333,Universidad de Maine,,"Orono, Estados Unidos",1945-05-03,"New York, NY",Estados Unidos,Estados Unidos,,,,72,Michael Rosbash; Michael W. Young,2,1,3,jeffrey-c-hall,jeffrey-c-hall,Q1686435,https://prizeatlas.org/es/nobel-prize/medicina/2017/jeffrey-c-hall/,https://prizeatlas.org/nobel-prize/medicine/2017/jeffrey-c-hall/,for their discoveries of molecular mechanisms controlling the circadian rhythm,Jeffrey C. Hall,index,Biología,Premio Nobel 2017 1/3,1,0,1,1,"New York, NY, Estados Unidos",Universidad de Maine,"Premio Nobel de Medicina, 2017",https://www.wikidata.org/wiki/Q1686435,1,university-of-maine,michael-rosbash; michael-w-young,2026-09-30,1945,nobel-000917,Male,Individual,Q1307345,I7947594,A5111697256,,01adr0w49,Jeffrey C. Hall,University of Maine,,Q7191,True
Medicine,Medicina,medicina,2017,Michael Rosbash,A5068402917,0000-0003-3366-1780,Q1297741,05abbep66,for their discoveries of molecular mechanisms controlling the circadian rhythm,1/3,0.3333333333333333,Universidad Brandeis,,"Waltham, Estados Unidos",1944-03-07,"Kansas City, MO",Estados Unidos,Estados Unidos,,,,73,Jeffrey C. Hall; Michael W. Young,2,1,3,michael-rosbash,michael-rosbash,Q1297741,https://prizeatlas.org/es/nobel-prize/medicina/2017/michael-rosbash/,https://prizeatlas.org/nobel-prize/medicine/2017/michael-rosbash/,for their discoveries of molecular mechanisms controlling the circadian rhythm,Michael Rosbash,index,Biología,Premio Nobel 2017 1/3,1,1,1,1,"Kansas City, MO, Estados Unidos",Universidad Brandeis,"Premio Nobel de Medicina, 2017",https://www.wikidata.org/wiki/Q1297741,1,brandeis-university,jeffrey-c-hall; michael-w-young,2026-09-30,1944,nobel-000918,Male,Individual,Q49119,I6902469,A5068402917,0000-0003-3366-1780,05abbep66,Michael Rosbash,Brandeis University,,Q7191,True
Medicine,Medicina,medicina,2017,Michael W. Young,A5103089991,0000-0002-9726-2247,Q1929672,0420db125,for their discoveries of molecular mechanisms controlling the circadian rhythm,1/3,0.3333333333333333,Universidad Rockefeller,,"New York, Estados Unidos",1949-03-28,"Miami, FL",Estados Unidos,Estados Unidos,,,,68,Jeffrey C. Hall; Michael Rosbash,2,1,3,michael-w-young,michael-w-young,Q1929672,https://prizeatlas.org/es/nobel-prize/medicina/2017/michael-w-young/,https://prizeatlas.org/nobel-prize/medicine/2017/michael-w-young/,for their discoveries of molecular mechanisms controlling the circadian rhythm,Michael W. Young,index,Biología,Premio Nobel 2017 1/3,1,1,1,1,"Miami, FL, Estados Unidos",Universidad Rockefeller,"Premio Nobel de Medicina, 2017",https://www.wikidata.org/wiki/Q1929672,1,rockefeller-university,jeffrey-c-hall; michael-rosbash,2026-09-30,1949,nobel-000919,Male,Individual,Q270272,I83399316,A5103089991,0000-0002-9726-2247,0420db125,Michael W. Young,Rockefeller University,,Q7191,True
Medicine,Medicina,medicina,2018,James P. Allison,A5047117233,0000-0001-8980-5697,Q6140731,,for their discovery of cancer therapy by inhibition of negative immune regulation,1/2,0.5,Parker Institute for Cancer Immunotherapy,,"San Francisco, Estados Unidos",1948-08-07,Alice,Estados Unidos,Estados Unidos,,,,70,Tasuku Honjo,1,1,2,james-p-allison,james-p-allison,Q6140731,https://prizeatlas.org/es/nobel-prize/medicina/2018/james-p-allison/,https://prizeatlas.org/nobel-prize/medicine/2018/james-p-allison/,for their discovery of cancer therapy by inhibition of negative immune regulation,James P. Allison,index,Biología,Premio Nobel 2018 1/2,1,1,1,0,"Alice, Estados Unidos",Parker Institute for Cancer Immunotherapy,"Premio Nobel de Medicina, 2018",https://www.wikidata.org/wiki/Q6140731,1,parker-institute-for-cancer-immunotherapy,tasuku-honjo,2026-09-30,1948,nobel-000930,Male,Individual,Q50035640,,A5047117233,0000-0001-8980-5697,,James P. Allison,Parker Institute for Cancer Immunotherapy,,Q7191,True
Medicine,Medicina,medicina,2018,Tasuku Honjo,A5019039647,0000-0003-2300-3928,Q2395341,02kpeqv85,for their discovery of cancer therapy by inhibition of negative immune regulation,1/2,0.5,Universidad de Kioto,,"Kyoto, Japón",1942-01-27,Kyoto,Japón,Japón,,,,76,James P. Allison,1,1,2,tasuku-honjo,tasuku-honjo,Q2395341,https://prizeatlas.org/es/nobel-prize/medicina/2018/tasuku-honjo/,https://prizeatlas.org/nobel-prize/medicine/2018/tasuku-honjo/,for their discovery of cancer therapy by inhibition of negative immune regulation,Tasuku Honjo,index,Biología,Premio Nobel 2018 1/2,1,1,1,1,"Kyoto, Japón",Universidad de Kioto,"Premio Nobel de Medicina, 2018",https://www.wikidata.org/wiki/Q2395341,1,kyoto-university,james-p-allison,2026-09-30,1942,nobel-000931,Male,Individual,Q336264,I22299242,A5019039647,0000-0003-2300-3928,02kpeqv85,Tasuku Honjo,Kyoto University,,Q7191,True
Medicine,Medicina,medicina,2019,Gregg L. Semenza,A5051276665,0000-0002-0913-211X,Q1545025,00za53h95,for their discoveries of how cells sense and adapt to oxygen availability,1/3,0.3333333333333333,Universidad Johns Hopkins,,"Baltimore, Estados Unidos",1956-07-12,"New York, NY",Estados Unidos,Estados Unidos,,,,63,William G. Kaelin; Peter J. Ratcliffe,2,1,3,gregg-l-semenza,gregg-l-semenza,Q1545025,https://prizeatlas.org/es/nobel-prize/medicina/2019/gregg-l-semenza/,https://prizeatlas.org/nobel-prize/medicine/2019/gregg-l-semenza/,for their discoveries of how cells sense and adapt to oxygen availability,Gregg L. Semenza,index,Biología,Premio Nobel 2019 1/3,1,1,1,1,"New York, NY, Estados Unidos",Universidad Johns Hopkins,"Premio Nobel de Medicina, 2019",https://www.wikidata.org/wiki/Q1545025,1,johns-hopkins-university,william-g-kaelin; peter-j-ratcliffe,2026-09-30,1956,nobel-000946,Male,Individual,Q193727,I145311948,A5051276665,0000-0002-0913-211X,00za53h95,Gregg L. Semenza,Johns Hopkins University,,Q7191,True
Medicine,Medicina,medicina,2019,Peter J. Ratcliffe,A5064727417,0000-0002-2853-806X,Q2075967,052gg0110,for their discoveries of how cells sense and adapt to oxygen availability,1/3,0.3333333333333333,Universidad de Oxford,,"Oxford, Reino Unido",1954-05-14,Lancashire,Reino Unido,Reino Unido,,,,65,William G. Kaelin; Gregg L. Semenza,2,1,3,peter-j-ratcliffe,peter-j-ratcliffe,Q2075967,https://prizeatlas.org/es/nobel-prize/medicina/2019/peter-j-ratcliffe/,https://prizeatlas.org/nobel-prize/medicine/2019/peter-j-ratcliffe/,for their discoveries of how cells sense and adapt to oxygen availability,Peter J. Ratcliffe,index,Biología,Premio Nobel 2019 1/3,1,1,1,1,"Lancashire, Reino Unido",Universidad de Oxford,"Premio Nobel de Medicina, 2019",https://www.wikidata.org/wiki/Q2075967,1,university-of-oxford,william-g-kaelin; gregg-l-semenza,2026-09-30,1954,nobel-000945,Male,Individual,Q34433,I40120149,A5064727417,0000-0002-2853-806X,052gg0110,Peter J. Ratcliffe,University of Oxford,,Q7191,True
Medicine,Medicina,medicina,2019,William G. Kaelin,A5088456751,0000-0002-0574-4856,Q1603351,03vek6s52,for their discoveries of how cells sense and adapt to oxygen availability,1/3,0.3333333333333333,Universidad Harvard,Harvard Medical School,"Boston, Estados Unidos",1957-11-23,"New York, NY",Estados Unidos,Estados Unidos,,,,62,Peter J. Ratcliffe; Gregg L. Semenza,2,1,3,william-g-kaelin,william-g-kaelin,Q1603351,https://prizeatlas.org/es/nobel-prize/medicina/2019/william-g-kaelin/,https://prizeatlas.org/nobel-prize/medicine/2019/william-g-kaelin/,for their discoveries of how cells sense and adapt to oxygen availability,William G. Kaelin,index,Biología,Premio Nobel 2019 1/3,1,1,1,1,"New York, NY, Estados Unidos",Universidad Harvard,"Premio Nobel de Medicina, 2019",https://www.wikidata.org/wiki/Q1603351,1,harvard-university,peter-j-ratcliffe; gregg-l-semenza,2026-09-30,1957,nobel-000944,Male,Individual,Q13371,I136199984,A5088456751,0000-0002-0574-4856,03vek6s52,William G. Kaelin,Harvard University,Harvard Medical School,Q7191,True
Medicine,Medicina,medicina,2020,Charles M. Rice,A5019683467,0000-0003-3087-8079,Q22669757,0420db125,for the discovery of Hepatitis C virus,1/3,0.3333333333333333,Universidad Rockefeller,,"New York, Estados Unidos",1952-08-25,"Sacramento, CA",Estados Unidos,Estados Unidos,,,,68,Harvey J. Alter; Michael Houghton,2,1,3,charles-m-rice,charles-m-rice,Q22669757,https://prizeatlas.org/es/nobel-prize/medicina/2020/charles-m-rice/,https://prizeatlas.org/nobel-prize/medicine/2020/charles-m-rice/,for the discovery of Hepatitis C virus,Charles M. Rice,index,Biología,Premio Nobel 2020 1/3,1,1,1,1,"Sacramento, CA, Estados Unidos",Universidad Rockefeller,"Premio Nobel de Medicina, 2020",https://www.wikidata.org/wiki/Q22669757,1,rockefeller-university,harvey-j-alter; michael-houghton,2026-09-30,1952,nobel-000958,Male,Individual,Q270272,I83399316,A5019683467,0000-0003-3087-8079,0420db125,Charles M. Rice,Rockefeller University,,Q7191,True
Medicine,Medicina,medicina,2020,Harvey J. Alter,A5105717171,,Q5677307,01cwqze88,for the discovery of Hepatitis C virus,1/3,0.3333333333333333,National Institutes of Health,,"Bethesda, Estados Unidos",1935-09-12,"New York, NY",Estados Unidos,Estados Unidos,,,,85,Michael Houghton; Charles M. Rice,2,1,3,harvey-j-alter,harvey-j-alter,Q5677307,https://prizeatlas.org/es/nobel-prize/medicina/2020/harvey-j-alter/,https://prizeatlas.org/nobel-prize/medicine/2020/harvey-j-alter/,for the discovery of Hepatitis C virus,Harvey J. Alter,index,Biología,Premio Nobel 2020 1/3,1,0,1,1,"New York, NY, Estados Unidos",National Institutes of Health,"Premio Nobel de Medicina, 2020",https://www.wikidata.org/wiki/Q5677307,1,national-institutes-of-health,michael-houghton; charles-m-rice,2026-09-30,1935,nobel-000956,Male,Individual,Q390551,I1299303238,A5105717171,,01cwqze88,Harvey J. Alter,National Institutes of Health,,Q7191,True
Medicine,Medicina,medicina,2020,Michael Houghton,A5090612228,0000-0003-3762-6771,Q1927895,0160cpw27,for the discovery of Hepatitis C virus,1/3,0.3333333333333333,universidad de Alberta,,"Edmonton, Canadá",1949,London,Reino Unido,Reino Unido,,,,71,Harvey J. Alter; Charles M. Rice,2,1,3,michael-houghton,michael-houghton,Q1927895,https://prizeatlas.org/es/nobel-prize/medicina/2020/michael-houghton/,https://prizeatlas.org/nobel-prize/medicine/2020/michael-houghton/,for the discovery of Hepatitis C virus,Michael Houghton,index,Biología,Premio Nobel 2020 1/3,1,1,1,1,"London, Reino Unido",universidad de Alberta,"Premio Nobel de Medicina, 2020",https://www.wikidata.org/wiki/Q1927895,1,university-of-alberta,harvey-j-alter; charles-m-rice,2026-09-30,1949,nobel-000957,Male,Individual,Q640694,I154425047,A5090612228,0000-0003-3762-6771,0160cpw27,Michael Houghton,University of Alberta,,Q7191,True
Medicine,Medicina,medicina,2021,Ardem Patapoutian,A5066449841,0000-0003-0726-7034,Q60322501,02dxx6824,for their discoveries of receptors for temperature and touch,1/2,0.5,Instituto de Investigación Scripps,,"La Jolla, Estados Unidos",1967,Beirut,Líbano,Estados Unidos; Líbano; Armenia,,,,54,David Julius,1,1,2,ardem-patapoutian,ardem-patapoutian,Q60322501,https://prizeatlas.org/es/nobel-prize/medicina/2021/ardem-patapoutian/,https://prizeatlas.org/nobel-prize/medicine/2021/ardem-patapoutian/,for their discoveries of receptors for temperature and touch,Ardem Patapoutian,index,Biología,Premio Nobel 2021 1/2,1,1,1,1,"Beirut, Líbano",Instituto de Investigación Scripps,"Premio Nobel de Medicina, 2021",https://www.wikidata.org/wiki/Q60322501,1,scripps-research,david-julius,2026-09-30,1967,nobel-000970,Male,Individual,Q793867,I123431417,A5066449841,0000-0003-0726-7034,02dxx6824,Ardem Patapoutian,Scripps Research,,Q7191,True
Medicine,Medicina,medicina,2021,David Julius,A5014886042,0000-0002-6365-4867,Q1174906,00pjdza24,for their discoveries of receptors for temperature and touch,1/2,0.5,Universidad de California,"University of California, San Francisco","San Francisco, Estados Unidos",1955-11-04,"New York, NY",Estados Unidos,Estados Unidos,,,,66,Ardem Patapoutian,1,1,2,david-julius,david-julius,Q1174906,https://prizeatlas.org/es/nobel-prize/medicina/2021/david-julius/,https://prizeatlas.org/nobel-prize/medicine/2021/david-julius/,for their discoveries of receptors for temperature and touch,David Julius,index,Biología,Premio Nobel 2021 1/2,1,1,1,1,"New York, NY, Estados Unidos",Universidad de California,"Premio Nobel de Medicina, 2021",https://www.wikidata.org/wiki/Q1174906,1,university-of-california,ardem-patapoutian,2026-09-30,1955,nobel-000969,Male,Individual,Q184478,I2803209242,A5014886042,0000-0002-6365-4867,00pjdza24,David Julius,University of California,"University of California, San Francisco",Q7191,True
Medicine,Medicina,medicina,2022,Svante Pääbo,A5012216367,0000-0002-4670-6311,Q170342,01hhn8329,for his discoveries concerning the genomes of extinct hominins and human evolution,1/1,1.0,Sociedad Max Planck,Max Planck Institute for Evolutionary Anthropology,"Leipzig, Alemania",1955-04-20,Stockholm,Suecia,Suecia,,,,67,,0,1,1,svante-paabo,svante-paabo,Q170342,https://prizeatlas.org/es/nobel-prize/medicina/2022/svante-paabo/,https://prizeatlas.org/nobel-prize/medicine/2022/svante-paabo/,for his discoveries concerning the genomes of extinct hominins and human evolution,Svante Pääbo,index,Biología,Premio Nobel 2022 1/1,1,1,1,1,"Stockholm, Suecia",Sociedad Max Planck,"Premio Nobel de Medicina, 2022",https://www.wikidata.org/wiki/Q170342,1,max-planck-society,,2026-09-30,1955,nobel-000983,Male,Individual,Q158085,I149899117,A5012216367,0000-0002-4670-6311,01hhn8329,Svante Pääbo,Max Planck Society,Max Planck Institute for Evolutionary Anthropology,Q7191,True
Medicine,Medicina,medicina,2023,Drew Weissman,A5068253145,0000-0002-1501-6510,Q88608402,00b30xv10,for their discoveries concerning nucleoside base modifications that enabled the development of effective mRNA vaccines against COVID-19,1/2,0.5,Universidad de Pensilvania,Penn Institute for RNA Innovations,"Philadelphia, Estados Unidos",1959-09-07,"Lexington, MA",Estados Unidos,Estados Unidos,,,,64,Katalin Karikó,1,1,2,drew-weissman,drew-weissman,Q88608402,https://prizeatlas.org/es/nobel-prize/medicina/2023/drew-weissman/,https://prizeatlas.org/nobel-prize/medicine/2023/drew-weissman/,for their discoveries concerning nucleoside base modifications that enabled the development of effective mRNA vaccines against COVID-19,Drew Weissman,index,Biología,Premio Nobel 2023 1/2,1,1,1,1,"Lexington, MA, Estados Unidos",Universidad de Pensilvania,"Premio Nobel de Medicina, 2023",https://www.wikidata.org/wiki/Q88608402,1,university-of-pennsylvania,katalin-kariko,2026-09-30,1959,nobel-000996,Male,Individual,Q49117,I79576946,A5068253145,0000-0002-1501-6510,00b30xv10,Drew Weissman,University of Pennsylvania,Penn Institute for RNA Innovations,Q7191,True
Medicine,Medicina,medicina,2023,Katalin Karikó,A5030598859,0000-0002-1864-3851,Q88608397,01pnej532,for their discoveries concerning nucleoside base modifications that enabled the development of effective mRNA vaccines against COVID-19,1/2,0.5,Universidad de Szeged,,"Szeged, Hungría",1955-01-17,Szolnok,Hungría,Hungría; Estados Unidos,,,,68,Drew Weissman,1,1,2,katalin-kariko,katalin-kariko,Q88608397,https://prizeatlas.org/es/nobel-prize/medicina/2023/katalin-kariko/,https://prizeatlas.org/nobel-prize/medicine/2023/katalin-kariko/,for their discoveries concerning nucleoside base modifications that enabled the development of effective mRNA vaccines against COVID-19,Katalin Karikó,index,Biología,Premio Nobel 2023 1/2,1,1,1,1,"Szolnok, Hungría",Universidad de Szeged,"Premio Nobel de Medicina, 2023",https://www.wikidata.org/wiki/Q88608397,1,university-of-szeged,drew-weissman,2026-09-30,1955,nobel-000995,Female,Individual,Q369839,I227486990,A5030598859,0000-0002-1864-3851,01pnej532,Katalin Karikó,University of Szeged,,Q7191,True
Medicine,Medicina,medicina,2024,Gary Ruvkun,A5066998461,0000-0002-7473-8484,Q504021,002pd6e78,for the discovery of microRNA and its role in post-transcriptional gene regulation,1/2,0.5,Hospital General de Massachusetts,,"Boston, Estados Unidos",1952,"Berkeley, CA",Estados Unidos,Estados Unidos,,,,72,Victor Ambros,1,1,2,gary-ruvkun,gary-ruvkun,Q504021,https://prizeatlas.org/es/nobel-prize/medicina/2024/gary-ruvkun/,https://prizeatlas.org/nobel-prize/medicine/2024/gary-ruvkun/,for the discovery of microRNA and its role in post-transcriptional gene regulation,Gary Ruvkun,index,Biología,Premio Nobel 2024 1/2,1,1,1,1,"Berkeley, CA, Estados Unidos",Hospital General de Massachusetts,"Premio Nobel de Medicina, 2024",https://www.wikidata.org/wiki/Q504021,1,massachusetts-general-hospital,victor-ambros,2026-09-30,1952,nobel-001009,Male,Individual,Q126412,I4210087915,A5066998461,0000-0002-7473-8484,002pd6e78,Gary Ruvkun,Massachusetts General Hospital,,Q7191,True
Medicine,Medicina,medicina,2024,Victor Ambros,A5067882558,0000-0002-5562-5345,Q983858,0464eyp60,for the discovery of microRNA and its role in post-transcriptional gene regulation,1/2,0.5,University of Massachusetts Medical School,UMass Chan Medical School,"Worcester, Estados Unidos",1953-12-01,"Hanover, NH",Estados Unidos,Estados Unidos,,,,71,Gary Ruvkun,1,1,2,victor-ambros,victor-ambros,Q983858,https://prizeatlas.org/es/nobel-prize/medicina/2024/victor-ambros/,https://prizeatlas.org/nobel-prize/medicine/2024/victor-ambros/,for the discovery of microRNA and its role in post-transcriptional gene regulation,Victor Ambros,index,Biología,Premio Nobel 2024 1/2,1,1,1,1,"Hanover, NH, Estados Unidos",University of Massachusetts Medical School,"Premio Nobel de Medicina, 2024",https://www.wikidata.org/wiki/Q983858,1,university-of-massachusetts,gary-ruvkun,2026-09-30,1953,nobel-001008,Male,Individual,Q7895715,I166722992,A5067882558,0000-0002-5562-5345,0464eyp60,Victor Ambros,University of Massachusetts,UMass Chan Medical School,Q7191,True
Medicine,Medicina,medicina,2025,Frederick J. Ramsdell,A5050752577,,Q28212107,,for their discoveries concerning peripheral immune tolerance,1/3,0.3333333333333333,Sonoma Biotherapeutics,,"San Francisco, Estados Unidos",1960-12-04,"Elmhurst, IL",Estados Unidos,Estados Unidos,,,,65,Mary E. Brunkow; Shimon Sakaguchi,2,1,3,frederick-j-ramsdell,frederick-j-ramsdell,Q28212107,https://prizeatlas.org/es/nobel-prize/medicina/2025/frederick-j-ramsdell/,https://prizeatlas.org/nobel-prize/medicine/2025/frederick-j-ramsdell/,for their discoveries concerning peripheral immune tolerance,Frederick J. Ramsdell,index,Biología,Premio Nobel 2025 1/3,1,0,1,0,"Elmhurst, IL, Estados Unidos",Sonoma Biotherapeutics,"Premio Nobel de Medicina, 2025",https://www.wikidata.org/wiki/Q28212107,1,sonoma-biotherapeutics,mary-e-brunkow; shimon-sakaguchi,2026-09-30,1960,nobel-001021,Male,Individual,,,A5050752577,,,Frederick J. Ramsdell,Sonoma Biotherapeutics,,Q7191,True
Medicine,Medicina,medicina,2025,Mary E. Brunkow,A5135135835,,Q136445350,02tpgw303,for their discoveries concerning peripheral immune tolerance,1/3,0.3333333333333333,Institute for Systems Biology,,"Seattle, Estados Unidos",1961-04-23,"Portland, OR",Estados Unidos,Estados Unidos,,,,64,Frederick J. Ramsdell; Shimon Sakaguchi,2,1,3,mary-e-brunkow,mary-e-brunkow,Q136445350,https://prizeatlas.org/es/nobel-prize/medicina/2025/mary-e-brunkow/,https://prizeatlas.org/nobel-prize/medicine/2025/mary-e-brunkow/,for their discoveries concerning peripheral immune tolerance,Mary E. Brunkow,index,Biología,Premio Nobel 2025 1/3,1,0,1,1,"Portland, OR, Estados Unidos",Institute for Systems Biology,"Premio Nobel de Medicina, 2025",https://www.wikidata.org/wiki/Q136445350,1,institute-for-systems-biology,frederick-j-ramsdell; shimon-sakaguchi,2026-09-30,1961,nobel-001020,Female,Individual,Q1829731,I3148997608,A5135135835,,02tpgw303,Mary E. Brunkow,Institute for Systems Biology,,Q7191,True
Medicine,Medicina,medicina,2025,Shimon Sakaguchi,A5025764166,0000-0001-8265-6094,Q17502433,035t8zc32,for their discoveries concerning peripheral immune tolerance,1/3,0.3333333333333333,Universidad de Osaka,,"Suita, Japón",1951-01-19,"Nagahama, Shiga",Japón,Japón,,,,74,Mary E. Brunkow; Frederick J. Ramsdell,2,1,3,shimon-sakaguchi,shimon-sakaguchi,Q17502433,https://prizeatlas.org/es/nobel-prize/medicina/2025/shimon-sakaguchi/,https://prizeatlas.org/nobel-prize/medicine/2025/shimon-sakaguchi/,for their discoveries concerning peripheral immune tolerance,Shimon Sakaguchi,index,Biología,Premio Nobel 2025 1/3,1,1,1,1,"Nagahama, Shiga, Japón",Universidad de Osaka,"Premio Nobel de Medicina, 2025",https://www.wikidata.org/wiki/Q17502433,1,university-of-osaka,mary-e-brunkow; frederick-j-ramsdell,2026-09-30,1951,nobel-001022,Male,Individual,Q651233,I98285908,A5025764166,0000-0001-8265-6094,035t8zc32,Shimon Sakaguchi,University of Osaka,,Q7191,True
Physics,Física,fisica,1901,Wilhelm Conrad Röntgen,A5026985236,,Q35149,05591te55,in recognition of the extraordinary services he has rendered by the discovery of the remarkable rays subsequently named after him,1/1,1.0,Universidad de Múnich,,"Munich, Alemania",1845-03-27,Lennep (Remscheid),Alemania,Alemania,1923-02-10,Munich,Alemania,56,,0,1,1,wilhelm-conrad-rontgen,wilhelm-conrad-rontgen,Q35149,https://prizeatlas.org/es/nobel-prize/fisica/1901/wilhelm-conrad-rontgen/,https://prizeatlas.org/nobel-prize/physics/1901/wilhelm-conrad-rontgen/,in recognition of the extraordinary services he has rendered by the discovery of the remarkable rays subsequently named after him,Wilhelm Conrad Röntgen,index,Física,Premio Nobel 1901 1/1,1,0,1,1,"Lennep (Remscheid), Alemania",Universidad de Múnich,"Premio Nobel de Física, 1901",https://www.wikidata.org/wiki/Q35149,1,lmu-munich,,2026-09-30,1845,nobel-000006,Male,Individual,Q55044,I8204097,A5026985236,,05591te55,Wilhelm Conrad Röntgen,LMU Munich,,Q7191,True
Physics,Física,fisica,1902,Hendrik Antoon Lorentz,A5112216175,,Q41688,027bh9e22,in recognition of the extraordinary service they rendered by their researches into the influence of magnetism upon radiation phenomena,1/2,0.5,Universidad de Leiden,,"Leiden, Países Bajos",1853-07-18,Arnhem,Países Bajos,Países Bajos,1928-02-04,,Países Bajos,49,Pieter Zeeman,1,1,2,hendrik-antoon-lorentz,hendrik-antoon-lorentz,Q41688,https://prizeatlas.org/es/nobel-prize/fisica/1902/hendrik-antoon-lorentz/,https://prizeatlas.org/nobel-prize/physics/1902/hendrik-antoon-lorentz/,in recognition of the extraordinary service they rendered by their researches into the influence of magnetism upon radiation phenomena,Hendrik Antoon Lorentz,index,Física,Premio Nobel 1902 1/2,1,0,1,1,"Arnhem, Países Bajos",Universidad de Leiden,"Premio Nobel de Física, 1902",https://www.wikidata.org/wiki/Q41688,1,leiden-university,pieter-zeeman,2026-09-30,1853,nobel-000012,Male,Individual,Q156598,I121797337,A5112216175,,027bh9e22,Hendrik Antoon Lorentz,Leiden University,,Q7191,True
Physics,Física,fisica,1902,Pieter Zeeman,A5086631495,,Q79000,03dpjfc73,in recognition of the extraordinary service they rendered by their researches into the influence of magnetism upon radiation phenomena,1/2,0.5,Amsterdam University,,"Amsterdam, Países Bajos",1865-05-25,Zonnemaire,Países Bajos,Países Bajos,1943-10-09,Amsterdam,Países Bajos,37,Hendrik Antoon Lorentz,1,1,2,pieter-zeeman,pieter-zeeman,Q79000,https://prizeatlas.org/es/nobel-prize/fisica/1902/pieter-zeeman/,https://prizeatlas.org/nobel-prize/physics/1902/pieter-zeeman/,in recognition of the extraordinary service they rendered by their researches into the influence of magnetism upon radiation phenomena,Pieter Zeeman,index,Física,Premio Nobel 1902 1/2,1,0,1,1,"Zonnemaire, Países Bajos",Amsterdam University,"Premio Nobel de Física, 1902",https://www.wikidata.org/wiki/Q79000,1,amsterdam-university,hendrik-antoon-lorentz,2026-09-30,1865,nobel-000013,Male,Individual,Q4748849,I13089092,A5086631495,,03dpjfc73,Pieter Zeeman,Amsterdam University,,Q7191,True
Physics,Física,fisica,1903,Antoine Henri Becquerel,A5085786958,,Q41269,05hy3tk52,in recognition of the extraordinary services he has rendered by his discovery of spontaneous radioactivity,1/2,0.5,Escuela Politécnica,,"Paris, Francia",1852-12-15,Paris,Francia,Francia,1908-08-25,,Francia,51,"Pierre Curie; Marie Curie, née Sklodowska",2,1,1,antoine-henri-becquerel,antoine-henri-becquerel,Q41269,https://prizeatlas.org/es/nobel-prize/fisica/1903/antoine-henri-becquerel/,https://prizeatlas.org/nobel-prize/physics/1903/antoine-henri-becquerel/,in recognition of the extraordinary services he has rendered by his discovery of spontaneous radioactivity,Antoine Henri Becquerel,index,Física,Premio Nobel 1903 1/2,1,0,1,1,"Paris, Francia",Escuela Politécnica,"Premio Nobel de Física, 1903",https://www.wikidata.org/wiki/Q41269,1,ecole-polytechnique,pierre-curie; marie-curie-nee-sklodowska,2026-09-30,1852,nobel-000018,Male,Individual,Q273626,I142476485,A5085786958,,05hy3tk52,Antoine Henri Becquerel,École Polytechnique,,Q7191,True
Physics,Física,fisica,1903,"Marie Curie, née Sklodowska",A5038745913,,Q7186,02en5vm52,in recognition of the extraordinary services they have rendered by their joint researches on the radiation phenomena discovered by Professor Henri Becquerel,1/4,0.25,Sorbonne Université,,"Paris, Francia",1867-11-07,Warsaw,Polonia,Polonia; Francia,1934-07-04,Sallanches,Francia,36,Antoine Henri Becquerel; Pierre Curie,2,2,2,marie-curie-nee-sklodowska,marie-curie-nee-sklodowska,Q7186,https://prizeatlas.org/es/nobel-prize/fisica/1903/marie-curie-nee-sklodowska/,https://prizeatlas.org/nobel-prize/physics/1903/marie-curie-nee-sklodowska/,in recognition of the extraordinary services they have rendered by their joint researches on the radiation phenomena discovered by Professor Henri Becquerel,"Marie Curie, née Sklodowska",index,Física,Premio Nobel 1903 1/4,1,0,1,1,"Warsaw, Polonia",Sorbonne Université,"Premio Nobel de Física, 1903",https://www.wikidata.org/wiki/Q7186,1,sorbonne-university,antoine-henri-becquerel; pierre-curie,2026-09-30,1867,nobel-000020,Female,Individual,Q41497113,I39804081,A5038745913,,02en5vm52,"Marie Curie, née Sklodowska",Sorbonne University,,Q7191,True
Physics,Física,fisica,1903,Pierre Curie,A5005765862,,Q37463,03zx86w41,in recognition of the extraordinary services they have rendered by their joint researches on the radiation phenomena discovered by Professor Henri Becquerel,1/4,0.25,Escuela Superior de Física y de Química Industriales de París,,"Paris, Francia",1859-05-15,Paris,Francia,Francia,1906-04-19,Paris,Francia,44,"Antoine Henri Becquerel; Marie Curie, née Sklodowska",2,2,2,pierre-curie,pierre-curie,Q37463,https://prizeatlas.org/es/nobel-prize/fisica/1903/pierre-curie/,https://prizeatlas.org/nobel-prize/physics/1903/pierre-curie/,in recognition of the extraordinary services they have rendered by their joint researches on the radiation phenomena discovered by Professor Henri Becquerel,Pierre Curie,index,Física,Premio Nobel 1903 1/4,1,0,1,1,"Paris, Francia",Escuela Superior de Física y de Química Industriales de París,"Premio Nobel de Física, 1903",https://www.wikidata.org/wiki/Q37463,1,espci-paris,antoine-henri-becquerel; marie-curie-nee-sklodowska,2026-09-30,1859,nobel-000019,Male,Individual,Q273638,I98910050,A5005765862,,03zx86w41,Pierre Curie,ESPCI Paris,,Q7191,True
Physics,Física,fisica,1904,Lord Rayleigh (John William Strutt),A5103608189,,Q83297,037m83a38,for his investigations of the densities of the most important gases and for his discovery of argon in connection with these studies,1/1,1.0,Royal Institution,,"London, Reino Unido",1842-11-12,"Langford Grove, Maldon, Essex",Reino Unido,Reino Unido,1919-06-30,,Reino Unido,62,,0,1,1,lord-rayleigh-john-william-strutt,lord-rayleigh-john-william-strutt,Q83297,https://prizeatlas.org/es/nobel-prize/fisica/1904/lord-rayleigh-john-william-strutt/,https://prizeatlas.org/nobel-prize/physics/1904/lord-rayleigh-john-william-strutt/,for his investigations of the densities of the most important gases and for his discovery of argon in connection with these studies,Lord Rayleigh (John William Strutt),index,Física,Premio Nobel 1904 1/1,1,0,1,1,"Langford Grove, Maldon, Essex, Reino Unido",Royal Institution,"Premio Nobel de Física, 1904",https://www.wikidata.org/wiki/Q83297,1,royal-institution-of-great-britain,,2026-09-30,1842,nobel-000026,Male,Individual,Q2171086,I1340753257,A5103608189,,037m83a38,Lord Rayleigh (John William Strutt),Royal Institution of Great Britain,,Q7191,True
Physics,Física,fisica,1905,Philipp Eduard Anton von Lenard,A5089200801,,Q57063,04v76ef78,for his work on cathode rays,1/1,1.0,Universidad de Kiel,,"Kiel, Alemania",1862-06-07,Pressburg (Bratislava),Eslovaquia,Alemania; Hungría,1947-05-20,Messelhausen,Alemania,43,,0,1,1,philipp-eduard-anton-von-lenard,philipp-eduard-anton-von-lenard,Q57063,https://prizeatlas.org/es/nobel-prize/fisica/1905/philipp-eduard-anton-von-lenard/,https://prizeatlas.org/nobel-prize/physics/1905/philipp-eduard-anton-von-lenard/,for his work on cathode rays,Philipp Eduard Anton von Lenard,index,Física,Premio Nobel 1905 1/1,1,0,1,1,"Pressburg (Bratislava), Eslovaquia",Universidad de Kiel,"Premio Nobel de Física, 1905",https://www.wikidata.org/wiki/Q57063,1,kiel-university,,2026-09-30,1862,nobel-000031,Male,Individual,Q156737,I32021983,A5089200801,,04v76ef78,Philipp Eduard Anton von Lenard,Kiel University,,Q7191,True
Physics,Física,fisica,1906,Joseph John Thomson,A5109162332,,Q47285,013meh722,in recognition of the great merits of his theoretical and experimental investigations on the conduction of electricity by gases,1/1,1.0,Universidad de Cambridge,,"Cambridge, Reino Unido",1856-12-18,"Cheetham Hill, near Manchester",Reino Unido,Reino Unido,1940-08-30,Cambridge,Reino Unido,50,,0,1,1,joseph-john-thomson,joseph-john-thomson,Q47285,https://prizeatlas.org/es/nobel-prize/fisica/1906/joseph-john-thomson/,https://prizeatlas.org/nobel-prize/physics/1906/joseph-john-thomson/,in recognition of the great merits of his theoretical and experimental investigations on the conduction of electricity by gases,Joseph John Thomson,index,Física,Premio Nobel 1906 1/1,1,0,1,1,"Cheetham Hill, near Manchester, Reino Unido",Universidad de Cambridge,"Premio Nobel de Física, 1906",https://www.wikidata.org/wiki/Q47285,1,university-of-cambridge,,2026-09-30,1856,nobel-000037,Male,Individual,Q35794,I241749,A5109162332,,013meh722,Joseph John Thomson,University of Cambridge,,Q7191,True
Physics,Física,fisica,1907,Albert Abraham Michelson,A5110645705,,Q127234,024mw5h28,for his optical precision instruments and the spectroscopic and metrological investigations carried out with their aid,1/1,1.0,Universidad de Chicago,,"Chicago, Estados Unidos",1852-12-19,Strelno (Strzelno),Polonia,Estados Unidos,1931-05-09,"Pasadena, CA",Estados Unidos,55,,0,1,1,albert-abraham-michelson,albert-abraham-michelson,Q127234,https://prizeatlas.org/es/nobel-prize/fisica/1907/albert-abraham-michelson/,https://prizeatlas.org/nobel-prize/physics/1907/albert-abraham-michelson/,for his optical precision instruments and the spectroscopic and metrological investigations carried out with their aid,Albert Abraham Michelson,index,Física,Premio Nobel 1907 1/1,1,0,1,1,"Strelno (Strzelno), Polonia",Universidad de Chicago,"Premio Nobel de Física, 1907",https://www.wikidata.org/wiki/Q127234,1,university-of-chicago,,2026-09-30,1852,nobel-000043,Male,Individual,Q131252,I40347166,A5110645705,,024mw5h28,Albert Abraham Michelson,University of Chicago,,Q7191,True
Physics,Física,fisica,1908,Gabriel Lippmann,A5141734328,,Q133232,02en5vm52,for his method of reproducing colours photographically based on the phenomenon of interference,1/1,1.0,Sorbonne Université,,"Paris, Francia",1845-08-16,Hollerich,Luxemburgo,Francia; Luxemburgo,1921-07-13,,Océano Atlántico,63,,0,1,1,gabriel-lippmann,gabriel-lippmann,Q133232,https://prizeatlas.org/es/nobel-prize/fisica/1908/gabriel-lippmann/,https://prizeatlas.org/nobel-prize/physics/1908/gabriel-lippmann/,for his method of reproducing colours photographically based on the phenomenon of interference,Gabriel Lippmann,index,Física,Premio Nobel 1908 1/1,1,0,1,1,"Hollerich, Luxemburgo",Sorbonne Université,"Premio Nobel de Física, 1908",https://www.wikidata.org/wiki/Q133232,1,sorbonne-university,,2026-09-30,1845,nobel-000050,Male,Individual,Q41497113,I39804081,A5141734328,,02en5vm52,Gabriel Lippmann,Sorbonne University,,Q7191,True
Physics,Física,fisica,1909,Guglielmo Marconi,A5030327443,,Q36488,,in recognition of their contributions to the development of wireless telegraphy,1/2,0.5,Marconi Wireless Telegraph Co. Ltd.,,"London, Reino Unido",1874-04-25,Bologna,Italia,Italia,1937-07-20,Rome,Italia,35,Karl Ferdinand Braun,1,1,2,guglielmo-marconi,guglielmo-marconi,Q36488,https://prizeatlas.org/es/nobel-prize/fisica/1909/guglielmo-marconi/,https://prizeatlas.org/nobel-prize/physics/1909/guglielmo-marconi/,in recognition of their contributions to the development of wireless telegraphy,Guglielmo Marconi,index,Física,Premio Nobel 1909 1/2,1,0,1,0,"Bologna, Italia",Marconi Wireless Telegraph Co. Ltd.,"Premio Nobel de Física, 1909",https://www.wikidata.org/wiki/Q36488,1,marconi-wireless-telegraph-co-ltd,karl-ferdinand-braun,2026-09-30,1874,nobel-000056,Male,Individual,Q58044561,,A5030327443,,,Guglielmo Marconi,Marconi Wireless Telegraph Co. Ltd.,,Q7191,True
Physics,Física,fisica,1909,Karl Ferdinand Braun,A5029699763,,Q57077,,in recognition of their contributions to the development of wireless telegraphy,1/2,0.5,Universidad de Estrasburgo,,"Strasbourg, Francia",1850-06-06,Fulda,Alemania,Alemania,1918-04-20,"Brooklyn, NY",Estados Unidos,59,Guglielmo Marconi,1,1,2,karl-ferdinand-braun,karl-ferdinand-braun,Q57077,https://prizeatlas.org/es/nobel-prize/fisica/1909/karl-ferdinand-braun/,https://prizeatlas.org/nobel-prize/physics/1909/karl-ferdinand-braun/,in recognition of their contributions to the development of wireless telegraphy,Karl Ferdinand Braun,index,Física,Premio Nobel 1909 1/2,1,0,1,0,"Fulda, Alemania",Universidad de Estrasburgo,"Premio Nobel de Física, 1909",https://www.wikidata.org/wiki/Q57077,1,strasbourg-university,guglielmo-marconi,2026-09-30,1850,nobel-000057,Male,Individual,Q20808141,,A5029699763,,,Karl Ferdinand Braun,Strasbourg University,,Q7191,True
Physics,Física,fisica,1910,Johannes Diderik van der Waals,A5026360614,,Q131721,03dpjfc73,for his work on the equation of state for gases and liquids,1/1,1.0,Amsterdam University,,"Amsterdam, Países Bajos",1837-11-23,Leiden,Países Bajos,Países Bajos,1923-03-08,Amsterdam,Países Bajos,73,,0,1,1,johannes-diderik-van-der-waals,johannes-diderik-van-der-waals,Q131721,https://prizeatlas.org/es/nobel-prize/fisica/1910/johannes-diderik-van-der-waals/,https://prizeatlas.org/nobel-prize/physics/1910/johannes-diderik-van-der-waals/,for his work on the equation of state for gases and liquids,Johannes Diderik van der Waals,index,Física,Premio Nobel 1910 1/1,1,0,1,1,"Leiden, Países Bajos",Amsterdam University,"Premio Nobel de Física, 1910",https://www.wikidata.org/wiki/Q131721,1,amsterdam-university,,2026-09-30,1837,nobel-000062,Male,Individual,Q4748849,I13089092,A5026360614,,03dpjfc73,Johannes Diderik van der Waals,Amsterdam University,,Q7191,True
Physics,Física,fisica,1911,Wilhelm Wien,A5013992358,,Q57068,00fbnyb24,for his discoveries regarding the laws governing the radiation of heat,1/1,1.0,Universidad de Wurzburgo,,"Würzburg, Alemania",1864-01-13,Gaffken (Parusnoye),Rusia,Alemania,1928-08-30,Munich,Alemania,47,,0,1,1,wilhelm-wien,wilhelm-wien,Q57068,https://prizeatlas.org/es/nobel-prize/fisica/1911/wilhelm-wien/,https://prizeatlas.org/nobel-prize/physics/1911/wilhelm-wien/,for his discoveries regarding the laws governing the radiation of heat,Wilhelm Wien,index,Física,Premio Nobel 1911 1/1,1,0,1,1,"Gaffken (Parusnoye), Rusia",Universidad de Wurzburgo,"Premio Nobel de Física, 1911",https://www.wikidata.org/wiki/Q57068,1,university-of-wurzburg,,2026-09-30,1864,nobel-000068,Male,Individual,Q161976,I25974101,A5013992358,,00fbnyb24,Wilhelm Wien,University of Würzburg,,Q7191,True
Physics,Física,fisica,1912,Nils Gustaf Dalén,,,Q160518,,for his invention of automatic regulators for use in conjunction with gas accumulators for illuminating lighthouses and buoys,1/1,1.0,AGA AB,Swedish Gas-Accumulator Co.,"Lidingö-Stockholm, Suecia",1869-11-30,Stenstorp,Suecia,Suecia,1937-12-09,Stockholm,Suecia,43,,0,1,1,nils-gustaf-dalen,nils-gustaf-dalen,Q160518,https://prizeatlas.org/es/nobel-prize/fisica/1912/nils-gustaf-dalen/,https://prizeatlas.org/nobel-prize/physics/1912/nils-gustaf-dalen/,for his invention of automatic regulators for use in conjunction with gas accumulators for illuminating lighthouses and buoys,Nils Gustaf Dalén,index,Física,Premio Nobel 1912 1/1,0,0,1,0,"Stenstorp, Suecia",AGA AB,"Premio Nobel de Física, 1912",https://www.wikidata.org/wiki/Q160518,1,aga-ab,,2026-09-30,1869,nobel-000074,Male,Individual,Q422013,,,,,Nils Gustaf Dalén,AGA AB,Swedish Gas-Accumulator Co.,Q7191,True
Physics,Física,fisica,1913,Heike Kamerlingh Onnes,A5058521007,,Q62891,027bh9e22,"for his investigations on the properties of matter at low temperatures which led, inter alia, to the production of liquid helium",1/1,1.0,Universidad de Leiden,,"Leiden, Países Bajos",1853-09-21,Groningen,Países Bajos,Países Bajos,1926-02-21,Leiden,Países Bajos,60,,0,1,1,heike-kamerlingh-onnes,heike-kamerlingh-onnes,Q62891,https://prizeatlas.org/es/nobel-prize/fisica/1913/heike-kamerlingh-onnes/,https://prizeatlas.org/nobel-prize/physics/1913/heike-kamerlingh-onnes/,"for his investigations on the properties of matter at low temperatures which led, inter alia, to the production of liquid helium",Heike Kamerlingh Onnes,index,Física,Premio Nobel 1913 1/1,1,0,1,1,"Groningen, Países Bajos",Universidad de Leiden,"Premio Nobel de Física, 1913",https://www.wikidata.org/wiki/Q62891,1,leiden-university,,2026-09-30,1853,nobel-000079,Male,Individual,Q156598,I121797337,A5058521007,,027bh9e22,Heike Kamerlingh Onnes,Leiden University,,Q7191,True
Physics,Física,fisica,1914,Max von Laue,A5059362679,,Q57067,04cvxnb49,for his discovery of the diffraction of X-rays by crystals,1/1,1.0,Universidad Johann Wolfgang Goethe,,"Frankfurt, Alemania",1879-10-09,Pfaffendorf,Alemania,Alemania,1960-04-23,Berlin,Alemania,35,,0,1,1,max-von-laue,max-von-laue,Q57067,https://prizeatlas.org/es/nobel-prize/fisica/1914/max-von-laue/,https://prizeatlas.org/nobel-prize/physics/1914/max-von-laue/,for his discovery of the diffraction of X-rays by crystals,Max von Laue,index,Física,Premio Nobel 1914 1/1,1,0,1,1,"Pfaffendorf, Alemania",Universidad Johann Wolfgang Goethe,"Premio Nobel de Física, 1914",https://www.wikidata.org/wiki/Q57067,1,goethe-university-frankfurt,,2026-09-30,1879,nobel-000082,Male,Individual,Q50662,I114090438,A5059362679,,04cvxnb49,Max von Laue,Goethe University Frankfurt,,Q7191,True
Physics,Física,fisica,1915,Sir William Henry Bragg,A5111774863,,Q133747,02jx3x895,for their services in the analysis of crystal structure by means of X-rays,1/2,0.5,University College de Londres,University College London,"London, Reino Unido",1862-07-02,Wigton,Reino Unido,Reino Unido,1942-03-12,London,Reino Unido,53,William Lawrence Bragg,1,1,2,sir-william-henry-bragg,sir-william-henry-bragg,Q133747,https://prizeatlas.org/es/nobel-prize/fisica/1915/sir-william-henry-bragg/,https://prizeatlas.org/nobel-prize/physics/1915/sir-william-henry-bragg/,for their services in the analysis of crystal structure by means of X-rays,Sir William Henry Bragg,index,Física,Premio Nobel 1915 1/2,1,0,1,1,"Wigton, Reino Unido",University College de Londres,"Premio Nobel de Física, 1915",https://www.wikidata.org/wiki/Q133747,1,university-college-london,william-lawrence-bragg,2026-09-30,1862,nobel-000085,Male,Individual,Q193196,I45129253,A5111774863,,02jx3x895,Sir William Henry Bragg,University College London,University College London,Q7191,True
Physics,Física,fisica,1915,William Lawrence Bragg,A5097192634,,Q131729,,for their services in the analysis of crystal structure by means of X-rays,1/2,0.5,Universidad Victoria de Manchester,,"Manchester, Reino Unido",1890-03-31,Adelaide,Australia,Reino Unido; Australia,1971-07-01,Ipswich,Reino Unido,25,Sir William Henry Bragg,1,1,2,william-lawrence-bragg,william-lawrence-bragg,Q131729,https://prizeatlas.org/es/nobel-prize/fisica/1915/william-lawrence-bragg/,https://prizeatlas.org/nobel-prize/physics/1915/william-lawrence-bragg/,for their services in the analysis of crystal structure by means of X-rays,William Lawrence Bragg,index,Física,Premio Nobel 1915 1/2,1,0,1,0,"Adelaide, Australia",Universidad Victoria de Manchester,"Premio Nobel de Física, 1915",https://www.wikidata.org/wiki/Q131729,1,victoria-university,sir-william-henry-bragg,2026-09-30,1890,nobel-000086,Male,Individual,Q867530,,A5097192634,,,William Lawrence Bragg,Victoria University,,Q7191,True
Physics,Física,fisica,1917,Charles Glover Barkla,A5023621480,,Q160522,01nrxwf90,for his discovery of the characteristic Röntgen radiation of the elements,1/1,1.0,Universidad de Edimburgo,,"Edinburgh, Reino Unido",1877-06-07,Widnes,Reino Unido,Reino Unido,1944-10-23,Edinburgh,Reino Unido,40,,0,1,1,charles-glover-barkla,charles-glover-barkla,Q160522,https://prizeatlas.org/es/nobel-prize/fisica/1917/charles-glover-barkla/,https://prizeatlas.org/nobel-prize/physics/1917/charles-glover-barkla/,for his discovery of the characteristic Röntgen radiation of the elements,Charles Glover Barkla,index,Física,Premio Nobel 1917 1/1,1,0,1,1,"Widnes, Reino Unido",Universidad de Edimburgo,"Premio Nobel de Física, 1917",https://www.wikidata.org/wiki/Q160522,1,university-of-edinburgh,,2026-09-30,1877,nobel-000091,Male,Individual,Q160302,I98677209,A5023621480,,01nrxwf90,Charles Glover Barkla,University of Edinburgh,,Q7191,True
Physics,Física,fisica,1918,Max Karl Ernst Ludwig Planck,A5111387565,,Q9021,01hcx6992,in recognition of the services he rendered to the advancement of Physics by his discovery of energy quanta,1/1,1.0,Universidad Humboldt de Berlín,,"Berlin, Alemania",1858-04-23,Kiel,Alemania,Alemania,1947-10-04,Göttingen,Alemania,60,,0,1,1,max-karl-ernst-ludwig-planck,max-karl-ernst-ludwig-planck,Q9021,https://prizeatlas.org/es/nobel-prize/fisica/1918/max-karl-ernst-ludwig-planck/,https://prizeatlas.org/nobel-prize/physics/1918/max-karl-ernst-ludwig-planck/,in recognition of the services he rendered to the advancement of Physics by his discovery of energy quanta,Max Karl Ernst Ludwig Planck,index,Física,Premio Nobel 1918 1/1,1,0,1,1,"Kiel, Alemania",Universidad Humboldt de Berlín,"Premio Nobel de Física, 1918",https://www.wikidata.org/wiki/Q9021,1,humboldt-university-of-berlin,,2026-09-30,1858,nobel-000093,Male,Individual,Q152087,I39343248,A5111387565,,01hcx6992,Max Karl Ernst Ludwig Planck,Humboldt University of Berlin,,Q7191,True
Physics,Física,fisica,1919,Johannes Stark,A5044638494,0000-0002-3526-911X,Q57092,025vngs54,for his discovery of the Doppler effect in canal rays and the splitting of spectral lines in electric fields,1/1,1.0,Greifswald University,,"Greifswald, Alemania",1874-04-15,Schickenhof,Alemania,Alemania,1957-06-21,Traunstein,Alemania,45,,0,1,1,johannes-stark,johannes-stark,Q57092,https://prizeatlas.org/es/nobel-prize/fisica/1919/johannes-stark/,https://prizeatlas.org/nobel-prize/physics/1919/johannes-stark/,for his discovery of the Doppler effect in canal rays and the splitting of spectral lines in electric fields,Johannes Stark,index,Física,Premio Nobel 1919 1/1,1,1,1,1,"Schickenhof, Alemania",Greifswald University,"Premio Nobel de Física, 1919",https://www.wikidata.org/wiki/Q57092,1,greifswald-university,,2026-09-30,1874,nobel-000097,Male,Individual,Q2496421,I2799318839,A5044638494,0000-0002-3526-911X,025vngs54,Johannes Stark,Greifswald University,,Q7191,True
Physics,Física,fisica,1920,Charles Edouard Guillaume,A5111371325,,Q123026,055vkyj43,in recognition of the service he has rendered to precision measurements in Physics by his discovery of anomalies in nickel steel alloys,1/1,1.0,Oficina Internacional de Pesas y Medidas,,"Sèvres, Francia",1861-02-15,Fleurier,Suiza,Suiza; Francia,1938-06-13,Sèvres,Francia,59,,0,1,1,charles-edouard-guillaume,charles-edouard-guillaume,Q123026,https://prizeatlas.org/es/nobel-prize/fisica/1920/charles-edouard-guillaume/,https://prizeatlas.org/nobel-prize/physics/1920/charles-edouard-guillaume/,in recognition of the service he has rendered to precision measurements in Physics by his discovery of anomalies in nickel steel alloys,Charles Edouard Guillaume,index,Física,Premio Nobel 1920 1/1,1,0,1,1,"Fleurier, Suiza",Oficina Internacional de Pesas y Medidas,"Premio Nobel de Física, 1920",https://www.wikidata.org/wiki/Q123026,1,bureau-international-des-poids-et-mesures-international-bureau-of-weigh-ac6899a4,,2026-09-30,1861,nobel-000102,Male,Individual,Q229478,I883101600,A5111371325,,055vkyj43,Charles Edouard Guillaume,Bureau International des Poids et Mesures (International Bureau of Weights and Measures),,Q7191,True
Physics,Física,fisica,1921,Albert Einstein,A5083138872,,Q937,01hhn8329,"for his services to Theoretical Physics, and especially for his discovery of the law of the photoelectric effect",1/1,1.0,Sociedad Max Planck,Max Planck Institute for Physics,"Munich, Alemania",1879-03-14,Ulm,Alemania,Alemania; apátrida; Suiza; Austria; Estados Unidos,1955-04-18,"Princeton, NJ",Estados Unidos,42,,0,1,1,albert-einstein,albert-einstein,Q937,https://prizeatlas.org/es/nobel-prize/fisica/1921/albert-einstein/,https://prizeatlas.org/nobel-prize/physics/1921/albert-einstein/,"for his services to Theoretical Physics, and especially for his discovery of the law of the photoelectric effect",Albert Einstein,index,Física,Premio Nobel 1921 1/1,1,0,1,1,"Ulm, Alemania",Sociedad Max Planck,"Premio Nobel de Física, 1921",https://www.wikidata.org/wiki/Q937,1,max-planck-society,,2026-09-30,1879,nobel-000107,Male,Individual,Q158085,I149899117,A5083138872,,01hhn8329,Albert Einstein,Max Planck Society,Max Planck Institute for Physics,Q7191,True
Physics,Física,fisica,1922,Niels Henrik David Bohr,A5110436352,,Q7085,035b05819,for his services in the investigation of the structure of atoms and of the radiation emanating from them,1/1,1.0,Universidad de Copenhague,,"Copenhagen, Dinamarca",1885-10-07,Copenhagen,Dinamarca,Dinamarca,1962-11-18,Copenhagen,Dinamarca,37,,0,1,1,niels-henrik-david-bohr,niels-henrik-david-bohr,Q7085,https://prizeatlas.org/es/nobel-prize/fisica/1922/niels-henrik-david-bohr/,https://prizeatlas.org/nobel-prize/physics/1922/niels-henrik-david-bohr/,for his services in the investigation of the structure of atoms and of the radiation emanating from them,Niels Henrik David Bohr,index,Física,Premio Nobel 1922 1/1,1,0,1,1,"Copenhagen, Dinamarca",Universidad de Copenhague,"Premio Nobel de Física, 1922",https://www.wikidata.org/wiki/Q7085,1,university-of-copenhagen,,2026-09-30,1885,nobel-000113,Male,Individual,Q186285,I124055696,A5110436352,,035b05819,Niels Henrik David Bohr,University of Copenhagen,,Q7191,True
Physics,Física,fisica,1923,Robert Andrews Millikan,A5111890695,,Q130975,05dxps055,for his work on the elementary charge of electricity and on the photoelectric effect,1/1,1.0,Instituto de Tecnología de California,,"Pasadena, Estados Unidos",1868-03-22,"Morrison, IL",Estados Unidos,Estados Unidos,1953-12-19,"San Marino, CA",Estados Unidos,55,,0,1,1,robert-andrews-millikan,robert-andrews-millikan,Q130975,https://prizeatlas.org/es/nobel-prize/fisica/1923/robert-andrews-millikan/,https://prizeatlas.org/nobel-prize/physics/1923/robert-andrews-millikan/,for his work on the elementary charge of electricity and on the photoelectric effect,Robert Andrews Millikan,index,Física,Premio Nobel 1923 1/1,1,0,1,1,"Morrison, IL, Estados Unidos",Instituto de Tecnología de California,"Premio Nobel de Física, 1923",https://www.wikidata.org/wiki/Q130975,1,california-institute-of-technology,,2026-09-30,1868,nobel-000118,Male,Individual,Q161562,I122411786,A5111890695,,05dxps055,Robert Andrews Millikan,California Institute of Technology,,Q7191,True
Physics,Física,fisica,1924,Karl Manne Georg Siegbahn,A5111992777,,Q170741,048a87296,for his discoveries and research in the field of X-ray spectroscopy,1/1,1.0,Universidad de Upsala,,"Uppsala, Suecia",1886-12-03,Lund,Suecia,Suecia,1978-09-26,Ängelholm,Suecia,38,,0,1,1,karl-manne-georg-siegbahn,karl-manne-georg-siegbahn,Q170741,https://prizeatlas.org/es/nobel-prize/fisica/1924/karl-manne-georg-siegbahn/,https://prizeatlas.org/nobel-prize/physics/1924/karl-manne-georg-siegbahn/,for his discoveries and research in the field of X-ray spectroscopy,Karl Manne Georg Siegbahn,index,Física,Premio Nobel 1924 1/1,1,0,1,1,"Lund, Suecia",Universidad de Upsala,"Premio Nobel de Física, 1924",https://www.wikidata.org/wiki/Q170741,1,uppsala-university,,2026-09-30,1886,nobel-000121,Male,Individual,Q185246,I123387679,A5111992777,,048a87296,Karl Manne Georg Siegbahn,Uppsala University,,Q7191,True
Physics,Física,fisica,1925,Gustav Ludwig Hertz,A5141420213,,Q57070,,for their discovery of the laws governing the impact of an electron upon an atom,1/2,0.5,Halle University,,"Halle, Alemania",1887-07-22,Hamburg,Alemania,Alemania; Rusia,1975-10-30,Berlin,Alemania,38,James Franck,1,1,2,gustav-ludwig-hertz,gustav-ludwig-hertz,Q57070,https://prizeatlas.org/es/nobel-prize/fisica/1925/gustav-ludwig-hertz/,https://prizeatlas.org/nobel-prize/physics/1925/gustav-ludwig-hertz/,for their discovery of the laws governing the impact of an electron upon an atom,Gustav Ludwig Hertz,index,Física,Premio Nobel 1925 1/2,1,0,1,0,"Hamburg, Alemania",Halle University,"Premio Nobel de Física, 1925",https://www.wikidata.org/wiki/Q57070,1,halle-university,james-franck,2026-09-30,1887,nobel-000127,Male,Individual,Q135840532,,A5141420213,,,Gustav Ludwig Hertz,Halle University,,Q7191,True
Physics,Física,fisica,1925,James Franck,A5111730510,,Q57066,01y9bpm73,for their discovery of the laws governing the impact of an electron upon an atom,1/2,0.5,Universidad de Gotinga,,"Göttingen, Alemania",1882-08-26,Hamburg,Alemania,Estados Unidos; Alemania,1964-05-21,Göttingen,Alemania,43,Gustav Ludwig Hertz,1,1,2,james-franck,james-franck,Q57066,https://prizeatlas.org/es/nobel-prize/fisica/1925/james-franck/,https://prizeatlas.org/nobel-prize/physics/1925/james-franck/,for their discovery of the laws governing the impact of an electron upon an atom,James Franck,index,Física,Premio Nobel 1925 1/2,1,0,1,1,"Hamburg, Alemania",Universidad de Gotinga,"Premio Nobel de Física, 1925",https://www.wikidata.org/wiki/Q57066,1,university-of-gottingen,gustav-ludwig-hertz,2026-09-30,1882,nobel-000126,Male,Individual,Q152838,I74656192,A5111730510,,01y9bpm73,James Franck,University of Göttingen,,Q7191,True
Physics,Física,fisica,1926,Jean Baptiste Perrin,A5142556382,,Q134085,02en5vm52,"for his work on the discontinuous structure of matter, and especially for his discovery of sedimentation equilibrium",1/1,1.0,Sorbonne Université,,"Paris, Francia",1870-09-30,Lille,Francia,Francia,1942-04-17,"New York, NY",Estados Unidos,56,,0,1,1,jean-baptiste-perrin,jean-baptiste-perrin,Q134085,https://prizeatlas.org/es/nobel-prize/fisica/1926/jean-baptiste-perrin/,https://prizeatlas.org/nobel-prize/physics/1926/jean-baptiste-perrin/,"for his work on the discontinuous structure of matter, and especially for his discovery of sedimentation equilibrium",Jean Baptiste Perrin,index,Física,Premio Nobel 1926 1/1,1,0,1,1,"Lille, Francia",Sorbonne Université,"Premio Nobel de Física, 1926",https://www.wikidata.org/wiki/Q134085,1,sorbonne-university,,2026-09-30,1870,nobel-000133,Male,Individual,Q41497113,I39804081,A5142556382,,02en5vm52,Jean Baptiste Perrin,Sorbonne University,,Q7191,True
Physics,Física,fisica,1927,Arthur Holly Compton,A5047440561,,Q127944,024mw5h28,for his discovery of the effect named after him,1/2,0.5,Universidad de Chicago,,"Chicago, Estados Unidos",1892-09-10,"Wooster, OH",Estados Unidos,Estados Unidos,1962-03-15,"Berkeley, CA",Estados Unidos,35,Charles Thomson Rees Wilson,1,1,1,arthur-holly-compton,arthur-holly-compton,Q127944,https://prizeatlas.org/es/nobel-prize/fisica/1927/arthur-holly-compton/,https://prizeatlas.org/nobel-prize/physics/1927/arthur-holly-compton/,for his discovery of the effect named after him,Arthur Holly Compton,index,Física,Premio Nobel 1927 1/2,1,0,1,1,"Wooster, OH, Estados Unidos",Universidad de Chicago,"Premio Nobel de Física, 1927",https://www.wikidata.org/wiki/Q127944,1,university-of-chicago,charles-thomson-rees-wilson,2026-09-30,1892,nobel-000139,Male,Individual,Q131252,I40347166,A5047440561,,024mw5h28,Arthur Holly Compton,University of Chicago,,Q7191,True
Physics,Física,fisica,1927,Charles Thomson Rees Wilson,A5103532205,,Q162900,013meh722,for his method of making the paths of electrically charged particles visible by condensation of vapour,1/2,0.5,Universidad de Cambridge,,"Cambridge, Reino Unido",1869-02-14,Glencorse,Reino Unido,Reino Unido,1959-11-15,Carlops,Reino Unido,58,Arthur Holly Compton,1,2,1,charles-thomson-rees-wilson,charles-thomson-rees-wilson,Q162900,https://prizeatlas.org/es/nobel-prize/fisica/1927/charles-thomson-rees-wilson/,https://prizeatlas.org/nobel-prize/physics/1927/charles-thomson-rees-wilson/,for his method of making the paths of electrically charged particles visible by condensation of vapour,Charles Thomson Rees Wilson,index,Física,Premio Nobel 1927 1/2,1,0,1,1,"Glencorse, Reino Unido",Universidad de Cambridge,"Premio Nobel de Física, 1927",https://www.wikidata.org/wiki/Q162900,1,university-of-cambridge,arthur-holly-compton,2026-09-30,1869,nobel-000140,Male,Individual,Q35794,I241749,A5103532205,,013meh722,Charles Thomson Rees Wilson,University of Cambridge,,Q7191,True
Physics,Física,fisica,1928,Owen Willans Richardson,A5104048855,,Q169330,04cw6st05,for his work on the thermionic phenomenon and especially for the discovery of the law named after him,1/1,1.0,Universidad de Londres,,"London, Reino Unido",1879-04-26,Dewsbury,Reino Unido,Reino Unido,1959-02-15,Alton,Reino Unido,49,,0,1,1,owen-willans-richardson,owen-willans-richardson,Q169330,https://prizeatlas.org/es/nobel-prize/fisica/1928/owen-willans-richardson/,https://prizeatlas.org/nobel-prize/physics/1928/owen-willans-richardson/,for his work on the thermionic phenomenon and especially for the discovery of the law named after him,Owen Willans Richardson,index,Física,Premio Nobel 1928 1/1,1,0,1,1,"Dewsbury, Reino Unido",Universidad de Londres,"Premio Nobel de Física, 1928",https://www.wikidata.org/wiki/Q169330,1,university-of-london,,2026-09-30,1879,nobel-000144,Male,Individual,Q170027,I124357947,A5104048855,,04cw6st05,Owen Willans Richardson,University of London,,Q7191,True
Physics,Física,fisica,1929,Louis-Victor Pierre Raymond de Broglie,A5081108187,,Q83331,02en5vm52,for his discovery of the wave nature of electrons,1/1,1.0,Sorbonne Université,Institut Henri Poincaré,"Paris, Francia",1892-08-15,Dieppe,Francia,Francia,1987-03-19,Paris,Francia,37,,0,1,1,louis-victor-pierre-raymond-de-broglie,louis-victor-pierre-raymond-de-broglie,Q83331,https://prizeatlas.org/es/nobel-prize/fisica/1929/louis-victor-pierre-raymond-de-broglie/,https://prizeatlas.org/nobel-prize/physics/1929/louis-victor-pierre-raymond-de-broglie/,for his discovery of the wave nature of electrons,Louis-Victor Pierre Raymond de Broglie,index,Física,Premio Nobel 1929 1/1,1,0,1,1,"Dieppe, Francia",Sorbonne Université,"Premio Nobel de Física, 1929",https://www.wikidata.org/wiki/Q83331,1,sorbonne-university,,2026-09-30,1892,nobel-000151,Male,Individual,Q41497113,I39804081,A5081108187,,02en5vm52,Louis-Victor Pierre Raymond de Broglie,Sorbonne University,Institut Henri Poincaré,Q7191,True
Physics,Física,fisica,1930,Sir Chandrasekhara Venkata Raman,A5108634248,,Q60429,01e7v7w47,for his work on the scattering of light and for the discovery of the effect named after him,1/1,1.0,Universidad de Calcuta,,"Calcutta, India",1888-11-07,Tiruchirappalli,India,India,1970-11-21,Bangalore,India,42,,0,1,1,sir-chandrasekhara-venkata-raman,sir-chandrasekhara-venkata-raman,Q60429,https://prizeatlas.org/es/nobel-prize/fisica/1930/sir-chandrasekhara-venkata-raman/,https://prizeatlas.org/nobel-prize/physics/1930/sir-chandrasekhara-venkata-raman/,for his work on the scattering of light and for the discovery of the effect named after him,Sir Chandrasekhara Venkata Raman,index,Física,Premio Nobel 1930 1/1,1,0,1,1,"Tiruchirappalli, India",Universidad de Calcuta,"Premio Nobel de Física, 1930",https://www.wikidata.org/wiki/Q60429,1,calcutta-university,,2026-09-30,1888,nobel-000156,Male,Individual,Q1145306,I106542073,A5108634248,,01e7v7w47,Sir Chandrasekhara Venkata Raman,Calcutta University,,Q7191,True
Physics,Física,fisica,1932,Werner Karl Heisenberg,A5109038703,,Q40904,03s7gtk40,"for the creation of quantum mechanics, the application of which has, inter alia, led to the discovery of the allotropic forms of hydrogen",1/1,1.0,Universidad de Leipzig,,"Leipzig, Alemania",1901-12-05,Würzburg,Alemania,Alemania,1976-02-01,Munich,Alemania,31,,0,1,1,werner-karl-heisenberg,werner-karl-heisenberg,Q40904,https://prizeatlas.org/es/nobel-prize/fisica/1932/werner-karl-heisenberg/,https://prizeatlas.org/nobel-prize/physics/1932/werner-karl-heisenberg/,"for the creation of quantum mechanics, the application of which has, inter alia, led to the discovery of the allotropic forms of hydrogen",Werner Karl Heisenberg,index,Física,Premio Nobel 1932 1/1,1,0,1,1,"Würzburg, Alemania",Universidad de Leipzig,"Premio Nobel de Física, 1932",https://www.wikidata.org/wiki/Q40904,1,university-of-leipzig,,2026-09-30,1901,nobel-000167,Male,Individual,Q154804,I926574661,A5109038703,,03s7gtk40,Werner Karl Heisenberg,University of Leipzig,,Q7191,True
Physics,Física,fisica,1933,Erwin Schrödinger,A5001002446,,Q9130,01hcx6992,for the discovery of new productive forms of atomic theory,1/2,0.5,Universidad Humboldt de Berlín,,"Berlin, Alemania",1887-08-12,Vienna,Austria,Austria; Alemania,1961-01-04,Vienna,Austria,46,Paul Adrien Maurice Dirac,1,1,2,erwin-schrodinger,erwin-schrodinger,Q9130,https://prizeatlas.org/es/nobel-prize/fisica/1933/erwin-schrodinger/,https://prizeatlas.org/nobel-prize/physics/1933/erwin-schrodinger/,for the discovery of new productive forms of atomic theory,Erwin Schrödinger,index,Física,Premio Nobel 1933 1/2,1,0,1,1,"Vienna, Austria",Universidad Humboldt de Berlín,"Premio Nobel de Física, 1933",https://www.wikidata.org/wiki/Q9130,1,humboldt-university-of-berlin,paul-adrien-maurice-dirac,2026-09-30,1887,nobel-000171,Male,Individual,Q152087,I39343248,A5001002446,,01hcx6992,Erwin Schrödinger,Humboldt University of Berlin,,Q7191,True
Physics,Física,fisica,1933,Paul Adrien Maurice Dirac,A5078382819,,Q47480,013meh722,for the discovery of new productive forms of atomic theory,1/2,0.5,Universidad de Cambridge,,"Cambridge, Reino Unido",1902-08-08,Bristol,Reino Unido,Reino Unido; Suiza,1984-10-20,"Tallahassee, FL",Estados Unidos,31,Erwin Schrödinger,1,1,2,paul-adrien-maurice-dirac,paul-adrien-maurice-dirac,Q47480,https://prizeatlas.org/es/nobel-prize/fisica/1933/paul-adrien-maurice-dirac/,https://prizeatlas.org/nobel-prize/physics/1933/paul-adrien-maurice-dirac/,for the discovery of new productive forms of atomic theory,Paul Adrien Maurice Dirac,index,Física,Premio Nobel 1933 1/2,1,0,1,1,"Bristol, Reino Unido",Universidad de Cambridge,"Premio Nobel de Física, 1933",https://www.wikidata.org/wiki/Q47480,1,university-of-cambridge,erwin-schrodinger,2026-09-30,1902,nobel-000172,Male,Individual,Q35794,I241749,A5078382819,,013meh722,Paul Adrien Maurice Dirac,University of Cambridge,,Q7191,True
Physics,Física,fisica,1935,James Chadwick,A5042900711,0000-0003-4456-0117,Q80884,04xs57h96,for the discovery of the neutron,1/1,1.0,Universidad de Liverpool,,"Liverpool, Reino Unido",1891-10-20,Manchester,Reino Unido,Reino Unido,1974-07-24,Cambridge,Reino Unido,44,,0,1,1,james-chadwick,james-chadwick,Q80884,https://prizeatlas.org/es/nobel-prize/fisica/1935/james-chadwick/,https://prizeatlas.org/nobel-prize/physics/1935/james-chadwick/,for the discovery of the neutron,James Chadwick,index,Física,Premio Nobel 1935 1/1,1,1,1,1,"Manchester, Reino Unido",Universidad de Liverpool,"Premio Nobel de Física, 1935",https://www.wikidata.org/wiki/Q80884,1,university-of-liverpool,,2026-09-30,1891,nobel-000183,Male,Individual,Q499510,I146655781,A5042900711,0000-0003-4456-0117,04xs57h96,James Chadwick,University of Liverpool,,Q7191,True
Physics,Física,fisica,1936,Victor Franz Hess,A5018430739,,Q78520,054pv6659,for his discovery of cosmic radiation,1/2,0.5,Universidad de Innsbruck,,"Innsbruck, Austria",1883-06-24,Peggau,Austria,Estados Unidos; Austria,1964-12-17,"Mount Verno, NY",Estados Unidos,53,Carl David Anderson,1,1,1,victor-franz-hess,victor-franz-hess,Q78520,https://prizeatlas.org/es/nobel-prize/fisica/1936/victor-franz-hess/,https://prizeatlas.org/nobel-prize/physics/1936/victor-franz-hess/,for his discovery of cosmic radiation,Victor Franz Hess,index,Física,Premio Nobel 1936 1/2,1,0,1,1,"Peggau, Austria",Universidad de Innsbruck,"Premio Nobel de Física, 1936",https://www.wikidata.org/wiki/Q78520,1,university-of-innsbruck,carl-david-anderson,2026-09-30,1883,nobel-000189,Male,Individual,Q875788,I190249584,A5018430739,,054pv6659,Victor Franz Hess,University of Innsbruck,,Q7191,True
Physics,Física,fisica,1936,Carl David Anderson,A5045167016,,Q169366,05dxps055,for his discovery of the positron,1/2,0.5,Instituto de Tecnología de California,,"Pasadena, Estados Unidos",1905-09-03,"New York, NY",Estados Unidos,Estados Unidos,1991-01-11,"San Marino, CA",Estados Unidos,31,Victor Franz Hess,1,2,1,carl-david-anderson,carl-david-anderson,Q169366,https://prizeatlas.org/es/nobel-prize/fisica/1936/carl-david-anderson/,https://prizeatlas.org/nobel-prize/physics/1936/carl-david-anderson/,for his discovery of the positron,Carl David Anderson,index,Física,Premio Nobel 1936 1/2,1,0,1,1,"New York, NY, Estados Unidos",Instituto de Tecnología de California,"Premio Nobel de Física, 1936",https://www.wikidata.org/wiki/Q169366,1,california-institute-of-technology,victor-franz-hess,2026-09-30,1905,nobel-000190,Male,Individual,Q161562,I122411786,A5045167016,,05dxps055,Carl David Anderson,California Institute of Technology,,Q7191,True
Physics,Física,fisica,1937,Clinton Joseph Davisson,A5088811775,,Q133222,,for their experimental discovery of the diffraction of electrons by crystals,1/2,0.5,Bell Labs,,"Murray Hill, Estados Unidos",1881-10-22,"Bloomington, IL",Estados Unidos,Estados Unidos,1958-02-01,"Charlottesville, VA",Estados Unidos,56,George Paget Thomson,1,1,2,clinton-joseph-davisson,clinton-joseph-davisson,Q133222,https://prizeatlas.org/es/nobel-prize/fisica/1937/clinton-joseph-davisson/,https://prizeatlas.org/nobel-prize/physics/1937/clinton-joseph-davisson/,for their experimental discovery of the diffraction of electrons by crystals,Clinton Joseph Davisson,index,Física,Premio Nobel 1937 1/2,1,0,1,0,"Bloomington, IL, Estados Unidos",Bell Labs,"Premio Nobel de Física, 1937",https://www.wikidata.org/wiki/Q133222,1,bell-labs,george-paget-thomson,2026-09-30,1881,nobel-000196,Male,Individual,Q217365,,A5088811775,,,Clinton Joseph Davisson,Bell Labs,,Q7191,True
Physics,Física,fisica,1937,George Paget Thomson,A5113975792,,Q133846,04cw6st05,for their experimental discovery of the diffraction of electrons by crystals,1/2,0.5,Universidad de Londres,,"London, Reino Unido",1892-05-03,Cambridge,Reino Unido,Reino Unido,1975-09-10,Cambridge,Reino Unido,45,Clinton Joseph Davisson,1,1,2,george-paget-thomson,george-paget-thomson,Q133846,https://prizeatlas.org/es/nobel-prize/fisica/1937/george-paget-thomson/,https://prizeatlas.org/nobel-prize/physics/1937/george-paget-thomson/,for their experimental discovery of the diffraction of electrons by crystals,George Paget Thomson,index,Física,Premio Nobel 1937 1/2,1,0,1,1,"Cambridge, Reino Unido",Universidad de Londres,"Premio Nobel de Física, 1937",https://www.wikidata.org/wiki/Q133846,1,university-of-london,clinton-joseph-davisson,2026-09-30,1892,nobel-000197,Male,Individual,Q170027,I124357947,A5113975792,,04cw6st05,George Paget Thomson,University of London,,Q7191,True
Physics,Física,fisica,1938,Enrico Fermi,A5053459131,,Q8753,,"for his demonstrations of the existence of new radioactive elements produced by neutron irradiation, and for his related discovery of nuclear reactions brought about by slow neutrons",1/1,1.0,Rome University,,"Rome, Italia",1901-09-29,Rome,Italia,Italia; Estados Unidos,1954-11-28,"Chicago, IL",Estados Unidos,37,,0,1,1,enrico-fermi,enrico-fermi,Q8753,https://prizeatlas.org/es/nobel-prize/fisica/1938/enrico-fermi/,https://prizeatlas.org/nobel-prize/physics/1938/enrico-fermi/,"for his demonstrations of the existence of new radioactive elements produced by neutron irradiation, and for his related discovery of nuclear reactions brought about by slow neutrons",Enrico Fermi,index,Física,Premio Nobel 1938 1/1,1,0,1,0,"Rome, Italia",Rome University,"Premio Nobel de Física, 1938",https://www.wikidata.org/wiki/Q8753,1,rome-university,,2026-09-30,1901,nobel-000202,Male,Individual,Q25105063,,A5053459131,,,Enrico Fermi,Rome University,,Q7191,True
Physics,Física,fisica,1939,Ernest Orlando Lawrence,A5111854489,,Q169577,00pjdza24,"for the invention and development of the cyclotron and for results obtained with it, especially with regard to artificial radioactive elements",1/1,1.0,Universidad de California,"University of California, Berkeley","Berkeley, Estados Unidos",1901-08-08,"Canton, SD",Estados Unidos,Estados Unidos,1958-08-27,"Palo Alto, CA",Estados Unidos,38,,0,1,1,ernest-orlando-lawrence,ernest-orlando-lawrence,Q169577,https://prizeatlas.org/es/nobel-prize/fisica/1939/ernest-orlando-lawrence/,https://prizeatlas.org/nobel-prize/physics/1939/ernest-orlando-lawrence/,"for the invention and development of the cyclotron and for results obtained with it, especially with regard to artificial radioactive elements",Ernest Orlando Lawrence,index,Física,Premio Nobel 1939 1/1,1,0,1,1,"Canton, SD, Estados Unidos",Universidad de California,"Premio Nobel de Física, 1939",https://www.wikidata.org/wiki/Q169577,1,university-of-california,,2026-09-30,1901,nobel-000207,Male,Individual,Q184478,I2803209242,A5111854489,,00pjdza24,Ernest Orlando Lawrence,University of California,"University of California, Berkeley",Q7191,True
Physics,Física,fisica,1943,Otto Stern,A5113947643,,Q57072,05x2bcf33,for his contribution to the development of the molecular ray method and his discovery of the magnetic moment of the proton,1/1,1.0,Universidad Carnegie Mellon,,"Pittsburgh, Estados Unidos",1888-02-17,Sorau (Zory),Polonia,Alemania; Estados Unidos,1969-08-17,"Berkeley, CA",Estados Unidos,55,,0,1,1,otto-stern,otto-stern,Q57072,https://prizeatlas.org/es/nobel-prize/fisica/1943/otto-stern/,https://prizeatlas.org/nobel-prize/physics/1943/otto-stern/,for his contribution to the development of the molecular ray method and his discovery of the magnetic moment of the proton,Otto Stern,index,Física,Premio Nobel 1943 1/1,1,0,1,1,"Sorau (Zory), Polonia",Universidad Carnegie Mellon,"Premio Nobel de Física, 1943",https://www.wikidata.org/wiki/Q57072,1,carnegie-mellon-university,,2026-09-30,1888,nobel-000211,Male,Individual,Q190080,I74973139,A5113947643,,05x2bcf33,Otto Stern,Carnegie Mellon University,,Q7191,True
Physics,Física,fisica,1944,Isidor Isaac Rabi,A5068549714,,Q165969,00hj8s172,for his resonance method for recording the magnetic properties of atomic nuclei,1/1,1.0,Universidad de Columbia,,"New York, Estados Unidos",1898-07-29,Rymanow,Polonia,Estados Unidos; Polonia,1988-01-11,"New York, NY",Estados Unidos,46,,0,1,1,isidor-isaac-rabi,isidor-isaac-rabi,Q165969,https://prizeatlas.org/es/nobel-prize/fisica/1944/isidor-isaac-rabi/,https://prizeatlas.org/nobel-prize/physics/1944/isidor-isaac-rabi/,for his resonance method for recording the magnetic properties of atomic nuclei,Isidor Isaac Rabi,index,Física,Premio Nobel 1944 1/1,1,0,1,1,"Rymanow, Polonia",Universidad de Columbia,"Premio Nobel de Física, 1944",https://www.wikidata.org/wiki/Q165969,1,columbia-university,,2026-09-30,1898,nobel-000217,Male,Individual,Q49088,I78577930,A5068549714,,00hj8s172,Isidor Isaac Rabi,Columbia University,,Q7191,True
Physics,Física,fisica,1945,Wolfgang Pauli,A5112153934,,Q65989,00hx57361,"for the discovery of the Exclusion Principle, also called the Pauli Principle",1/1,1.0,Universidad de Princeton,,"Princeton, Estados Unidos",1900-04-25,Vienna,Austria,Estados Unidos; Suiza; Austria,1958-12-15,Zurich,Suiza,45,,0,1,1,wolfgang-pauli,wolfgang-pauli,Q65989,https://prizeatlas.org/es/nobel-prize/fisica/1945/wolfgang-pauli/,https://prizeatlas.org/nobel-prize/physics/1945/wolfgang-pauli/,"for the discovery of the Exclusion Principle, also called the Pauli Principle",Wolfgang Pauli,index,Física,Premio Nobel 1945 1/1,1,0,1,1,"Vienna, Austria",Universidad de Princeton,"Premio Nobel de Física, 1945",https://www.wikidata.org/wiki/Q65989,1,princeton-university,,2026-09-30,1900,nobel-000224,Male,Individual,Q21578,I20089843,A5112153934,,00hx57361,Wolfgang Pauli,Princeton University,,Q7191,True
Physics,Física,fisica,1946,Percy Williams Bridgman,A5035442844,,Q172118,03vek6s52,"for the invention of an apparatus to produce extremely high pressures, and for the discoveries he made therewith in the field of high pressure physics",1/1,1.0,Universidad Harvard,,"Cambridge, Estados Unidos",1882-04-21,"Cambridge, MA",Estados Unidos,Estados Unidos,1961-08-20,"Randolph, NH",Estados Unidos,64,,0,1,1,percy-williams-bridgman,percy-williams-bridgman,Q172118,https://prizeatlas.org/es/nobel-prize/fisica/1946/percy-williams-bridgman/,https://prizeatlas.org/nobel-prize/physics/1946/percy-williams-bridgman/,"for the invention of an apparatus to produce extremely high pressures, and for the discoveries he made therewith in the field of high pressure physics",Percy Williams Bridgman,index,Física,Premio Nobel 1946 1/1,1,0,1,1,"Cambridge, MA, Estados Unidos",Universidad Harvard,"Premio Nobel de Física, 1946",https://www.wikidata.org/wiki/Q172118,1,harvard-university,,2026-09-30,1882,nobel-000232,Male,Individual,Q13371,I136199984,A5035442844,,03vek6s52,Percy Williams Bridgman,Harvard University,,Q7191,True
Physics,Física,fisica,1947,Sir Edward Victor Appleton,A5113984956,,Q153194,,for his investigations of the physics of the upper atmosphere especially for the discovery of the so-called Appleton layer,1/1,1.0,Department of Scientific and Industrial Research,,"London, Reino Unido",1892-09-06,Bradford,Reino Unido,Reino Unido,1965-04-21,Edinburgh,Reino Unido,55,,0,1,1,sir-edward-victor-appleton,sir-edward-victor-appleton,Q153194,https://prizeatlas.org/es/nobel-prize/fisica/1947/sir-edward-victor-appleton/,https://prizeatlas.org/nobel-prize/physics/1947/sir-edward-victor-appleton/,for his investigations of the physics of the upper atmosphere especially for the discovery of the so-called Appleton layer,Sir Edward Victor Appleton,index,Física,Premio Nobel 1947 1/1,1,0,1,0,"Bradford, Reino Unido",Department of Scientific and Industrial Research,"Premio Nobel de Física, 1947",https://www.wikidata.org/wiki/Q153194,1,department-of-scientific-and-industrial-research,,2026-09-30,1892,nobel-000240,Male,Individual,Q17513783,,A5113984956,,,Sir Edward Victor Appleton,Department of Scientific and Industrial Research,,Q7191,True
Physics,Física,fisica,1948,Patrick Maynard Stuart Blackett,A5040927725,,Q184499,,"for his development of the Wilson cloud chamber method, and his discoveries therewith in the fields of nuclear physics and cosmic radiation",1/1,1.0,Universidad Victoria de Manchester,,"Manchester, Reino Unido",1897-11-18,London,Reino Unido,Reino Unido,1974-07-13,London,Reino Unido,51,,0,1,1,patrick-maynard-stuart-blackett,patrick-maynard-stuart-blackett,Q184499,https://prizeatlas.org/es/nobel-prize/fisica/1948/patrick-maynard-stuart-blackett/,https://prizeatlas.org/nobel-prize/physics/1948/patrick-maynard-stuart-blackett/,"for his development of the Wilson cloud chamber method, and his discoveries therewith in the fields of nuclear physics and cosmic radiation",Patrick Maynard Stuart Blackett,index,Física,Premio Nobel 1948 1/1,1,0,1,0,"London, Reino Unido",Universidad Victoria de Manchester,"Premio Nobel de Física, 1948",https://www.wikidata.org/wiki/Q184499,1,victoria-university,,2026-09-30,1897,nobel-000244,Male,Individual,Q867530,,A5040927725,,,Patrick Maynard Stuart Blackett,Victoria University,,Q7191,True
Physics,Física,fisica,1949,Hideki Yukawa,A5110090983,,Q155777,,for his prediction of the existence of mesons on the basis of theoretical work on nuclear forces,1/1,1.0,Universidad Imperial de Kioto,,"Kyoto, Japón",1907-01-23,Tokyo,Japón,Japón,1981-09-08,Kyoto,Japón,42,,0,1,1,hideki-yukawa,hideki-yukawa,Q155777,https://prizeatlas.org/es/nobel-prize/fisica/1949/hideki-yukawa/,https://prizeatlas.org/nobel-prize/physics/1949/hideki-yukawa/,for his prediction of the existence of mesons on the basis of theoretical work on nuclear forces,Hideki Yukawa,index,Física,Premio Nobel 1949 1/1,1,0,1,0,"Tokyo, Japón",Universidad Imperial de Kioto,"Premio Nobel de Física, 1949",https://www.wikidata.org/wiki/Q155777,1,kyoto-imperial-university,,2026-09-30,1907,nobel-000250,Male,Individual,Q112328210,,A5110090983,,,Hideki Yukawa,Kyoto Imperial University,,Q7191,True
Physics,Física,fisica,1950,Cecil Frank Powell,A5002865454,,Q178103,0524sp257,for his development of the photographic method of studying nuclear processes and his discoveries regarding mesons made with this method,1/1,1.0,Universidad de Brístol,,"Bristol, Reino Unido",1903-12-05,Tonbridge,Reino Unido,Reino Unido,1969-08-09,,Italia,47,,0,1,1,cecil-frank-powell,cecil-frank-powell,Q178103,https://prizeatlas.org/es/nobel-prize/fisica/1950/cecil-frank-powell/,https://prizeatlas.org/nobel-prize/physics/1950/cecil-frank-powell/,for his development of the photographic method of studying nuclear processes and his discoveries regarding mesons made with this method,Cecil Frank Powell,index,Física,Premio Nobel 1950 1/1,1,0,1,1,"Tonbridge, Reino Unido",Universidad de Brístol,"Premio Nobel de Física, 1950",https://www.wikidata.org/wiki/Q178103,1,university-of-bristol,,2026-09-30,1903,nobel-000258,Male,Individual,Q459506,I36234482,A5002865454,,0524sp257,Cecil Frank Powell,University of Bristol,,Q7191,True
Physics,Física,fisica,1951,Ernest Thomas Sinton Walton,A5080894409,,Q183631,02tyrky19,for their pioneer work on the transmutation of atomic nuclei by artificially accelerated atomic particles,1/2,0.5,Trinity College Dublin,,"Dublin, Irlanda",1903-10-06,Dungarvan,Irlanda,Irlanda; Reino Unido,1995-06-25,Belfast,Reino Unido,48,Sir John Douglas Cockcroft,1,1,2,ernest-thomas-sinton-walton,ernest-thomas-sinton-walton,Q183631,https://prizeatlas.org/es/nobel-prize/fisica/1951/ernest-thomas-sinton-walton/,https://prizeatlas.org/nobel-prize/physics/1951/ernest-thomas-sinton-walton/,for their pioneer work on the transmutation of atomic nuclei by artificially accelerated atomic particles,Ernest Thomas Sinton Walton,index,Física,Premio Nobel 1951 1/2,1,0,1,1,"Dungarvan, Irlanda",Trinity College Dublin,"Premio Nobel de Física, 1951",https://www.wikidata.org/wiki/Q183631,1,trinity-college-dublin,sir-john-douglas-cockcroft,2026-09-30,1903,nobel-000265,Male,Individual,Q258464,I205274468,A5080894409,,02tyrky19,Ernest Thomas Sinton Walton,Trinity College Dublin,,Q7191,True
Physics,Física,fisica,1951,Sir John Douglas Cockcroft,A5041782118,,Q62897,,for their pioneer work on the transmutation of atomic nuclei by artificially accelerated atomic particles,1/2,0.5,Atomic Energy Research Establishment,,"Harwell, Berkshire, Reino Unido",1897-05-27,Todmorden,Reino Unido,Reino Unido,1967-09-18,Cambridge,Reino Unido,54,Ernest Thomas Sinton Walton,1,1,2,sir-john-douglas-cockcroft,sir-john-douglas-cockcroft,Q62897,https://prizeatlas.org/es/nobel-prize/fisica/1951/sir-john-douglas-cockcroft/,https://prizeatlas.org/nobel-prize/physics/1951/sir-john-douglas-cockcroft/,for their pioneer work on the transmutation of atomic nuclei by artificially accelerated atomic particles,Sir John Douglas Cockcroft,index,Física,Premio Nobel 1951 1/2,1,0,1,0,"Todmorden, Reino Unido",Atomic Energy Research Establishment,"Premio Nobel de Física, 1951",https://www.wikidata.org/wiki/Q62897,1,atomic-energy-research-establishment,ernest-thomas-sinton-walton,2026-09-30,1897,nobel-000264,Male,Individual,Q757600,,A5041782118,,,Sir John Douglas Cockcroft,Atomic Energy Research Establishment,,Q7191,True
Physics,Física,fisica,1952,Edward Mills Purcell,A5084516018,,Q183270,03vek6s52,for their development of new methods for nuclear magnetic precision measurements and discoveries in connection therewith,1/2,0.5,Universidad Harvard,,"Cambridge, Estados Unidos",1912-08-30,"Taylorville, IL",Estados Unidos,Estados Unidos,1997-03-07,"Cambridge, MA",Estados Unidos,40,Felix Bloch,1,1,2,edward-mills-purcell,edward-mills-purcell,Q183270,https://prizeatlas.org/es/nobel-prize/fisica/1952/edward-mills-purcell/,https://prizeatlas.org/nobel-prize/physics/1952/edward-mills-purcell/,for their development of new methods for nuclear magnetic precision measurements and discoveries in connection therewith,Edward Mills Purcell,index,Física,Premio Nobel 1952 1/2,1,0,1,1,"Taylorville, IL, Estados Unidos",Universidad Harvard,"Premio Nobel de Física, 1952",https://www.wikidata.org/wiki/Q183270,1,harvard-university,felix-bloch,2026-09-30,1912,nobel-000272,Male,Individual,Q13371,I136199984,A5084516018,,03vek6s52,Edward Mills Purcell,Harvard University,,Q7191,True
Physics,Física,fisica,1952,Felix Bloch,A5110098200,,Q123022,00f54p054,for their development of new methods for nuclear magnetic precision measurements and discoveries in connection therewith,1/2,0.5,Universidad Stanford,,"Stanford, Estados Unidos",1905-10-23,Zurich,Suiza,Estados Unidos; Suiza,1983-09-10,Zurich,Suiza,47,Edward Mills Purcell,1,1,2,felix-bloch,felix-bloch,Q123022,https://prizeatlas.org/es/nobel-prize/fisica/1952/felix-bloch/,https://prizeatlas.org/nobel-prize/physics/1952/felix-bloch/,for their development of new methods for nuclear magnetic precision measurements and discoveries in connection therewith,Felix Bloch,index,Física,Premio Nobel 1952 1/2,1,0,1,1,"Zurich, Suiza",Universidad Stanford,"Premio Nobel de Física, 1952",https://www.wikidata.org/wiki/Q123022,1,stanford-university,edward-mills-purcell,2026-09-30,1905,nobel-000271,Male,Individual,Q41506,I97018004,A5110098200,,00f54p054,Felix Bloch,Stanford University,,Q7191,True
Physics,Física,fisica,1953,Frits Zernike,A5067247920,,Q188293,012p63287,"for his demonstration of the phase contrast method, especially for his invention of the phase contrast microscope",1/1,1.0,Universidad de Groninga,,"Groningen, Países Bajos",1888-07-16,Amsterdam,Países Bajos,Países Bajos,1966-03-10,Groningen,Países Bajos,65,,0,1,1,frits-zernike,frits-zernike,Q188293,https://prizeatlas.org/es/nobel-prize/fisica/1953/frits-zernike/,https://prizeatlas.org/nobel-prize/physics/1953/frits-zernike/,"for his demonstration of the phase contrast method, especially for his invention of the phase contrast microscope",Frits Zernike,index,Física,Premio Nobel 1953 1/1,1,0,1,1,"Amsterdam, Países Bajos",Universidad de Groninga,"Premio Nobel de Física, 1953",https://www.wikidata.org/wiki/Q188293,1,university-of-groningen,,2026-09-30,1888,nobel-000278,Male,Individual,Q850730,I169381384,A5067247920,,012p63287,Frits Zernike,University of Groningen,,Q7191,True
Physics,Física,fisica,1954,Max Born,A5014976555,0000-0003-4807-0211,Q58978,01nrxwf90,"for his fundamental research in quantum mechanics, especially for his statistical interpretation of the wavefunction",1/2,0.5,Universidad de Edimburgo,,"Edinburgh, Reino Unido",1882-12-11,Breslau (Wroclaw),Polonia,Alemania; Reino Unido,1970-01-05,Göttingen,Alemania,72,Walther Bothe,1,1,1,max-born,max-born,Q58978,https://prizeatlas.org/es/nobel-prize/fisica/1954/max-born/,https://prizeatlas.org/nobel-prize/physics/1954/max-born/,"for his fundamental research in quantum mechanics, especially for his statistical interpretation of the wavefunction",Max Born,index,Física,Premio Nobel 1954 1/2,1,1,1,1,"Breslau (Wroclaw), Polonia",Universidad de Edimburgo,"Premio Nobel de Física, 1954",https://www.wikidata.org/wiki/Q58978,1,university-of-edinburgh,walther-bothe,2026-09-30,1882,nobel-000285,Male,Individual,Q160302,I98677209,A5014976555,0000-0003-4807-0211,01nrxwf90,Max Born,University of Edinburgh,,Q7191,True
Physics,Física,fisica,1954,Walther Bothe,A5108455621,,Q76474,038t36y30,for the coincidence method and his discoveries made therewith,1/2,0.5,Universidad de Heidelberg,,"Heidelberg, Alemania",1891-01-08,Oranienburg,Alemania,Alemania,1957-02-08,Heidelberg,Alemania,63,Max Born,1,2,1,walther-bothe,walther-bothe,Q76474,https://prizeatlas.org/es/nobel-prize/fisica/1954/walther-bothe/,https://prizeatlas.org/nobel-prize/physics/1954/walther-bothe/,for the coincidence method and his discoveries made therewith,Walther Bothe,index,Física,Premio Nobel 1954 1/2,1,0,1,1,"Oranienburg, Alemania",Universidad de Heidelberg,"Premio Nobel de Física, 1954",https://www.wikidata.org/wiki/Q76474,1,university-of-heidelberg,max-born,2026-09-30,1891,nobel-000286,Male,Individual,Q151510,I223822909,A5108455621,,038t36y30,Walther Bothe,University of Heidelberg,,Q7191,True
Physics,Física,fisica,1955,Willis Eugene Lamb,A5026273475,,Q186497,00f54p054,for his discoveries concerning the fine structure of the hydrogen spectrum,1/2,0.5,Universidad Stanford,,"Stanford, Estados Unidos",1913-07-12,"Los Angeles, CA",Estados Unidos,Estados Unidos,2008-05-15,"Tucson, AZ",Estados Unidos,42,Polykarp Kusch,1,1,1,willis-eugene-lamb,willis-eugene-lamb,Q186497,https://prizeatlas.org/es/nobel-prize/fisica/1955/willis-eugene-lamb/,https://prizeatlas.org/nobel-prize/physics/1955/willis-eugene-lamb/,for his discoveries concerning the fine structure of the hydrogen spectrum,Willis Eugene Lamb,index,Física,Premio Nobel 1955 1/2,1,0,1,1,"Los Angeles, CA, Estados Unidos",Universidad Stanford,"Premio Nobel de Física, 1955",https://www.wikidata.org/wiki/Q186497,1,stanford-university,polykarp-kusch,2026-09-30,1913,nobel-000290,Male,Individual,Q41506,I97018004,A5026273475,,00f54p054,Willis Eugene Lamb,Stanford University,,Q7191,True
Physics,Física,fisica,1955,Polykarp Kusch,A5019169301,,Q184571,00hj8s172,for his precision determination of the magnetic moment of the electron,1/2,0.5,Universidad de Columbia,,"New York, Estados Unidos",1911-01-26,Blankenburg,Alemania,Estados Unidos,1993-03-20,"Dallas, TX",Estados Unidos,44,Willis Eugene Lamb,1,2,1,polykarp-kusch,polykarp-kusch,Q184571,https://prizeatlas.org/es/nobel-prize/fisica/1955/polykarp-kusch/,https://prizeatlas.org/nobel-prize/physics/1955/polykarp-kusch/,for his precision determination of the magnetic moment of the electron,Polykarp Kusch,index,Física,Premio Nobel 1955 1/2,1,0,1,1,"Blankenburg, Alemania",Universidad de Columbia,"Premio Nobel de Física, 1955",https://www.wikidata.org/wiki/Q184571,1,columbia-university,willis-eugene-lamb,2026-09-30,1911,nobel-000291,Male,Individual,Q49088,I78577930,A5019169301,,00hj8s172,Polykarp Kusch,Columbia University,,Q7191,True
Physics,Física,fisica,1956,John Bardeen,A5110170702,,Q949,047426m28,for their researches on semiconductors and their discovery of the transistor effect,1/3,0.3333333333333333,Universidad de Illinois en Urbana-Champaign,,"Urbana, Estados Unidos",1908-05-23,"Madison, WI",Estados Unidos,Estados Unidos,1991-01-30,"Boston, MA",Estados Unidos,48,William Bradford Shockley; Walter Houser Brattain,2,1,3,john-bardeen,john-bardeen,Q949,https://prizeatlas.org/es/nobel-prize/fisica/1956/john-bardeen/,https://prizeatlas.org/nobel-prize/physics/1956/john-bardeen/,for their researches on semiconductors and their discovery of the transistor effect,John Bardeen,index,Física,Premio Nobel 1956 1/3,1,0,1,1,"Madison, WI, Estados Unidos",Universidad de Illinois en Urbana-Champaign,"Premio Nobel de Física, 1956",https://www.wikidata.org/wiki/Q949,1,university-of-illinois-urbana-champaign,william-bradford-shockley; walter-houser-brattain,2026-09-30,1908,nobel-000299,Male,Individual,Q457281,I157725225,A5110170702,,047426m28,John Bardeen,University of Illinois Urbana-Champaign,,Q7191,True
Physics,Física,fisica,1956,Walter Houser Brattain,A5013640557,,Q184577,,for their researches on semiconductors and their discovery of the transistor effect,1/3,0.3333333333333333,Bell Labs,,"Murray Hill, Estados Unidos",1902-02-10,Amoy,China,Estados Unidos,1987-10-13,"Seattle, WA",Estados Unidos,54,William Bradford Shockley; John Bardeen,2,1,3,walter-houser-brattain,walter-houser-brattain,Q184577,https://prizeatlas.org/es/nobel-prize/fisica/1956/walter-houser-brattain/,https://prizeatlas.org/nobel-prize/physics/1956/walter-houser-brattain/,for their researches on semiconductors and their discovery of the transistor effect,Walter Houser Brattain,index,Física,Premio Nobel 1956 1/3,1,0,1,0,"Amoy, China",Bell Labs,"Premio Nobel de Física, 1956",https://www.wikidata.org/wiki/Q184577,1,bell-labs,william-bradford-shockley; john-bardeen,2026-09-30,1902,nobel-000300,Male,Individual,Q217365,,A5013640557,,,Walter Houser Brattain,Bell Labs,,Q7191,True
Physics,Física,fisica,1956,William Bradford Shockley,A5043077347,,Q163415,02hr4zq26,for their researches on semiconductors and their discovery of the transistor effect,1/3,0.3333333333333333,Beckman Coulter,"Semiconductor Laboratory of Beckman Instruments, Inc.","Mountain View, Estados Unidos",1910-02-13,London,Reino Unido,Reino Unido; Estados Unidos,1989-08-12,"Palo Alto, CA",Estados Unidos,46,John Bardeen; Walter Houser Brattain,2,1,3,william-bradford-shockley,william-bradford-shockley,Q163415,https://prizeatlas.org/es/nobel-prize/fisica/1956/william-bradford-shockley/,https://prizeatlas.org/nobel-prize/physics/1956/william-bradford-shockley/,for their researches on semiconductors and their discovery of the transistor effect,William Bradford Shockley,index,Física,Premio Nobel 1956 1/3,1,0,1,1,"London, Reino Unido",Beckman Coulter,"Premio Nobel de Física, 1956",https://www.wikidata.org/wiki/Q163415,1,beckman-coulter,john-bardeen; walter-houser-brattain,2026-09-30,1910,nobel-000298,Male,Individual,Q479952,I4387152725,A5043077347,,02hr4zq26,William Bradford Shockley,Beckman Coulter,"Semiconductor Laboratory of Beckman Instruments, Inc.",Q7191,True
Physics,Física,fisica,1957,Chen Ning Yang,A5101822713,0000-0002-3794-7543,Q181369,00f809463,for their penetrating investigation of the so-called parity laws which has led to important discoveries regarding the elementary particles,1/2,0.5,Institute for Advanced Study,,"Princeton, Estados Unidos",1922-09-22,"Hofei, Anhwei",China,China; Estados Unidos; Taiwán,2025-10-18,Beijing,China,35,Tsung-Dao (T.D.) Lee,1,1,2,chen-ning-yang,chen-ning-yang,Q181369,https://prizeatlas.org/es/nobel-prize/fisica/1957/chen-ning-yang/,https://prizeatlas.org/nobel-prize/physics/1957/chen-ning-yang/,for their penetrating investigation of the so-called parity laws which has led to important discoveries regarding the elementary particles,Chen Ning Yang,index,Física,Premio Nobel 1957 1/2,1,1,1,1,"Hofei, Anhwei, China",Institute for Advanced Study,"Premio Nobel de Física, 1957",https://www.wikidata.org/wiki/Q181369,1,institute-for-advanced-study,tsung-dao-t-d-lee,2026-09-30,1922,nobel-000305,Male,Individual,Q635642,I40036882,A5101822713,0000-0002-3794-7543,00f809463,Chen Ning Yang,Institute for Advanced Study,,Q7191,True
Physics,Física,fisica,1957,Tsung-Dao (T.D.) Lee,A5065102787,,Q183679,00hj8s172,for their penetrating investigation of the so-called parity laws which has led to important discoveries regarding the elementary particles,1/2,0.5,Universidad de Columbia,,"New York, Estados Unidos",1926-11-24,Shanghai,China,Estados Unidos; Taiwán,2024-08-04,"San Francisco, CA",Estados Unidos,31,Chen Ning Yang,1,1,2,tsung-dao-t-d-lee,tsung-dao-t-d-lee,Q183679,https://prizeatlas.org/es/nobel-prize/fisica/1957/tsung-dao-t-d-lee/,https://prizeatlas.org/nobel-prize/physics/1957/tsung-dao-t-d-lee/,for their penetrating investigation of the so-called parity laws which has led to important discoveries regarding the elementary particles,Tsung-Dao (T.D.) Lee,index,Física,Premio Nobel 1957 1/2,1,0,1,1,"Shanghai, China",Universidad de Columbia,"Premio Nobel de Física, 1957",https://www.wikidata.org/wiki/Q183679,1,columbia-university,chen-ning-yang,2026-09-30,1926,nobel-000306,Male,Individual,Q49088,I78577930,A5065102787,,00hj8s172,Tsung-Dao (T.D.) Lee,Columbia University,,Q7191,True
Physics,Física,fisica,1958,Igor Yevgenyevich Tamm,A5033389221,,Q155759,010pmpe69,for the discovery and the interpretation of the Cherenkov effect,1/3,0.3333333333333333,Universidad Estatal de Moscú,,"Moscow, Rusia",1895-07-08,Vladivostok,Rusia,Rusia,1971-04-12,Moscow,Rusia,63,Pavel Alekseyevich Cherenkov; Il´ja Mikhailovich Frank,2,1,3,igor-yevgenyevich-tamm,igor-yevgenyevich-tamm,Q155759,https://prizeatlas.org/es/nobel-prize/fisica/1958/igor-yevgenyevich-tamm/,https://prizeatlas.org/nobel-prize/physics/1958/igor-yevgenyevich-tamm/,for the discovery and the interpretation of the Cherenkov effect,Igor Yevgenyevich Tamm,index,Física,Premio Nobel 1958 1/3,1,0,1,1,"Vladivostok, Rusia",Universidad Estatal de Moscú,"Premio Nobel de Física, 1958",https://www.wikidata.org/wiki/Q155759,1,moscow-state-university,pavel-alekseyevich-cherenkov; il-ja-mikhailovich-frank,2026-09-30,1895,nobel-000314,Male,Individual,Q13164,I19880235,A5033389221,,010pmpe69,Igor Yevgenyevich Tamm,Moscow State University,,Q7191,True
Physics,Física,fisica,1958,Il´ja Mikhailovich Frank,A5049807778,,Q192703,010pmpe69,for the discovery and the interpretation of the Cherenkov effect,1/3,0.3333333333333333,Universidad Estatal de Moscú,,"Moscow, Rusia",1908-10-23,Leningrad (Saint Petersburg),Rusia,Rusia,1990-06-22,Moscow,Rusia,50,Pavel Alekseyevich Cherenkov; Igor Yevgenyevich Tamm,2,1,3,il-ja-mikhailovich-frank,il-ja-mikhailovich-frank,Q192703,https://prizeatlas.org/es/nobel-prize/fisica/1958/il-ja-mikhailovich-frank/,https://prizeatlas.org/nobel-prize/physics/1958/il-ja-mikhailovich-frank/,for the discovery and the interpretation of the Cherenkov effect,Il´ja Mikhailovich Frank,index,Física,Premio Nobel 1958 1/3,1,0,1,1,"Leningrad (Saint Petersburg), Rusia",Universidad Estatal de Moscú,"Premio Nobel de Física, 1958",https://www.wikidata.org/wiki/Q192703,1,moscow-state-university,pavel-alekseyevich-cherenkov; igor-yevgenyevich-tamm,2026-09-30,1908,nobel-000315,Male,Individual,Q13164,I19880235,A5049807778,,010pmpe69,Il´ja Mikhailovich Frank,Moscow State University,,Q7191,True
Physics,Física,fisica,1958,Pavel Alekseyevich Cherenkov,A5060050699,,Q76970,01jkd3546,for the discovery and the interpretation of the Cherenkov effect,1/3,0.3333333333333333,Instituto Lébedev de Física,,"Moscow, Rusia",1904-07-28,Novaya Chigla,Rusia,Rusia,1990-01-06,,Rusia,54,Igor Yevgenyevich Tamm; Il´ja Mikhailovich Frank,2,1,3,pavel-alekseyevich-cherenkov,pavel-alekseyevich-cherenkov,Q76970,https://prizeatlas.org/es/nobel-prize/fisica/1958/pavel-alekseyevich-cherenkov/,https://prizeatlas.org/nobel-prize/physics/1958/pavel-alekseyevich-cherenkov/,for the discovery and the interpretation of the Cherenkov effect,Pavel Alekseyevich Cherenkov,index,Física,Premio Nobel 1958 1/3,1,0,1,1,"Novaya Chigla, Rusia",Instituto Lébedev de Física,"Premio Nobel de Física, 1958",https://www.wikidata.org/wiki/Q76970,1,lebedev-physical-institute,igor-yevgenyevich-tamm; il-ja-mikhailovich-frank,2026-09-30,1904,nobel-000313,Male,Individual,Q1810862,I118517470,A5060050699,,01jkd3546,Pavel Alekseyevich Cherenkov,Lebedev Physical Institute,,Q7191,True
Physics,Física,fisica,1959,Emilio Gino Segrè,A5029816247,,Q173028,00pjdza24,for their discovery of the antiproton,1/2,0.5,Universidad de California,"University of California, Berkeley","Berkeley, Estados Unidos",1905-02-01,Tivoli,Italia,Estados Unidos; Italia,1989-04-22,"Lafayette, CA",Estados Unidos,54,Owen Chamberlain,1,1,2,emilio-gino-segre,emilio-gino-segre,Q173028,https://prizeatlas.org/es/nobel-prize/fisica/1959/emilio-gino-segre/,https://prizeatlas.org/nobel-prize/physics/1959/emilio-gino-segre/,for their discovery of the antiproton,Emilio Gino Segrè,index,Física,Premio Nobel 1959 1/2,1,0,1,1,"Tivoli, Italia",Universidad de California,"Premio Nobel de Física, 1959",https://www.wikidata.org/wiki/Q173028,1,university-of-california,owen-chamberlain,2026-09-30,1905,nobel-000321,Male,Individual,Q184478,I2803209242,A5029816247,,00pjdza24,Emilio Gino Segrè,University of California,"University of California, Berkeley",Q7191,True
Physics,Física,fisica,1959,Owen Chamberlain,A5042538706,,Q183655,00pjdza24,for their discovery of the antiproton,1/2,0.5,Universidad de California,"University of California, Berkeley","Berkeley, Estados Unidos",1920-07-10,"San Francisco, CA",Estados Unidos,Estados Unidos,2006-02-28,"Berkeley, CA",Estados Unidos,39,Emilio Gino Segrè,1,1,2,owen-chamberlain,owen-chamberlain,Q183655,https://prizeatlas.org/es/nobel-prize/fisica/1959/owen-chamberlain/,https://prizeatlas.org/nobel-prize/physics/1959/owen-chamberlain/,for their discovery of the antiproton,Owen Chamberlain,index,Física,Premio Nobel 1959 1/2,1,0,1,1,"San Francisco, CA, Estados Unidos",Universidad de California,"Premio Nobel de Física, 1959",https://www.wikidata.org/wiki/Q183655,1,university-of-california,emilio-gino-segre,2026-09-30,1920,nobel-000322,Male,Individual,Q184478,I2803209242,A5042538706,,00pjdza24,Owen Chamberlain,University of California,"University of California, Berkeley",Q7191,True
Physics,Física,fisica,1960,Donald Arthur Glaser,A5079370543,,Q80905,00pjdza24,for the invention of the bubble chamber,1/1,1.0,Universidad de California,"University of California, Berkeley","Berkeley, Estados Unidos",1926-09-21,"Cleveland, OH",Estados Unidos,Estados Unidos,2013-02-28,"Berkeley, CA",Estados Unidos,34,,0,1,1,donald-arthur-glaser,donald-arthur-glaser,Q80905,https://prizeatlas.org/es/nobel-prize/fisica/1960/donald-arthur-glaser/,https://prizeatlas.org/nobel-prize/physics/1960/donald-arthur-glaser/,for the invention of the bubble chamber,Donald Arthur Glaser,index,Física,Premio Nobel 1960 1/1,1,0,1,1,"Cleveland, OH, Estados Unidos",Universidad de California,"Premio Nobel de Física, 1960",https://www.wikidata.org/wiki/Q80905,1,university-of-california,,2026-09-30,1926,nobel-000328,Male,Individual,Q184478,I2803209242,A5079370543,,00pjdza24,Donald Arthur Glaser,University of California,"University of California, Berkeley",Q7191,True
Physics,Física,fisica,1961,Robert Hofstadter,A5014383473,,Q130113,00f54p054,for his pioneering studies of electron scattering in atomic nuclei and for his thereby achieved discoveries concerning the structure of the nucleons,1/2,0.5,Universidad Stanford,,"Stanford, Estados Unidos",1915-02-05,"New York, NY",Estados Unidos,Estados Unidos,1990-11-17,"Stanford, CA",Estados Unidos,46,Rudolf Ludwig Mössbauer,1,1,1,robert-hofstadter,robert-hofstadter,Q130113,https://prizeatlas.org/es/nobel-prize/fisica/1961/robert-hofstadter/,https://prizeatlas.org/nobel-prize/physics/1961/robert-hofstadter/,for his pioneering studies of electron scattering in atomic nuclei and for his thereby achieved discoveries concerning the structure of the nucleons,Robert Hofstadter,index,Física,Premio Nobel 1961 1/2,1,0,1,1,"New York, NY, Estados Unidos",Universidad Stanford,"Premio Nobel de Física, 1961",https://www.wikidata.org/wiki/Q130113,1,stanford-university,rudolf-ludwig-mossbauer,2026-09-30,1915,nobel-000333,Male,Individual,Q41506,I97018004,A5014383473,,00f54p054,Robert Hofstadter,Stanford University,,Q7191,True
Physics,Física,fisica,1961,Rudolf Ludwig Mössbauer,A5090789783,,Q44286,02kkvpp62,for his researches concerning the resonance absorption of gamma radiation and his discovery in this connection of the effect which bears his name,1/2,0.5,Universidad Técnica de Múnich,,"Munich, Alemania",1929-01-31,Munich,Alemania,Alemania,2011-09-14,,,32,Robert Hofstadter,1,2,1,rudolf-ludwig-mossbauer,rudolf-ludwig-mossbauer,Q44286,https://prizeatlas.org/es/nobel-prize/fisica/1961/rudolf-ludwig-mossbauer/,https://prizeatlas.org/nobel-prize/physics/1961/rudolf-ludwig-mossbauer/,for his researches concerning the resonance absorption of gamma radiation and his discovery in this connection of the effect which bears his name,Rudolf Ludwig Mössbauer,index,Física,Premio Nobel 1961 1/2,1,0,1,1,"Munich, Alemania",Universidad Técnica de Múnich,"Premio Nobel de Física, 1961",https://www.wikidata.org/wiki/Q44286,1,technical-university-of-munich,robert-hofstadter,2026-09-30,1929,nobel-000334,Male,Individual,Q157808,I62916508,A5090789783,,02kkvpp62,Rudolf Ludwig Mössbauer,Technical University of Munich,,Q7191,True
Physics,Física,fisica,1962,Lev Davidovich Landau,A5109036612,,Q133267,,"for his pioneering theories for condensed matter, especially liquid helium",1/1,1.0,academia de ciencias,,"Moscow, Rusia",1908-01-22,Baku,Azerbaiyán,Azerbaiyán,1968-04-01,Moscow,Rusia,54,,0,1,1,lev-davidovich-landau,lev-davidovich-landau,Q133267,https://prizeatlas.org/es/nobel-prize/fisica/1962/lev-davidovich-landau/,https://prizeatlas.org/nobel-prize/physics/1962/lev-davidovich-landau/,"for his pioneering theories for condensed matter, especially liquid helium",Lev Davidovich Landau,index,Física,Premio Nobel 1962 1/1,1,0,1,0,"Baku, Azerbaiyán",academia de ciencias,"Premio Nobel de Física, 1962",https://www.wikidata.org/wiki/Q133267,1,academy-of-sciences,,2026-09-30,1908,nobel-000342,Male,Individual,Q414147,,A5109036612,,,Lev Davidovich Landau,Academy of Sciences,,Q7191,True
Physics,Física,fisica,1963,Eugene Paul Wigner,A5006868097,,Q155790,00hx57361,"for his contributions to the theory of the atomic nucleus and the elementary particles, particularly through the discovery and application of fundamental symmetry principles",1/2,0.5,Universidad de Princeton,,"Princeton, Estados Unidos",1902-11-17,Budapest,Hungría,Hungría; Estados Unidos,1995-01-01,"Princeton, NJ",Estados Unidos,61,Maria Goeppert Mayer; J. Hans D. Jensen,2,1,1,eugene-paul-wigner,eugene-paul-wigner,Q155790,https://prizeatlas.org/es/nobel-prize/fisica/1963/eugene-paul-wigner/,https://prizeatlas.org/nobel-prize/physics/1963/eugene-paul-wigner/,"for his contributions to the theory of the atomic nucleus and the elementary particles, particularly through the discovery and application of fundamental symmetry principles",Eugene Paul Wigner,index,Física,Premio Nobel 1963 1/2,1,0,1,1,"Budapest, Hungría",Universidad de Princeton,"Premio Nobel de Física, 1963",https://www.wikidata.org/wiki/Q155790,1,princeton-university,maria-goeppert-mayer; j-hans-d-jensen,2026-09-30,1902,nobel-000351,Male,Individual,Q21578,I20089843,A5006868097,,00hx57361,Eugene Paul Wigner,Princeton University,,Q7191,True
Physics,Física,fisica,1963,J. Hans D. Jensen,A5033192767,,Q76797,038t36y30,for their discoveries concerning nuclear shell structure,1/4,0.25,Universidad de Heidelberg,,"Heidelberg, Alemania",1907-06-25,Hamburg,Alemania,Alemania,1973-02-11,Heidelberg,Alemania,56,Eugene Paul Wigner; Maria Goeppert Mayer,2,2,2,j-hans-d-jensen,j-hans-d-jensen,Q76797,https://prizeatlas.org/es/nobel-prize/fisica/1963/j-hans-d-jensen/,https://prizeatlas.org/nobel-prize/physics/1963/j-hans-d-jensen/,for their discoveries concerning nuclear shell structure,J. Hans D. Jensen,index,Física,Premio Nobel 1963 1/4,1,0,1,1,"Hamburg, Alemania",Universidad de Heidelberg,"Premio Nobel de Física, 1963",https://www.wikidata.org/wiki/Q76797,1,university-of-heidelberg,eugene-paul-wigner; maria-goeppert-mayer,2026-09-30,1907,nobel-000353,Male,Individual,Q151510,I223822909,A5033192767,,038t36y30,J. Hans D. Jensen,University of Heidelberg,,Q7191,True
Physics,Física,fisica,1963,Maria Goeppert Mayer,A5011711444,,Q57100,00pjdza24,for their discoveries concerning nuclear shell structure,1/4,0.25,Universidad de California,"University of California, San Diego","San Diego, Estados Unidos",1906-06-28,Kattowitz (Katowice),Polonia,Alemania; Estados Unidos,1972-02-20,"San Diego, CA",Estados Unidos,57,Eugene Paul Wigner; J. Hans D. Jensen,2,2,2,maria-goeppert-mayer,maria-goeppert-mayer,Q57100,https://prizeatlas.org/es/nobel-prize/fisica/1963/maria-goeppert-mayer/,https://prizeatlas.org/nobel-prize/physics/1963/maria-goeppert-mayer/,for their discoveries concerning nuclear shell structure,Maria Goeppert Mayer,index,Física,Premio Nobel 1963 1/4,1,0,1,1,"Kattowitz (Katowice), Polonia",Universidad de California,"Premio Nobel de Física, 1963",https://www.wikidata.org/wiki/Q57100,1,university-of-california,eugene-paul-wigner; j-hans-d-jensen,2026-09-30,1906,nobel-000352,Female,Individual,Q184478,I2803209242,A5011711444,,00pjdza24,Maria Goeppert Mayer,University of California,"University of California, San Diego",Q7191,True
Physics,Física,fisica,1964,Aleksandr Mikhailovich Prokhorov,A5031450140,,Q83552,01jkd3546,"for fundamental work in the field of quantum electronics, which has led to the construction of oscillators and amplifiers based on the maser-laser principle",1/4,0.25,Instituto Lébedev de Física,,"Moscow, Rusia",1916-07-11,Atherton,Australia,Rusia,2002-01-08,Moscow,Rusia,48,Charles Hard Townes; Nicolay Gennadiyevich Basov,2,1,3,aleksandr-mikhailovich-prokhorov,aleksandr-mikhailovich-prokhorov,Q83552,https://prizeatlas.org/es/nobel-prize/fisica/1964/aleksandr-mikhailovich-prokhorov/,https://prizeatlas.org/nobel-prize/physics/1964/aleksandr-mikhailovich-prokhorov/,"for fundamental work in the field of quantum electronics, which has led to the construction of oscillators and amplifiers based on the maser-laser principle",Aleksandr Mikhailovich Prokhorov,index,Física,Premio Nobel 1964 1/4,1,0,1,1,"Atherton, Australia",Instituto Lébedev de Física,"Premio Nobel de Física, 1964",https://www.wikidata.org/wiki/Q83552,1,lebedev-physical-institute,charles-hard-townes; nicolay-gennadiyevich-basov,2026-09-30,1916,nobel-000361,Male,Individual,Q1810862,I118517470,A5031450140,,01jkd3546,Aleksandr Mikhailovich Prokhorov,Lebedev Physical Institute,,Q7191,True
Physics,Física,fisica,1964,Charles Hard Townes,A5041614657,,Q184566,042nb2s44,"for fundamental work in the field of quantum electronics, which has led to the construction of oscillators and amplifiers based on the maser-laser principle",1/2,0.5,Instituto Tecnológico de Massachusetts,,"Cambridge, Estados Unidos",1915-07-28,"Greenville, SC",Estados Unidos,Estados Unidos,2015-01-27,"Berkeley, CA",Estados Unidos,49,Nicolay Gennadiyevich Basov; Aleksandr Mikhailovich Prokhorov,2,1,3,charles-hard-townes,charles-hard-townes,Q184566,https://prizeatlas.org/es/nobel-prize/fisica/1964/charles-hard-townes/,https://prizeatlas.org/nobel-prize/physics/1964/charles-hard-townes/,"for fundamental work in the field of quantum electronics, which has led to the construction of oscillators and amplifiers based on the maser-laser principle",Charles Hard Townes,index,Física,Premio Nobel 1964 1/2,1,0,1,1,"Greenville, SC, Estados Unidos",Instituto Tecnológico de Massachusetts,"Premio Nobel de Física, 1964",https://www.wikidata.org/wiki/Q184566,1,massachusetts-institute-of-technology,nicolay-gennadiyevich-basov; aleksandr-mikhailovich-prokhorov,2026-09-30,1915,nobel-000359,Male,Individual,Q49108,I63966007,A5041614657,,042nb2s44,Charles Hard Townes,Massachusetts Institute of Technology,,Q7191,True
Physics,Física,fisica,1964,Nicolay Gennadiyevich Basov,A5071723707,,Q83557,01jkd3546,"for fundamental work in the field of quantum electronics, which has led to the construction of oscillators and amplifiers based on the maser-laser principle",1/4,0.25,Instituto Lébedev de Física,,"Moscow, Rusia",1922-12-14,Usman,Rusia,Rusia,2001-07-01,Moscow,Rusia,42,Charles Hard Townes; Aleksandr Mikhailovich Prokhorov,2,1,3,nicolay-gennadiyevich-basov,nicolay-gennadiyevich-basov,Q83557,https://prizeatlas.org/es/nobel-prize/fisica/1964/nicolay-gennadiyevich-basov/,https://prizeatlas.org/nobel-prize/physics/1964/nicolay-gennadiyevich-basov/,"for fundamental work in the field of quantum electronics, which has led to the construction of oscillators and amplifiers based on the maser-laser principle",Nicolay Gennadiyevich Basov,index,Física,Premio Nobel 1964 1/4,1,0,1,1,"Usman, Rusia",Instituto Lébedev de Física,"Premio Nobel de Física, 1964",https://www.wikidata.org/wiki/Q83557,1,lebedev-physical-institute,charles-hard-townes; aleksandr-mikhailovich-prokhorov,2026-09-30,1922,nobel-000360,Male,Individual,Q1810862,I118517470,A5071723707,,01jkd3546,Nicolay Gennadiyevich Basov,Lebedev Physical Institute,,Q7191,True
Physics,Física,fisica,1965,Julian Schwinger,A5088438810,,Q186465,03vek6s52,"for their fundamental work in quantum electrodynamics, with deep-ploughing consequences for the physics of elementary particles",1/3,0.3333333333333333,Universidad Harvard,,"Cambridge, Estados Unidos",1918-02-12,"New York, NY",Estados Unidos,Estados Unidos,1994-07-16,"Los Angeles, CA",Estados Unidos,47,Sin-Itiro Tomonaga; Richard P. Feynman,2,1,3,julian-schwinger,julian-schwinger,Q186465,https://prizeatlas.org/es/nobel-prize/fisica/1965/julian-schwinger/,https://prizeatlas.org/nobel-prize/physics/1965/julian-schwinger/,"for their fundamental work in quantum electrodynamics, with deep-ploughing consequences for the physics of elementary particles",Julian Schwinger,index,Física,Premio Nobel 1965 1/3,1,0,1,1,"New York, NY, Estados Unidos",Universidad Harvard,"Premio Nobel de Física, 1965",https://www.wikidata.org/wiki/Q186465,1,harvard-university,sin-itiro-tomonaga; richard-p-feynman,2026-09-30,1918,nobel-000369,Male,Individual,Q13371,I136199984,A5088438810,,03vek6s52,Julian Schwinger,Harvard University,,Q7191,True
Physics,Física,fisica,1965,Richard P. Feynman,A5037710835,,Q39246,05dxps055,"for their fundamental work in quantum electrodynamics, with deep-ploughing consequences for the physics of elementary particles",1/3,0.3333333333333333,Instituto de Tecnología de California,,"Pasadena, Estados Unidos",1918-05-11,"New York, NY",Estados Unidos,Estados Unidos,1988-02-15,"Los Angeles, CA",Estados Unidos,47,Sin-Itiro Tomonaga; Julian Schwinger,2,1,3,richard-p-feynman,richard-p-feynman,Q39246,https://prizeatlas.org/es/nobel-prize/fisica/1965/richard-p-feynman/,https://prizeatlas.org/nobel-prize/physics/1965/richard-p-feynman/,"for their fundamental work in quantum electrodynamics, with deep-ploughing consequences for the physics of elementary particles",Richard P. Feynman,index,Física,Premio Nobel 1965 1/3,1,0,1,1,"New York, NY, Estados Unidos",Instituto de Tecnología de California,"Premio Nobel de Física, 1965",https://www.wikidata.org/wiki/Q39246,1,california-institute-of-technology,sin-itiro-tomonaga; julian-schwinger,2026-09-30,1918,nobel-000370,Male,Individual,Q161562,I122411786,A5037710835,,05dxps055,Richard P. Feynman,California Institute of Technology,,Q7191,True
Physics,Física,fisica,1965,Sin-Itiro Tomonaga,A5113843719,,Q184563,,"for their fundamental work in quantum electrodynamics, with deep-ploughing consequences for the physics of elementary particles",1/3,0.3333333333333333,Universidad de Educación de Tokio,,"Tokyo, Japón",1906-03-31,Kyoto,Japón,Japón,1979-07-08,Tokyo,Japón,59,Julian Schwinger; Richard P. Feynman,2,1,3,sin-itiro-tomonaga,sin-itiro-tomonaga,Q184563,https://prizeatlas.org/es/nobel-prize/fisica/1965/sin-itiro-tomonaga/,https://prizeatlas.org/nobel-prize/physics/1965/sin-itiro-tomonaga/,"for their fundamental work in quantum electrodynamics, with deep-ploughing consequences for the physics of elementary particles",Sin-Itiro Tomonaga,index,Física,Premio Nobel 1965 1/3,1,0,1,0,"Kyoto, Japón",Universidad de Educación de Tokio,"Premio Nobel de Física, 1965",https://www.wikidata.org/wiki/Q184563,1,tokyo-university-of-education,julian-schwinger; richard-p-feynman,2026-09-30,1906,nobel-000368,Male,Individual,Q11524880,,A5113843719,,,Sin-Itiro Tomonaga,Tokyo University of Education,,Q7191,True
Physics,Física,fisica,1966,Alfred Kastler,A5108712478,,Q71023,05a0dhs15,for the discovery and development of optical methods for studying Hertzian resonances in atoms,1/1,1.0,Escuela Normal Superior de París,,"Paris, Francia",1902-05-03,Guebwiller,Francia,Francia,1984-01-07,Bandol,Francia,64,,0,1,1,alfred-kastler,alfred-kastler,Q71023,https://prizeatlas.org/es/nobel-prize/fisica/1966/alfred-kastler/,https://prizeatlas.org/nobel-prize/physics/1966/alfred-kastler/,for the discovery and development of optical methods for studying Hertzian resonances in atoms,Alfred Kastler,index,Física,Premio Nobel 1966 1/1,1,0,1,1,"Guebwiller, Francia",Escuela Normal Superior de París,"Premio Nobel de Física, 1966",https://www.wikidata.org/wiki/Q71023,1,ecole-normale-superieure,,2026-09-30,1902,nobel-000376,Male,Individual,Q83259,I29607241,A5108712478,,05a0dhs15,Alfred Kastler,École Normale Supérieure,,Q7191,True
Physics,Física,fisica,1967,Hans Albrecht Bethe,A5075738642,,Q155794,05bnh6r87,"for his contributions to the theory of nuclear reactions, especially his discoveries concerning the energy production in stars",1/1,1.0,Universidad Cornell,,"Ithaca, Estados Unidos",1906-07-02,Strassburg (Strasbourg),Francia,Alemania; Estados Unidos,2005-03-06,"Ithaca, NY",Estados Unidos,61,,0,1,1,hans-albrecht-bethe,hans-albrecht-bethe,Q155794,https://prizeatlas.org/es/nobel-prize/fisica/1967/hans-albrecht-bethe/,https://prizeatlas.org/nobel-prize/physics/1967/hans-albrecht-bethe/,"for his contributions to the theory of nuclear reactions, especially his discoveries concerning the energy production in stars",Hans Albrecht Bethe,index,Física,Premio Nobel 1967 1/1,1,0,1,1,"Strassburg (Strasbourg), Francia",Universidad Cornell,"Premio Nobel de Física, 1967",https://www.wikidata.org/wiki/Q155794,1,cornell-university,,2026-09-30,1906,nobel-000384,Male,Individual,Q49115,I205783295,A5075738642,,05bnh6r87,Hans Albrecht Bethe,Cornell University,,Q7191,True
Physics,Física,fisica,1968,Luis Walter Alvarez,A5103959892,,Q178344,00pjdza24,"for his decisive contributions to elementary particle physics, in particular the discovery of a large number of resonance states, made possible through his development of the technique of using hydrogen bubble chamber and data analysis",1/1,1.0,Universidad de California,"University of California, Berkeley","Berkeley, Estados Unidos",1911-06-13,"San Francisco, CA",Estados Unidos,Estados Unidos,1988-09-01,"Berkeley, CA",Estados Unidos,57,,0,1,1,luis-walter-alvarez,luis-walter-alvarez,Q178344,https://prizeatlas.org/es/nobel-prize/fisica/1968/luis-walter-alvarez/,https://prizeatlas.org/nobel-prize/physics/1968/luis-walter-alvarez/,"for his decisive contributions to elementary particle physics, in particular the discovery of a large number of resonance states, made possible through his development of the technique of using hydrogen bubble chamber and data analysis",Luis Walter Alvarez,index,Física,Premio Nobel 1968 1/1,1,0,1,1,"San Francisco, CA, Estados Unidos",Universidad de California,"Premio Nobel de Física, 1968",https://www.wikidata.org/wiki/Q178344,1,university-of-california,,2026-09-30,1911,nobel-000391,Male,Individual,Q184478,I2803209242,A5103959892,,00pjdza24,Luis Walter Alvarez,University of California,"University of California, Berkeley",Q7191,True
Physics,Física,fisica,1969,Murray Gell-Mann,A5017032627,,Q172840,05dxps055,for his contributions and discoveries concerning the classification of elementary particles and their interactions,1/1,1.0,Instituto de Tecnología de California,,"Pasadena, Estados Unidos",1929-09-15,"New York, NY",Estados Unidos,Estados Unidos,2019-05-24,"Santa Fe, NM",Estados Unidos,40,,0,1,1,murray-gell-mann,murray-gell-mann,Q172840,https://prizeatlas.org/es/nobel-prize/fisica/1969/murray-gell-mann/,https://prizeatlas.org/nobel-prize/physics/1969/murray-gell-mann/,for his contributions and discoveries concerning the classification of elementary particles and their interactions,Murray Gell-Mann,index,Física,Premio Nobel 1969 1/1,1,0,1,1,"New York, NY, Estados Unidos",Instituto de Tecnología de California,"Premio Nobel de Física, 1969",https://www.wikidata.org/wiki/Q172840,1,california-institute-of-technology,,2026-09-30,1929,nobel-000401,Male,Individual,Q161562,I122411786,A5017032627,,05dxps055,Murray Gell-Mann,California Institute of Technology,,Q7191,True
Physics,Física,fisica,1970,Hannes Olof Gösta Alfvén,A5110126522,,Q54945,026vcq606,for fundamental work and discoveries in magnetohydro-dynamics with fruitful applications in different parts of plasma physics,1/2,0.5,Real Universidad Politécnica,,"Stockholm, Suecia",1908-05-30,Norrköping,Suecia,Suecia,1995-04-02,Djursholm,Suecia,62,Louis Eugène Félix Néel,1,1,1,hannes-olof-gosta-alfven,hannes-olof-gosta-alfven,Q54945,https://prizeatlas.org/es/nobel-prize/fisica/1970/hannes-olof-gosta-alfven/,https://prizeatlas.org/nobel-prize/physics/1970/hannes-olof-gosta-alfven/,for fundamental work and discoveries in magnetohydro-dynamics with fruitful applications in different parts of plasma physics,Hannes Olof Gösta Alfvén,index,Física,Premio Nobel 1970 1/2,1,0,1,1,"Norrköping, Suecia",Real Universidad Politécnica,"Premio Nobel de Física, 1970",https://www.wikidata.org/wiki/Q54945,1,royal-institute-of-technology,louis-eugene-felix-neel,2026-09-30,1908,nobel-000409,Male,Individual,Q854280,I86987016,A5110126522,,026vcq606,Hannes Olof Gösta Alfvén,Royal Institute of Technology,,Q7191,True
Physics,Física,fisica,1970,Louis Eugène Félix Néel,A5027927828,,Q155781,,for fundamental work and discoveries concerning antiferromagnetism and ferrimagnetism which have led to important applications in solid state physics,1/2,0.5,Universidad de Grenoble,,"Grenoble, Francia",1904-11-22,Lyon,Francia,Francia,2000-11-17,Brive-Corrèze,Francia,66,Hannes Olof Gösta Alfvén,1,2,1,louis-eugene-felix-neel,louis-eugene-felix-neel,Q155781,https://prizeatlas.org/es/nobel-prize/fisica/1970/louis-eugene-felix-neel/,https://prizeatlas.org/nobel-prize/physics/1970/louis-eugene-felix-neel/,for fundamental work and discoveries concerning antiferromagnetism and ferrimagnetism which have led to important applications in solid state physics,Louis Eugène Félix Néel,index,Física,Premio Nobel 1970 1/2,1,0,1,0,"Lyon, Francia",Universidad de Grenoble,"Premio Nobel de Física, 1970",https://www.wikidata.org/wiki/Q155781,1,university-of-grenoble,hannes-olof-gosta-alfven,2026-09-30,1904,nobel-000410,Male,Individual,Q67184105,,A5027927828,,,Louis Eugène Félix Néel,University of Grenoble,,Q7191,True
Physics,Física,fisica,1971,Dennis Gabor,A5044944912,,Q155786,041kmwe10,for his invention and development of the holographic method,1/1,1.0,Escuela Imperial de Londres,,"London, Reino Unido",1900-06-05,Budapest,Hungría,Hungría; Reino Unido,1979-02-08,London,Reino Unido,71,,0,1,1,dennis-gabor,dennis-gabor,Q155786,https://prizeatlas.org/es/nobel-prize/fisica/1971/dennis-gabor/,https://prizeatlas.org/nobel-prize/physics/1971/dennis-gabor/,for his invention and development of the holographic method,Dennis Gabor,index,Física,Premio Nobel 1971 1/1,1,0,1,1,"Budapest, Hungría",Escuela Imperial de Londres,"Premio Nobel de Física, 1971",https://www.wikidata.org/wiki/Q155786,1,imperial-college-london,,2026-09-30,1900,nobel-000416,Male,Individual,Q189022,I47508984,A5044944912,,041kmwe10,Dennis Gabor,Imperial College London,,Q7191,True
Physics,Física,fisica,1972,John Bardeen,A5110170702,,Q949,047426m28,"for their jointly developed theory of superconductivity, usually called the BCS-theory",1/3,0.3333333333333333,Universidad de Illinois en Urbana-Champaign,,"Urbana, Estados Unidos",1908-05-23,"Madison, WI",Estados Unidos,Estados Unidos,1991-01-30,"Boston, MA",Estados Unidos,64,Leon Neil Cooper; John Robert Schrieffer,2,1,3,john-bardeen,john-bardeen,Q949,https://prizeatlas.org/es/nobel-prize/fisica/1972/john-bardeen/,https://prizeatlas.org/nobel-prize/physics/1972/john-bardeen/,"for their jointly developed theory of superconductivity, usually called the BCS-theory",John Bardeen,index,Física,Premio Nobel 1972 1/3,1,0,1,1,"Madison, WI, Estados Unidos",Universidad de Illinois en Urbana-Champaign,"Premio Nobel de Física, 1972",https://www.wikidata.org/wiki/Q949,1,university-of-illinois-urbana-champaign,leon-neil-cooper; john-robert-schrieffer,2026-09-30,1908,nobel-000425,Male,Individual,Q457281,I157725225,A5110170702,,047426m28,John Bardeen,University of Illinois Urbana-Champaign,,Q7191,True
Physics,Física,fisica,1972,John Robert Schrieffer,A5065234398,,Q153201,00b30xv10,"for their jointly developed theory of superconductivity, usually called the BCS-theory",1/3,0.3333333333333333,Universidad de Pensilvania,,"Philadelphia, Estados Unidos",1931-05-31,"Oak Park, IL",Estados Unidos,Estados Unidos,2019-07-27,"Tallahassee, FL",Estados Unidos,41,John Bardeen; Leon Neil Cooper,2,1,3,john-robert-schrieffer,john-robert-schrieffer,Q153201,https://prizeatlas.org/es/nobel-prize/fisica/1972/john-robert-schrieffer/,https://prizeatlas.org/nobel-prize/physics/1972/john-robert-schrieffer/,"for their jointly developed theory of superconductivity, usually called the BCS-theory",John Robert Schrieffer,index,Física,Premio Nobel 1972 1/3,1,0,1,1,"Oak Park, IL, Estados Unidos",Universidad de Pensilvania,"Premio Nobel de Física, 1972",https://www.wikidata.org/wiki/Q153201,1,university-of-pennsylvania,john-bardeen; leon-neil-cooper,2026-09-30,1931,nobel-000427,Male,Individual,Q49117,I79576946,A5065234398,,00b30xv10,John Robert Schrieffer,University of Pennsylvania,,Q7191,True
Physics,Física,fisica,1972,Leon Neil Cooper,A5109971261,,Q82563,05gq02987,"for their jointly developed theory of superconductivity, usually called the BCS-theory",1/3,0.3333333333333333,Universidad Brown,,"Providence, Estados Unidos",1930-02-28,"New York, NY",Estados Unidos,Estados Unidos,2024-10-23,"Providence, RI",Estados Unidos,42,John Bardeen; John Robert Schrieffer,2,1,3,leon-neil-cooper,leon-neil-cooper,Q82563,https://prizeatlas.org/es/nobel-prize/fisica/1972/leon-neil-cooper/,https://prizeatlas.org/nobel-prize/physics/1972/leon-neil-cooper/,"for their jointly developed theory of superconductivity, usually called the BCS-theory",Leon Neil Cooper,index,Física,Premio Nobel 1972 1/3,1,0,1,1,"New York, NY, Estados Unidos",Universidad Brown,"Premio Nobel de Física, 1972",https://www.wikidata.org/wiki/Q82563,1,brown-university,john-bardeen; john-robert-schrieffer,2026-09-30,1930,nobel-000426,Male,Individual,Q49114,I27804330,A5109971261,,05gq02987,Leon Neil Cooper,Brown University,,Q7191,True
Physics,Física,fisica,1973,Ivar Giaever,A5074066171,,Q192688,013msgt25,"for their experimental discoveries regarding tunneling phenomena in semiconductors and superconductors, respectively",1/4,0.25,General Electric,,"Schenectady, Estados Unidos",1929-04-05,Bergen,Noruega,Noruega; Estados Unidos,2025-06-20,"Schenectady, NY",Estados Unidos,44,Leo Esaki; Brian David Josephson,2,1,2,ivar-giaever,ivar-giaever,Q192688,https://prizeatlas.org/es/nobel-prize/fisica/1973/ivar-giaever/,https://prizeatlas.org/nobel-prize/physics/1973/ivar-giaever/,"for their experimental discoveries regarding tunneling phenomena in semiconductors and superconductors, respectively",Ivar Giaever,index,Física,Premio Nobel 1973 1/4,1,0,1,1,"Bergen, Noruega",General Electric,"Premio Nobel de Física, 1973",https://www.wikidata.org/wiki/Q192688,1,general-electric-company,leo-esaki; brian-david-josephson,2026-09-30,1929,nobel-000438,Male,Individual,Q54173,I1332737386,A5074066171,,013msgt25,Ivar Giaever,General Electric Company,,Q7191,True
Physics,Física,fisica,1973,Leo Esaki,A5086299514,,Q179852,0265w5591,"for their experimental discoveries regarding tunneling phenomena in semiconductors and superconductors, respectively",1/4,0.25,IBM Thomas J. Watson Research Center,,"Yorktown Heights, Estados Unidos",1925-03-12,Osaka,Japón,Japón,,,,48,Ivar Giaever; Brian David Josephson,2,1,2,leo-esaki,leo-esaki,Q179852,https://prizeatlas.org/es/nobel-prize/fisica/1973/leo-esaki/,https://prizeatlas.org/nobel-prize/physics/1973/leo-esaki/,"for their experimental discoveries regarding tunneling phenomena in semiconductors and superconductors, respectively",Leo Esaki,index,Física,Premio Nobel 1973 1/4,1,0,1,1,"Osaka, Japón",IBM Thomas J. Watson Research Center,"Premio Nobel de Física, 1973",https://www.wikidata.org/wiki/Q179852,1,thomas-j-watson-research-center,ivar-giaever; brian-david-josephson,2026-09-30,1925,nobel-000437,Male,Individual,Q476208,I4210114115,A5086299514,,0265w5591,Leo Esaki,Thomas J. Watson Research Center,,Q7191,True
Physics,Física,fisica,1973,Brian David Josephson,A5101426062,0000-0001-9104-4700,Q181363,013meh722,"for his theoretical predictions of the properties of a supercurrent through a tunnel barrier, in particular those phenomena which are generally known as the Josephson effects",1/2,0.5,Universidad de Cambridge,,"Cambridge, Reino Unido",1940-01-04,Cardiff,Reino Unido,Reino Unido,,,,33,Leo Esaki; Ivar Giaever,2,2,1,brian-david-josephson,brian-david-josephson,Q181363,https://prizeatlas.org/es/nobel-prize/fisica/1973/brian-david-josephson/,https://prizeatlas.org/nobel-prize/physics/1973/brian-david-josephson/,"for his theoretical predictions of the properties of a supercurrent through a tunnel barrier, in particular those phenomena which are generally known as the Josephson effects",Brian David Josephson,index,Física,Premio Nobel 1973 1/2,1,1,1,1,"Cardiff, Reino Unido",Universidad de Cambridge,"Premio Nobel de Física, 1973",https://www.wikidata.org/wiki/Q181363,1,university-of-cambridge,leo-esaki; ivar-giaever,2026-09-30,1940,nobel-000439,Male,Individual,Q35794,I241749,A5101426062,0000-0001-9104-4700,013meh722,Brian David Josephson,University of Cambridge,,Q7191,True
Physics,Física,fisica,1974,Antony Hewish,A5043581834,,Q189990,013meh722,"for their pioneering research in radio astrophysics: Ryle for his observations and inventions, in particular of the aperture synthesis technique, and Hewish for his decisive role in the discovery of pulsars",1/2,0.5,Universidad de Cambridge,,"Cambridge, Reino Unido",1924-05-11,Fowey,Reino Unido,Reino Unido,2021-09-13,,,50,Sir Martin Ryle,1,1,2,antony-hewish,antony-hewish,Q189990,https://prizeatlas.org/es/nobel-prize/fisica/1974/antony-hewish/,https://prizeatlas.org/nobel-prize/physics/1974/antony-hewish/,"for their pioneering research in radio astrophysics: Ryle for his observations and inventions, in particular of the aperture synthesis technique, and Hewish for his decisive role in the discovery of pulsars",Antony Hewish,index,Física,Premio Nobel 1974 1/2,1,0,1,1,"Fowey, Reino Unido",Universidad de Cambridge,"Premio Nobel de Física, 1974",https://www.wikidata.org/wiki/Q189990,1,university-of-cambridge,sir-martin-ryle,2026-09-30,1924,nobel-000451,Male,Individual,Q35794,I241749,A5043581834,,013meh722,Antony Hewish,University of Cambridge,,Q7191,True
Physics,Física,fisica,1974,Sir Martin Ryle,A5096232385,,Q190766,013meh722,"for their pioneering research in radio astrophysics: Ryle for his observations and inventions, in particular of the aperture synthesis technique, and Hewish for his decisive role in the discovery of pulsars",1/2,0.5,Universidad de Cambridge,,"Cambridge, Reino Unido",1918-09-27,Brighton,Reino Unido,Reino Unido,1984-10-14,Cambridge,Reino Unido,56,Antony Hewish,1,1,2,sir-martin-ryle,sir-martin-ryle,Q190766,https://prizeatlas.org/es/nobel-prize/fisica/1974/sir-martin-ryle/,https://prizeatlas.org/nobel-prize/physics/1974/sir-martin-ryle/,"for their pioneering research in radio astrophysics: Ryle for his observations and inventions, in particular of the aperture synthesis technique, and Hewish for his decisive role in the discovery of pulsars",Sir Martin Ryle,index,Física,Premio Nobel 1974 1/2,1,0,1,1,"Brighton, Reino Unido",Universidad de Cambridge,"Premio Nobel de Física, 1974",https://www.wikidata.org/wiki/Q190766,1,university-of-cambridge,antony-hewish,2026-09-30,1918,nobel-000450,Male,Individual,Q35794,I241749,A5096232385,,013meh722,Sir Martin Ryle,University of Cambridge,,Q7191,True
Physics,Física,fisica,1975,Aage Niels Bohr,A5103347189,,Q103854,035b05819,for the discovery of the connection between collective motion and particle motion in atomic nuclei and the development of the theory of the structure of the atomic nucleus based on this connection,1/3,0.3333333333333333,Universidad de Copenhague,Niels Bohr Institute,"Copenhagen, Dinamarca",1922-06-19,Copenhagen,Dinamarca,Dinamarca,2009-09-08,Copenhagen,Dinamarca,53,Ben Roy Mottelson; Leo James Rainwater,2,1,3,aage-niels-bohr,aage-niels-bohr,Q103854,https://prizeatlas.org/es/nobel-prize/fisica/1975/aage-niels-bohr/,https://prizeatlas.org/nobel-prize/physics/1975/aage-niels-bohr/,for the discovery of the connection between collective motion and particle motion in atomic nuclei and the development of the theory of the structure of the atomic nucleus based on this connection,Aage Niels Bohr,index,Física,Premio Nobel 1975 1/3,1,0,1,1,"Copenhagen, Dinamarca",Universidad de Copenhague,"Premio Nobel de Física, 1975",https://www.wikidata.org/wiki/Q103854,1,university-of-copenhagen,ben-roy-mottelson; leo-james-rainwater,2026-09-30,1922,nobel-000461,Male,Individual,Q186285,I124055696,A5103347189,,035b05819,Aage Niels Bohr,University of Copenhagen,Niels Bohr Institute,Q7191,True
Physics,Física,fisica,1975,Ben Roy Mottelson,A5129310364,,Q107423,03r06fs10,for the discovery of the connection between collective motion and particle motion in atomic nuclei and the development of the theory of the structure of the atomic nucleus based on this connection,1/3,0.3333333333333333,Nordita,Nordita,"Copenhagen, Dinamarca",1926-07-09,"Chicago, IL",Estados Unidos,Estados Unidos; Dinamarca,2022-05-13,,,49,Aage Niels Bohr; Leo James Rainwater,2,1,3,ben-roy-mottelson,ben-roy-mottelson,Q107423,https://prizeatlas.org/es/nobel-prize/fisica/1975/ben-roy-mottelson/,https://prizeatlas.org/nobel-prize/physics/1975/ben-roy-mottelson/,for the discovery of the connection between collective motion and particle motion in atomic nuclei and the development of the theory of the structure of the atomic nucleus based on this connection,Ben Roy Mottelson,index,Física,Premio Nobel 1975 1/3,1,0,1,1,"Chicago, IL, Estados Unidos",Nordita,"Premio Nobel de Física, 1975",https://www.wikidata.org/wiki/Q107423,1,nordic-institute-for-theoretical-physics,aage-niels-bohr; leo-james-rainwater,2026-09-30,1926,nobel-000462,Male,Individual,Q950917,I119971240,A5129310364,,03r06fs10,Ben Roy Mottelson,Nordic Institute for Theoretical Physics,Nordita,Q7191,True
Physics,Física,fisica,1975,Leo James Rainwater,A5130148368,,Q190745,00hj8s172,for the discovery of the connection between collective motion and particle motion in atomic nuclei and the development of the theory of the structure of the atomic nucleus based on this connection,1/3,0.3333333333333333,Universidad de Columbia,,"New York, Estados Unidos",1917-12-09,"Council, ID",Estados Unidos,Estados Unidos,1986-03-31,"Yonkers, NY",Estados Unidos,58,Aage Niels Bohr; Ben Roy Mottelson,2,1,3,leo-james-rainwater,leo-james-rainwater,Q190745,https://prizeatlas.org/es/nobel-prize/fisica/1975/leo-james-rainwater/,https://prizeatlas.org/nobel-prize/physics/1975/leo-james-rainwater/,for the discovery of the connection between collective motion and particle motion in atomic nuclei and the development of the theory of the structure of the atomic nucleus based on this connection,Leo James Rainwater,index,Física,Premio Nobel 1975 1/3,1,0,1,1,"Council, ID, Estados Unidos",Universidad de Columbia,"Premio Nobel de Física, 1975",https://www.wikidata.org/wiki/Q190745,1,columbia-university,aage-niels-bohr; ben-roy-mottelson,2026-09-30,1917,nobel-000463,Male,Individual,Q49088,I78577930,A5130148368,,00hj8s172,Leo James Rainwater,Columbia University,,Q7191,True
Physics,Física,fisica,1976,Burton Richter,A5111475116,,Q192106,05gzmn429,for their pioneering work in the discovery of a heavy elementary particle of a new kind,1/2,0.5,SLAC National Accelerator Laboratory,,"Stanford, Estados Unidos",1931-03-22,"Brooklyn, NY",Estados Unidos,Estados Unidos,2018-07-18,"Stanford, CA",Estados Unidos,45,Samuel Chao Chung Ting,1,1,2,burton-richter,burton-richter,Q192106,https://prizeatlas.org/es/nobel-prize/fisica/1976/burton-richter/,https://prizeatlas.org/nobel-prize/physics/1976/burton-richter/,for their pioneering work in the discovery of a heavy elementary particle of a new kind,Burton Richter,index,Física,Premio Nobel 1976 1/2,1,0,1,1,"Brooklyn, NY, Estados Unidos",SLAC National Accelerator Laboratory,"Premio Nobel de Física, 1976",https://www.wikidata.org/wiki/Q192106,1,stanford-linear-accelerator-center,samuel-chao-chung-ting,2026-09-30,1931,nobel-000471,Male,Individual,Q915217,I2801935854,A5111475116,,05gzmn429,Burton Richter,Stanford Linear Accelerator Center,,Q7191,True
Physics,Física,fisica,1976,Samuel Chao Chung Ting,A5000492107,,Q192715,042nb2s44,for their pioneering work in the discovery of a heavy elementary particle of a new kind,1/2,0.5,Instituto Tecnológico de Massachusetts,,"Cambridge, Estados Unidos",1936-01-27,"Ann Arbor, MI",Estados Unidos,Estados Unidos,,,,40,Burton Richter,1,1,2,samuel-chao-chung-ting,samuel-chao-chung-ting,Q192715,https://prizeatlas.org/es/nobel-prize/fisica/1976/samuel-chao-chung-ting/,https://prizeatlas.org/nobel-prize/physics/1976/samuel-chao-chung-ting/,for their pioneering work in the discovery of a heavy elementary particle of a new kind,Samuel Chao Chung Ting,index,Física,Premio Nobel 1976 1/2,1,0,1,1,"Ann Arbor, MI, Estados Unidos",Instituto Tecnológico de Massachusetts,"Premio Nobel de Física, 1976",https://www.wikidata.org/wiki/Q192715,1,massachusetts-institute-of-technology,burton-richter,2026-09-30,1936,nobel-000472,Male,Individual,Q49108,I63966007,A5000492107,,042nb2s44,Samuel Chao Chung Ting,Massachusetts Institute of Technology,,Q7191,True
Physics,Física,fisica,1977,John Hasbrouck van Vleck,A5039188573,,Q193655,03vek6s52,for their fundamental theoretical investigations of the electronic structure of magnetic and disordered systems,1/3,0.3333333333333333,Universidad Harvard,,"Cambridge, Estados Unidos",1899-03-13,"Middletown, CT",Estados Unidos,Estados Unidos,1980-10-27,"Cambridge, MA",Estados Unidos,78,Philip Warren Anderson; Sir Nevill Francis Mott,2,1,3,john-hasbrouck-van-vleck,john-hasbrouck-van-vleck,Q193655,https://prizeatlas.org/es/nobel-prize/fisica/1977/john-hasbrouck-van-vleck/,https://prizeatlas.org/nobel-prize/physics/1977/john-hasbrouck-van-vleck/,for their fundamental theoretical investigations of the electronic structure of magnetic and disordered systems,John Hasbrouck van Vleck,index,Física,Premio Nobel 1977 1/3,1,0,1,1,"Middletown, CT, Estados Unidos",Universidad Harvard,"Premio Nobel de Física, 1977",https://www.wikidata.org/wiki/Q193655,1,harvard-university,philip-warren-anderson; sir-nevill-francis-mott,2026-09-30,1899,nobel-000483,Male,Individual,Q13371,I136199984,A5039188573,,03vek6s52,John Hasbrouck van Vleck,Harvard University,,Q7191,True
Physics,Física,fisica,1977,Philip Warren Anderson,A5075284674,,Q190770,,for their fundamental theoretical investigations of the electronic structure of magnetic and disordered systems,1/3,0.3333333333333333,Bell Labs,,"Murray Hill, Estados Unidos",1923-12-13,"Indianapolis, IN",Estados Unidos,Estados Unidos,2020-03-29,"Princeton, NJ",Estados Unidos,54,Sir Nevill Francis Mott; John Hasbrouck van Vleck,2,1,3,philip-warren-anderson,philip-warren-anderson,Q190770,https://prizeatlas.org/es/nobel-prize/fisica/1977/philip-warren-anderson/,https://prizeatlas.org/nobel-prize/physics/1977/philip-warren-anderson/,for their fundamental theoretical investigations of the electronic structure of magnetic and disordered systems,Philip Warren Anderson,index,Física,Premio Nobel 1977 1/3,1,0,1,0,"Indianapolis, IN, Estados Unidos",Bell Labs,"Premio Nobel de Física, 1977",https://www.wikidata.org/wiki/Q190770,1,bell-labs,sir-nevill-francis-mott; john-hasbrouck-van-vleck,2026-09-30,1923,nobel-000481,Male,Individual,Q217365,,A5075284674,,,Philip Warren Anderson,Bell Labs,,Q7191,True
Physics,Física,fisica,1977,Sir Nevill Francis Mott,A5109562332,,Q189485,013meh722,for their fundamental theoretical investigations of the electronic structure of magnetic and disordered systems,1/3,0.3333333333333333,Universidad de Cambridge,,"Cambridge, Reino Unido",1905-09-30,Leeds,Reino Unido,Reino Unido,1996-08-08,Milton Keynes,Reino Unido,72,Philip Warren Anderson; John Hasbrouck van Vleck,2,1,3,sir-nevill-francis-mott,sir-nevill-francis-mott,Q189485,https://prizeatlas.org/es/nobel-prize/fisica/1977/sir-nevill-francis-mott/,https://prizeatlas.org/nobel-prize/physics/1977/sir-nevill-francis-mott/,for their fundamental theoretical investigations of the electronic structure of magnetic and disordered systems,Sir Nevill Francis Mott,index,Física,Premio Nobel 1977 1/3,1,0,1,1,"Leeds, Reino Unido",Universidad de Cambridge,"Premio Nobel de Física, 1977",https://www.wikidata.org/wiki/Q189485,1,university-of-cambridge,philip-warren-anderson; john-hasbrouck-van-vleck,2026-09-30,1905,nobel-000482,Male,Individual,Q35794,I241749,A5109562332,,013meh722,Sir Nevill Francis Mott,University of Cambridge,,Q7191,True
Physics,Física,fisica,1978,Pyotr Leonidovich Kapitsa,A5109256076,,Q172844,,for his basic inventions and discoveries in the area of low-temperature physics,1/2,0.5,academia de ciencias,,"Moscow, Rusia",1894-07-09,Kronshtadt,Rusia,Rusia,1984-04-08,Moscow,Rusia,84,Arno Allan Penzias; Robert Woodrow Wilson,2,1,1,pyotr-leonidovich-kapitsa,pyotr-leonidovich-kapitsa,Q172844,https://prizeatlas.org/es/nobel-prize/fisica/1978/pyotr-leonidovich-kapitsa/,https://prizeatlas.org/nobel-prize/physics/1978/pyotr-leonidovich-kapitsa/,for his basic inventions and discoveries in the area of low-temperature physics,Pyotr Leonidovich Kapitsa,index,Física,Premio Nobel 1978 1/2,1,0,1,0,"Kronshtadt, Rusia",academia de ciencias,"Premio Nobel de Física, 1978",https://www.wikidata.org/wiki/Q172844,1,academy-of-sciences,arno-allan-penzias; robert-woodrow-wilson,2026-09-30,1894,nobel-000492,Male,Individual,Q414147,,A5109256076,,,Pyotr Leonidovich Kapitsa,Academy of Sciences,,Q7191,True
Physics,Física,fisica,1978,Arno Allan Penzias,A5109860341,,Q172877,,for their discovery of cosmic microwave background radiation,1/4,0.25,Bell Labs,,"Holmdel, Estados Unidos",1933-04-26,Munich,Alemania,Alemania; apátrida; Estados Unidos,2024-01-22,"San Francisco, CA",Estados Unidos,45,Pyotr Leonidovich Kapitsa; Robert Woodrow Wilson,2,2,2,arno-allan-penzias,arno-allan-penzias,Q172877,https://prizeatlas.org/es/nobel-prize/fisica/1978/arno-allan-penzias/,https://prizeatlas.org/nobel-prize/physics/1978/arno-allan-penzias/,for their discovery of cosmic microwave background radiation,Arno Allan Penzias,index,Física,Premio Nobel 1978 1/4,1,0,1,0,"Munich, Alemania",Bell Labs,"Premio Nobel de Física, 1978",https://www.wikidata.org/wiki/Q172877,1,bell-labs,pyotr-leonidovich-kapitsa; robert-woodrow-wilson,2026-09-30,1933,nobel-000493,Male,Individual,Q217365,,A5109860341,,,Arno Allan Penzias,Bell Labs,,Q7191,True
Physics,Física,fisica,1978,Robert Woodrow Wilson,A5028123846,0000-0001-5694-6725,Q171034,,for their discovery of cosmic microwave background radiation,1/4,0.25,Bell Labs,,"Holmdel, Estados Unidos",1936-01-10,"Houston, TX",Estados Unidos,Estados Unidos,,,,42,Pyotr Leonidovich Kapitsa; Arno Allan Penzias,2,2,2,robert-woodrow-wilson,robert-woodrow-wilson,Q171034,https://prizeatlas.org/es/nobel-prize/fisica/1978/robert-woodrow-wilson/,https://prizeatlas.org/nobel-prize/physics/1978/robert-woodrow-wilson/,for their discovery of cosmic microwave background radiation,Robert Woodrow Wilson,index,Física,Premio Nobel 1978 1/4,1,1,1,0,"Houston, TX, Estados Unidos",Bell Labs,"Premio Nobel de Física, 1978",https://www.wikidata.org/wiki/Q171034,1,bell-labs,pyotr-leonidovich-kapitsa; arno-allan-penzias,2026-09-30,1936,nobel-000494,Male,Individual,Q217365,,A5028123846,0000-0001-5694-6725,,Robert Woodrow Wilson,Bell Labs,,Q7191,True
Physics,Física,fisica,1979,Abdus Salam,A5101859682,0000-0002-6251-9575,Q28189,009gyvm78,"for their contributions to the theory of the unified weak and electromagnetic interaction between elementary particles, including, inter alia, the prediction of the weak neutral current",1/3,0.3333333333333333,Centro Internacional de Física Teórica,,"Trieste, Italia",1926-01-29,Jhang Maghiāna,Pakistán,Pakistán,1996-11-21,Oxford,Reino Unido,53,Sheldon Lee Glashow; Steven Weinberg,2,1,3,abdus-salam,abdus-salam,Q28189,https://prizeatlas.org/es/nobel-prize/fisica/1979/abdus-salam/,https://prizeatlas.org/nobel-prize/physics/1979/abdus-salam/,"for their contributions to the theory of the unified weak and electromagnetic interaction between elementary particles, including, inter alia, the prediction of the weak neutral current",Abdus Salam,index,Física,Premio Nobel 1979 1/3,1,1,1,1,"Jhang Maghiāna, Pakistán",Centro Internacional de Física Teórica,"Premio Nobel de Física, 1979",https://www.wikidata.org/wiki/Q28189,1,international-centre-for-theoretical-physics,sheldon-lee-glashow; steven-weinberg,2026-09-30,1926,nobel-000504,Male,Individual,Q1190606,I12323705,A5101859682,0000-0002-6251-9575,009gyvm78,Abdus Salam,International Centre for Theoretical Physics,,Q7191,True
Physics,Física,fisica,1979,Sheldon Lee Glashow,A5071631119,0000-0002-4796-9666,Q107420,03vek6s52,"for their contributions to the theory of the unified weak and electromagnetic interaction between elementary particles, including, inter alia, the prediction of the weak neutral current",1/3,0.3333333333333333,Universidad Harvard,Lyman Laboratory,"Cambridge, Estados Unidos",1932-12-05,"New York, NY",Estados Unidos,Estados Unidos,,,,47,Abdus Salam; Steven Weinberg,2,1,3,sheldon-lee-glashow,sheldon-lee-glashow,Q107420,https://prizeatlas.org/es/nobel-prize/fisica/1979/sheldon-lee-glashow/,https://prizeatlas.org/nobel-prize/physics/1979/sheldon-lee-glashow/,"for their contributions to the theory of the unified weak and electromagnetic interaction between elementary particles, including, inter alia, the prediction of the weak neutral current",Sheldon Lee Glashow,index,Física,Premio Nobel 1979 1/3,1,1,1,1,"New York, NY, Estados Unidos",Universidad Harvard,"Premio Nobel de Física, 1979",https://www.wikidata.org/wiki/Q107420,1,harvard-university,abdus-salam; steven-weinberg,2026-09-30,1932,nobel-000503,Male,Individual,Q13371,I136199984,A5071631119,0000-0002-4796-9666,03vek6s52,Sheldon Lee Glashow,Harvard University,Lyman Laboratory,Q7191,True
Physics,Física,fisica,1979,Steven Weinberg,A5043632498,,Q179282,03vek6s52,"for their contributions to the theory of the unified weak and electromagnetic interaction between elementary particles, including, inter alia, the prediction of the weak neutral current",1/3,0.3333333333333333,Universidad Harvard,,"Cambridge, Estados Unidos",1933-05-03,"New York, NY",Estados Unidos,Estados Unidos,2021-07-23,"Austin, TX",Estados Unidos,46,Sheldon Lee Glashow; Abdus Salam,2,1,3,steven-weinberg,steven-weinberg,Q179282,https://prizeatlas.org/es/nobel-prize/fisica/1979/steven-weinberg/,https://prizeatlas.org/nobel-prize/physics/1979/steven-weinberg/,"for their contributions to the theory of the unified weak and electromagnetic interaction between elementary particles, including, inter alia, the prediction of the weak neutral current",Steven Weinberg,index,Física,Premio Nobel 1979 1/3,1,0,1,1,"New York, NY, Estados Unidos",Universidad Harvard,"Premio Nobel de Física, 1979",https://www.wikidata.org/wiki/Q179282,1,harvard-university,sheldon-lee-glashow; abdus-salam,2026-09-30,1933,nobel-000505,Male,Individual,Q13371,I136199984,A5043632498,,03vek6s52,Steven Weinberg,Harvard University,,Q7191,True
Physics,Física,fisica,1980,James Watson Cronin,A5030051084,,Q193496,024mw5h28,for the discovery of violations of fundamental symmetry principles in the decay of neutral K-mesons,1/2,0.5,Universidad de Chicago,,"Chicago, Estados Unidos",1931-09-29,"Chicago, IL",Estados Unidos,Estados Unidos,2016-08-25,"St. Paul, MN",Estados Unidos,49,Val Logsdon Fitch,1,1,2,james-watson-cronin,james-watson-cronin,Q193496,https://prizeatlas.org/es/nobel-prize/fisica/1980/james-watson-cronin/,https://prizeatlas.org/nobel-prize/physics/1980/james-watson-cronin/,for the discovery of violations of fundamental symmetry principles in the decay of neutral K-mesons,James Watson Cronin,index,Física,Premio Nobel 1980 1/2,1,0,1,1,"Chicago, IL, Estados Unidos",Universidad de Chicago,"Premio Nobel de Física, 1980",https://www.wikidata.org/wiki/Q193496,1,university-of-chicago,val-logsdon-fitch,2026-09-30,1931,nobel-000515,Male,Individual,Q131252,I40347166,A5030051084,,024mw5h28,James Watson Cronin,University of Chicago,,Q7191,True
Physics,Física,fisica,1980,Val Logsdon Fitch,A5112731354,,Q206499,00hx57361,for the discovery of violations of fundamental symmetry principles in the decay of neutral K-mesons,1/2,0.5,Universidad de Princeton,,"Princeton, Estados Unidos",1923-03-10,"Merriman, NE",Estados Unidos,Estados Unidos,2015-02-05,"Princeton, NJ",Estados Unidos,57,James Watson Cronin,1,1,2,val-logsdon-fitch,val-logsdon-fitch,Q206499,https://prizeatlas.org/es/nobel-prize/fisica/1980/val-logsdon-fitch/,https://prizeatlas.org/nobel-prize/physics/1980/val-logsdon-fitch/,for the discovery of violations of fundamental symmetry principles in the decay of neutral K-mesons,Val Logsdon Fitch,index,Física,Premio Nobel 1980 1/2,1,0,1,1,"Merriman, NE, Estados Unidos",Universidad de Princeton,"Premio Nobel de Física, 1980",https://www.wikidata.org/wiki/Q206499,1,princeton-university,james-watson-cronin,2026-09-30,1923,nobel-000516,Male,Individual,Q21578,I20089843,A5112731354,,00hx57361,Val Logsdon Fitch,Princeton University,,Q7191,True
Physics,Física,fisica,1981,Arthur Leonard Schawlow,A5020129164,,Q190503,00f54p054,for their contribution to the development of laser spectroscopy,1/4,0.25,Universidad Stanford,,"Stanford, Estados Unidos",1921-05-05,"Mount Verno, NY",Estados Unidos,Estados Unidos,1999-04-28,"Palo Alto, CA",Estados Unidos,60,Nicolaas Bloembergen; Kai M. Siegbahn,2,1,2,arthur-leonard-schawlow,arthur-leonard-schawlow,Q190503,https://prizeatlas.org/es/nobel-prize/fisica/1981/arthur-leonard-schawlow/,https://prizeatlas.org/nobel-prize/physics/1981/arthur-leonard-schawlow/,for their contribution to the development of laser spectroscopy,Arthur Leonard Schawlow,index,Física,Premio Nobel 1981 1/4,1,0,1,1,"Mount Verno, NY, Estados Unidos",Universidad Stanford,"Premio Nobel de Física, 1981",https://www.wikidata.org/wiki/Q190503,1,stanford-university,nicolaas-bloembergen; kai-m-siegbahn,2026-09-30,1921,nobel-000526,Male,Individual,Q41506,I97018004,A5020129164,,00f54p054,Arthur Leonard Schawlow,Stanford University,,Q7191,True
Physics,Física,fisica,1981,Nicolaas Bloembergen,A5034196416,,Q189987,03vek6s52,for their contribution to the development of laser spectroscopy,1/4,0.25,Universidad Harvard,,"Cambridge, Estados Unidos",1920-03-11,Dordrecht,Países Bajos,Países Bajos; Estados Unidos,2017-09-05,"Tucson, AZ",Estados Unidos,61,Arthur Leonard Schawlow; Kai M. Siegbahn,2,1,2,nicolaas-bloembergen,nicolaas-bloembergen,Q189987,https://prizeatlas.org/es/nobel-prize/fisica/1981/nicolaas-bloembergen/,https://prizeatlas.org/nobel-prize/physics/1981/nicolaas-bloembergen/,for their contribution to the development of laser spectroscopy,Nicolaas Bloembergen,index,Física,Premio Nobel 1981 1/4,1,0,1,1,"Dordrecht, Países Bajos",Universidad Harvard,"Premio Nobel de Física, 1981",https://www.wikidata.org/wiki/Q189987,1,harvard-university,arthur-leonard-schawlow; kai-m-siegbahn,2026-09-30,1920,nobel-000525,Male,Individual,Q13371,I136199984,A5034196416,,03vek6s52,Nicolaas Bloembergen,Harvard University,,Q7191,True
Physics,Física,fisica,1981,Kai M. Siegbahn,A5017996890,,Q192712,048a87296,for his contribution to the development of high-resolution electron spectroscopy,1/2,0.5,Universidad de Upsala,,"Uppsala, Suecia",1918-04-20,Lund,Suecia,Suecia,2007-07-20,Ängelholm,Suecia,63,Nicolaas Bloembergen; Arthur Leonard Schawlow,2,2,1,kai-m-siegbahn,kai-m-siegbahn,Q192712,https://prizeatlas.org/es/nobel-prize/fisica/1981/kai-m-siegbahn/,https://prizeatlas.org/nobel-prize/physics/1981/kai-m-siegbahn/,for his contribution to the development of high-resolution electron spectroscopy,Kai M. Siegbahn,index,Física,Premio Nobel 1981 1/2,1,0,1,1,"Lund, Suecia",Universidad de Upsala,"Premio Nobel de Física, 1981",https://www.wikidata.org/wiki/Q192712,1,uppsala-university,nicolaas-bloembergen; arthur-leonard-schawlow,2026-09-30,1918,nobel-000527,Male,Individual,Q185246,I123387679,A5017996890,,048a87296,Kai M. Siegbahn,Uppsala University,,Q7191,True
Physics,Física,fisica,1982,Kenneth G. Wilson,A5106764096,,Q193503,05bnh6r87,for his theory for critical phenomena in connection with phase transitions,1/1,1.0,Universidad Cornell,,"Ithaca, Estados Unidos",1936-06-08,"Waltham, MA",Estados Unidos,Estados Unidos,2013-06-15,"Saco, ME",Estados Unidos,46,,0,1,1,kenneth-g-wilson,kenneth-g-wilson,Q193503,https://prizeatlas.org/es/nobel-prize/fisica/1982/kenneth-g-wilson/,https://prizeatlas.org/nobel-prize/physics/1982/kenneth-g-wilson/,for his theory for critical phenomena in connection with phase transitions,Kenneth G. Wilson,index,Física,Premio Nobel 1982 1/1,1,0,1,1,"Waltham, MA, Estados Unidos",Universidad Cornell,"Premio Nobel de Física, 1982",https://www.wikidata.org/wiki/Q193503,1,cornell-university,,2026-09-30,1936,nobel-000536,Male,Individual,Q49115,I205783295,A5106764096,,05bnh6r87,Kenneth G. Wilson,Cornell University,,Q7191,True
Physics,Física,fisica,1983,Subramanyan Chandrasekhar,A5110168523,,Q148109,024mw5h28,for his theoretical studies of the physical processes of importance to the structure and evolution of the stars,1/2,0.5,Universidad de Chicago,,"Chicago, Estados Unidos",1910-10-19,Lahore,Pakistán,Estados Unidos; India; Pakistán,1995-08-21,"Chicago, IL",Estados Unidos,73,William Alfred Fowler,1,1,1,subramanyan-chandrasekhar,subramanyan-chandrasekhar,Q148109,https://prizeatlas.org/es/nobel-prize/fisica/1983/subramanyan-chandrasekhar/,https://prizeatlas.org/nobel-prize/physics/1983/subramanyan-chandrasekhar/,for his theoretical studies of the physical processes of importance to the structure and evolution of the stars,Subramanyan Chandrasekhar,index,Física,Premio Nobel 1983 1/2,1,0,1,1,"Lahore, Pakistán",Universidad de Chicago,"Premio Nobel de Física, 1983",https://www.wikidata.org/wiki/Q148109,1,university-of-chicago,william-alfred-fowler,2026-09-30,1910,nobel-000542,Male,Individual,Q131252,I40347166,A5110168523,,024mw5h28,Subramanyan Chandrasekhar,University of Chicago,,Q7191,True
Physics,Física,fisica,1983,William Alfred Fowler,A5110183614,,Q46120,05dxps055,for his theoretical and experimental studies of the nuclear reactions of importance in the formation of the chemical elements in the universe,1/2,0.5,Instituto de Tecnología de California,,"Pasadena, Estados Unidos",1911-08-09,"Pittsburgh, PA",Estados Unidos,Estados Unidos,1995-03-14,"Pasadena, CA",Estados Unidos,72,Subramanyan Chandrasekhar,1,2,1,william-alfred-fowler,william-alfred-fowler,Q46120,https://prizeatlas.org/es/nobel-prize/fisica/1983/william-alfred-fowler/,https://prizeatlas.org/nobel-prize/physics/1983/william-alfred-fowler/,for his theoretical and experimental studies of the nuclear reactions of importance in the formation of the chemical elements in the universe,William Alfred Fowler,index,Física,Premio Nobel 1983 1/2,1,0,1,1,"Pittsburgh, PA, Estados Unidos",Instituto de Tecnología de California,"Premio Nobel de Física, 1983",https://www.wikidata.org/wiki/Q46120,1,california-institute-of-technology,subramanyan-chandrasekhar,2026-09-30,1911,nobel-000543,Male,Individual,Q161562,I122411786,A5110183614,,05dxps055,William Alfred Fowler,California Institute of Technology,,Q7191,True
Physics,Física,fisica,1984,Carlo Rubbia,A5105889392,,Q187199,01ggx4157,"for their decisive contributions to the large project, which led to the discovery of the field particles W and Z, communicators of weak interaction",1/2,0.5,Organización Europea para la Investigación Nuclear,,"Meyrin, Suiza",1934-03-31,Gorizia,Italia,Italia,,Geneva,Suiza,50,Simon van der Meer,1,1,2,carlo-rubbia,carlo-rubbia,Q187199,https://prizeatlas.org/es/nobel-prize/fisica/1984/carlo-rubbia/,https://prizeatlas.org/nobel-prize/physics/1984/carlo-rubbia/,"for their decisive contributions to the large project, which led to the discovery of the field particles W and Z, communicators of weak interaction",Carlo Rubbia,index,Física,Premio Nobel 1984 1/2,1,0,1,1,"Gorizia, Italia",Organización Europea para la Investigación Nuclear,"Premio Nobel de Física, 1984",https://www.wikidata.org/wiki/Q187199,1,cern,simon-van-der-meer,2026-09-30,1934,nobel-000551,Male,Individual,Q42944,I67311998,A5105889392,,01ggx4157,Carlo Rubbia,CERN,,Q7191,True
Physics,Física,fisica,1984,Simon van der Meer,A5014887350,,Q104779,01ggx4157,"for their decisive contributions to the large project, which led to the discovery of the field particles W and Z, communicators of weak interaction",1/2,0.5,Organización Europea para la Investigación Nuclear,,"Meyrin, Suiza",1925-11-24,the Hague,Países Bajos,Países Bajos,2011-03-04,Geneva,Suiza,59,Carlo Rubbia,1,1,2,simon-van-der-meer,simon-van-der-meer,Q104779,https://prizeatlas.org/es/nobel-prize/fisica/1984/simon-van-der-meer/,https://prizeatlas.org/nobel-prize/physics/1984/simon-van-der-meer/,"for their decisive contributions to the large project, which led to the discovery of the field particles W and Z, communicators of weak interaction",Simon van der Meer,index,Física,Premio Nobel 1984 1/2,1,0,1,1,"the Hague, Países Bajos",Organización Europea para la Investigación Nuclear,"Premio Nobel de Física, 1984",https://www.wikidata.org/wiki/Q104779,1,cern,carlo-rubbia,2026-09-30,1925,nobel-000552,Male,Individual,Q42944,I67311998,A5014887350,,01ggx4157,Simon van der Meer,CERN,,Q7191,True
Physics,Física,fisica,1985,Klaus von Klitzing,A5056170134,0000-0002-1720-7396,Q71024,01hhn8329,for the discovery of the quantized Hall effect,1/1,1.0,Sociedad Max Planck,Max Planck Institute for Solid State Research,"Stuttgart, Alemania",1943-06-28,Schroda,Polonia,Alemania,,,,42,,0,1,1,klaus-von-klitzing,klaus-von-klitzing,Q71024,https://prizeatlas.org/es/nobel-prize/fisica/1985/klaus-von-klitzing/,https://prizeatlas.org/nobel-prize/physics/1985/klaus-von-klitzing/,for the discovery of the quantized Hall effect,Klaus von Klitzing,index,Física,Premio Nobel 1985 1/1,1,1,1,1,"Schroda, Polonia",Sociedad Max Planck,"Premio Nobel de Física, 1985",https://www.wikidata.org/wiki/Q71024,1,max-planck-society,,2026-09-30,1943,nobel-000560,Male,Individual,Q158085,I149899117,A5056170134,0000-0002-1720-7396,01hhn8329,Klaus von Klitzing,Max Planck Society,Max Planck Institute for Solid State Research,Q7191,True
Physics,Física,fisica,1986,Ernst Ruska,A5078172315,,Q71022,01hhn8329,"for his fundamental work in electron optics, and for the design of the first electron microscope",1/2,0.5,Sociedad Max Planck,Fritz Haber Institute,"Berlin, Alemania",1906-12-25,Heidelberg,Alemania,Alemania,1988-05-27,West Berlin,Alemania,80,Gerd Binnig; Heinrich Rohrer,2,1,1,ernst-ruska,ernst-ruska,Q71022,https://prizeatlas.org/es/nobel-prize/fisica/1986/ernst-ruska/,https://prizeatlas.org/nobel-prize/physics/1986/ernst-ruska/,"for his fundamental work in electron optics, and for the design of the first electron microscope",Ernst Ruska,index,Física,Premio Nobel 1986 1/2,1,0,1,1,"Heidelberg, Alemania",Sociedad Max Planck,"Premio Nobel de Física, 1986",https://www.wikidata.org/wiki/Q71022,1,max-planck-society,gerd-binnig; heinrich-rohrer,2026-09-30,1906,nobel-000569,Male,Individual,Q158085,I149899117,A5078172315,,01hhn8329,Ernst Ruska,Max Planck Society,Fritz Haber Institute,Q7191,True
Physics,Física,fisica,1986,Gerd Binnig,A5071169826,,Q76766,02js37d36,for their design of the scanning tunneling microscope,1/4,0.25,IBM Zurich Research Laboratory,,"Rüschlikon, Suiza",1947-07-20,Frankfurt-on-the-Main,Alemania,Alemania,,,,39,Ernst Ruska; Heinrich Rohrer,2,2,2,gerd-binnig,gerd-binnig,Q76766,https://prizeatlas.org/es/nobel-prize/fisica/1986/gerd-binnig/,https://prizeatlas.org/nobel-prize/physics/1986/gerd-binnig/,for their design of the scanning tunneling microscope,Gerd Binnig,index,Física,Premio Nobel 1986 1/4,1,0,1,1,"Frankfurt-on-the-Main, Alemania",IBM Zurich Research Laboratory,"Premio Nobel de Física, 1986",https://www.wikidata.org/wiki/Q76766,1,ibm-zurich-research-laboratory,ernst-ruska; heinrich-rohrer,2026-09-30,1947,nobel-000570,Male,Individual,Q1474431,I4210126328,A5071169826,,02js37d36,Gerd Binnig,IBM Zurich Research Laboratory,,Q7191,True
Physics,Física,fisica,1986,Heinrich Rohrer,A5108397582,,Q123029,02js37d36,for their design of the scanning tunneling microscope,1/4,0.25,IBM Zurich Research Laboratory,,"Rüschlikon, Suiza",1933-06-06,Buchs,Suiza,Suiza,2013-05-16,Wollerau,Suiza,53,Ernst Ruska; Gerd Binnig,2,2,2,heinrich-rohrer,heinrich-rohrer,Q123029,https://prizeatlas.org/es/nobel-prize/fisica/1986/heinrich-rohrer/,https://prizeatlas.org/nobel-prize/physics/1986/heinrich-rohrer/,for their design of the scanning tunneling microscope,Heinrich Rohrer,index,Física,Premio Nobel 1986 1/4,1,0,1,1,"Buchs, Suiza",IBM Zurich Research Laboratory,"Premio Nobel de Física, 1986",https://www.wikidata.org/wiki/Q123029,1,ibm-zurich-research-laboratory,ernst-ruska; gerd-binnig,2026-09-30,1933,nobel-000571,Male,Individual,Q1474431,I4210126328,A5108397582,,02js37d36,Heinrich Rohrer,IBM Zurich Research Laboratory,,Q7191,True
Physics,Física,fisica,1987,J. Georg Bednorz,A5112801181,,Q76687,02js37d36,for their important break-through in the discovery of superconductivity in ceramic materials,1/2,0.5,IBM Zurich Research Laboratory,,"Rüschlikon, Suiza",1950-05-16,Neuenkirchen,Alemania,Alemania,,,,37,K. Alexander Müller,1,1,2,j-georg-bednorz,j-georg-bednorz,Q76687,https://prizeatlas.org/es/nobel-prize/fisica/1987/j-georg-bednorz/,https://prizeatlas.org/nobel-prize/physics/1987/j-georg-bednorz/,for their important break-through in the discovery of superconductivity in ceramic materials,J. Georg Bednorz,index,Física,Premio Nobel 1987 1/2,1,0,1,1,"Neuenkirchen, Alemania",IBM Zurich Research Laboratory,"Premio Nobel de Física, 1987",https://www.wikidata.org/wiki/Q76687,1,ibm-zurich-research-laboratory,k-alexander-muller,2026-09-30,1950,nobel-000579,Male,Individual,Q1474431,I4210126328,A5112801181,,02js37d36,J. Georg Bednorz,IBM Zurich Research Laboratory,,Q7191,True
Physics,Física,fisica,1987,K. Alexander Müller,A5025810793,,Q122298,02js37d36,for their important break-through in the discovery of superconductivity in ceramic materials,1/2,0.5,IBM Zurich Research Laboratory,,"Rüschlikon, Suiza",1927-04-20,Basel,Suiza,Suiza,2023-01-09,Zurich,Suiza,60,J. Georg Bednorz,1,1,2,k-alexander-muller,k-alexander-muller,Q122298,https://prizeatlas.org/es/nobel-prize/fisica/1987/k-alexander-muller/,https://prizeatlas.org/nobel-prize/physics/1987/k-alexander-muller/,for their important break-through in the discovery of superconductivity in ceramic materials,K. Alexander Müller,index,Física,Premio Nobel 1987 1/2,1,0,1,1,"Basel, Suiza",IBM Zurich Research Laboratory,"Premio Nobel de Física, 1987",https://www.wikidata.org/wiki/Q122298,1,ibm-zurich-research-laboratory,j-georg-bednorz,2026-09-30,1927,nobel-000580,Male,Individual,Q1474431,I4210126328,A5025810793,,02js37d36,K. Alexander Müller,IBM Zurich Research Laboratory,,Q7191,True
Physics,Física,fisica,1988,Jack Steinberger,A5110517027,,Q153210,01ggx4157,for the neutrino beam method and the demonstration of the doublet structure of the leptons through the discovery of the muon neutrino,1/3,0.3333333333333333,Organización Europea para la Investigación Nuclear,,"Meyrin, Suiza",1921-05-25,Bad Kissingen,Alemania,Alemania; Estados Unidos; Suiza,2020-12-12,Geneva,Suiza,67,Leon M. Lederman; Melvin Schwartz,2,1,3,jack-steinberger,jack-steinberger,Q153210,https://prizeatlas.org/es/nobel-prize/fisica/1988/jack-steinberger/,https://prizeatlas.org/nobel-prize/physics/1988/jack-steinberger/,for the neutrino beam method and the demonstration of the doublet structure of the leptons through the discovery of the muon neutrino,Jack Steinberger,index,Física,Premio Nobel 1988 1/3,1,0,1,1,"Bad Kissingen, Alemania",Organización Europea para la Investigación Nuclear,"Premio Nobel de Física, 1988",https://www.wikidata.org/wiki/Q153210,1,cern,leon-m-lederman; melvin-schwartz,2026-09-30,1921,nobel-000592,Male,Individual,Q42944,I67311998,A5110517027,,01ggx4157,Jack Steinberger,CERN,,Q7191,True
Physics,Física,fisica,1988,Leon M. Lederman,A5046315734,,Q192695,020hgte69,for the neutrino beam method and the demonstration of the doublet structure of the leptons through the discovery of the muon neutrino,1/3,0.3333333333333333,Fermilab,,"Batavia, Estados Unidos",1922-07-15,"New York, NY",Estados Unidos,Estados Unidos,2018-10-03,"Rexburg, ID",Estados Unidos,66,Melvin Schwartz; Jack Steinberger,2,1,3,leon-m-lederman,leon-m-lederman,Q192695,https://prizeatlas.org/es/nobel-prize/fisica/1988/leon-m-lederman/,https://prizeatlas.org/nobel-prize/physics/1988/leon-m-lederman/,for the neutrino beam method and the demonstration of the doublet structure of the leptons through the discovery of the muon neutrino,Leon M. Lederman,index,Física,Premio Nobel 1988 1/3,1,0,1,1,"New York, NY, Estados Unidos",Fermilab,"Premio Nobel de Física, 1988",https://www.wikidata.org/wiki/Q192695,1,fermi-national-accelerator-laboratory,melvin-schwartz; jack-steinberger,2026-09-30,1922,nobel-000590,Male,Individual,Q337641,I1314696892,A5046315734,,020hgte69,Leon M. Lederman,Fermi National Accelerator Laboratory,,Q7191,True
Physics,Física,fisica,1988,Melvin Schwartz,A5074909955,,Q189741,,for the neutrino beam method and the demonstration of the doublet structure of the leptons through the discovery of the muon neutrino,1/3,0.3333333333333333,"Digital Pathways, Inc.",,"Mountain View, Estados Unidos",1932-11-02,"New York, NY",Estados Unidos,Estados Unidos,2006-08-28,"Twin Falls, ID",Estados Unidos,56,Leon M. Lederman; Jack Steinberger,2,1,3,melvin-schwartz,melvin-schwartz,Q189741,https://prizeatlas.org/es/nobel-prize/fisica/1988/melvin-schwartz/,https://prizeatlas.org/nobel-prize/physics/1988/melvin-schwartz/,for the neutrino beam method and the demonstration of the doublet structure of the leptons through the discovery of the muon neutrino,Melvin Schwartz,index,Física,Premio Nobel 1988 1/3,1,0,1,0,"New York, NY, Estados Unidos","Digital Pathways, Inc.","Premio Nobel de Física, 1988",https://www.wikidata.org/wiki/Q189741,1,digital-pathways-inc,leon-m-lederman; jack-steinberger,2026-09-30,1932,nobel-000591,Male,Individual,,,A5074909955,,,Melvin Schwartz,"Digital Pathways, Inc.",,Q7191,True
Physics,Física,fisica,1989,Norman F. Ramsey,A5068702687,0000-0002-5435-1135,Q107419,03vek6s52,for the invention of the separated oscillatory fields method and its use in the hydrogen maser and other atomic clocks,1/2,0.5,Universidad Harvard,,"Cambridge, Estados Unidos",1915-08-27,"Washington, DC",Estados Unidos,Estados Unidos,2011-11-04,"Wayland, MA",Estados Unidos,74,Hans G. Dehmelt; Wolfgang Paul,2,1,1,norman-f-ramsey,norman-f-ramsey,Q107419,https://prizeatlas.org/es/nobel-prize/fisica/1989/norman-f-ramsey/,https://prizeatlas.org/nobel-prize/physics/1989/norman-f-ramsey/,for the invention of the separated oscillatory fields method and its use in the hydrogen maser and other atomic clocks,Norman F. Ramsey,index,Física,Premio Nobel 1989 1/2,1,1,1,1,"Washington, DC, Estados Unidos",Universidad Harvard,"Premio Nobel de Física, 1989",https://www.wikidata.org/wiki/Q107419,1,harvard-university,hans-g-dehmelt; wolfgang-paul,2026-09-30,1915,nobel-000600,Male,Individual,Q13371,I136199984,A5068702687,0000-0002-5435-1135,03vek6s52,Norman F. Ramsey,Harvard University,,Q7191,True
Physics,Física,fisica,1989,Hans G. Dehmelt,A5054282961,,Q70532,00cvxb145,for the development of the ion trap technique,1/4,0.25,Universidad de Washington,,"Seattle, Estados Unidos",1922-09-09,Görlitz,Alemania,Alemania; Estados Unidos,2017-03-07,"Seattle, WA",Estados Unidos,67,Norman F. Ramsey; Wolfgang Paul,2,2,2,hans-g-dehmelt,hans-g-dehmelt,Q70532,https://prizeatlas.org/es/nobel-prize/fisica/1989/hans-g-dehmelt/,https://prizeatlas.org/nobel-prize/physics/1989/hans-g-dehmelt/,for the development of the ion trap technique,Hans G. Dehmelt,index,Física,Premio Nobel 1989 1/4,1,0,1,1,"Görlitz, Alemania",Universidad de Washington,"Premio Nobel de Física, 1989",https://www.wikidata.org/wiki/Q70532,1,university-of-washington,norman-f-ramsey; wolfgang-paul,2026-09-30,1922,nobel-000601,Male,Individual,Q219563,I201448701,A5054282961,,00cvxb145,Hans G. Dehmelt,University of Washington,,Q7191,True
Physics,Física,fisica,1989,Wolfgang Paul,A5070929934,0000-0002-5637-8163,Q57227,041nas322,for the development of the ion trap technique,1/4,0.25,Universidad de Bonn,,"Bonn, Alemania",1913-08-10,Lorenzkirch,Alemania,Alemania,1993-12-07,Bonn,Alemania,76,Norman F. Ramsey; Hans G. Dehmelt,2,2,2,wolfgang-paul,wolfgang-paul,Q57227,https://prizeatlas.org/es/nobel-prize/fisica/1989/wolfgang-paul/,https://prizeatlas.org/nobel-prize/physics/1989/wolfgang-paul/,for the development of the ion trap technique,Wolfgang Paul,index,Física,Premio Nobel 1989 1/4,1,1,1,1,"Lorenzkirch, Alemania",Universidad de Bonn,"Premio Nobel de Física, 1989",https://www.wikidata.org/wiki/Q57227,1,university-of-bonn,norman-f-ramsey; hans-g-dehmelt,2026-09-30,1913,nobel-000602,Male,Individual,Q152171,I135140700,A5070929934,0000-0002-5637-8163,041nas322,Wolfgang Paul,University of Bonn,,Q7191,True
Physics,Física,fisica,1990,Henry W. Kendall,A5020205138,,Q190495,042nb2s44,"for their pioneering investigations concerning deep inelastic scattering of electrons on protons and bound neutrons, which have been of essential importance for the development of the quark model in particle physics",1/3,0.3333333333333333,Instituto Tecnológico de Massachusetts,,"Cambridge, Estados Unidos",1926-12-09,"Boston, MA",Estados Unidos,Estados Unidos,1999-02-15,"Wakulla Springs State Park, FL",Estados Unidos,64,Jerome I. Friedman; Richard E. Taylor,2,1,3,henry-w-kendall,henry-w-kendall,Q190495,https://prizeatlas.org/es/nobel-prize/fisica/1990/henry-w-kendall/,https://prizeatlas.org/nobel-prize/physics/1990/henry-w-kendall/,"for their pioneering investigations concerning deep inelastic scattering of electrons on protons and bound neutrons, which have been of essential importance for the development of the quark model in particle physics",Henry W. Kendall,index,Física,Premio Nobel 1990 1/3,1,0,1,1,"Boston, MA, Estados Unidos",Instituto Tecnológico de Massachusetts,"Premio Nobel de Física, 1990",https://www.wikidata.org/wiki/Q190495,1,massachusetts-institute-of-technology,jerome-i-friedman; richard-e-taylor,2026-09-30,1926,nobel-000612,Male,Individual,Q49108,I63966007,A5020205138,,042nb2s44,Henry W. Kendall,Massachusetts Institute of Technology,,Q7191,True
Physics,Física,fisica,1990,Jerome I. Friedman,A5108251783,,Q187822,042nb2s44,"for their pioneering investigations concerning deep inelastic scattering of electrons on protons and bound neutrons, which have been of essential importance for the development of the quark model in particle physics",1/3,0.3333333333333333,Instituto Tecnológico de Massachusetts,,"Cambridge, Estados Unidos",1930-03-28,"Chicago, IL",Estados Unidos,Estados Unidos,,,,60,Henry W. Kendall; Richard E. Taylor,2,1,3,jerome-i-friedman,jerome-i-friedman,Q187822,https://prizeatlas.org/es/nobel-prize/fisica/1990/jerome-i-friedman/,https://prizeatlas.org/nobel-prize/physics/1990/jerome-i-friedman/,"for their pioneering investigations concerning deep inelastic scattering of electrons on protons and bound neutrons, which have been of essential importance for the development of the quark model in particle physics",Jerome I. Friedman,index,Física,Premio Nobel 1990 1/3,1,0,1,1,"Chicago, IL, Estados Unidos",Instituto Tecnológico de Massachusetts,"Premio Nobel de Física, 1990",https://www.wikidata.org/wiki/Q187822,1,massachusetts-institute-of-technology,henry-w-kendall; richard-e-taylor,2026-09-30,1930,nobel-000611,Male,Individual,Q49108,I63966007,A5108251783,,042nb2s44,Jerome I. Friedman,Massachusetts Institute of Technology,,Q7191,True
Physics,Física,fisica,1990,Richard E. Taylor,A5009098444,0000-0003-1146-7493,Q201470,00f54p054,"for their pioneering investigations concerning deep inelastic scattering of electrons on protons and bound neutrons, which have been of essential importance for the development of the quark model in particle physics",1/3,0.3333333333333333,Universidad Stanford,,"Stanford, Estados Unidos",1929-11-02,"Medicine Hat, Alberta",Canadá,Canadá,2018-02-22,"Stanford, CA",Estados Unidos,61,Jerome I. Friedman; Henry W. Kendall,2,1,3,richard-e-taylor,richard-e-taylor,Q201470,https://prizeatlas.org/es/nobel-prize/fisica/1990/richard-e-taylor/,https://prizeatlas.org/nobel-prize/physics/1990/richard-e-taylor/,"for their pioneering investigations concerning deep inelastic scattering of electrons on protons and bound neutrons, which have been of essential importance for the development of the quark model in particle physics",Richard E. Taylor,index,Física,Premio Nobel 1990 1/3,1,1,1,1,"Medicine Hat, Alberta, Canadá",Universidad Stanford,"Premio Nobel de Física, 1990",https://www.wikidata.org/wiki/Q201470,1,stanford-university,jerome-i-friedman; henry-w-kendall,2026-09-30,1929,nobel-000613,Male,Individual,Q41506,I97018004,A5009098444,0000-0003-1146-7493,00f54p054,Richard E. Taylor,Stanford University,,Q7191,True
Physics,Física,fisica,1991,Pierre-Gilles de Gennes,A5113527785,,Q187224,04ex24z53,"for discovering that methods developed for studying order phenomena in simple systems can be generalized to more complex forms of matter, in particular to liquid crystals and polymers",1/1,1.0,Collège de France,,"Paris, Francia",1932-10-24,Paris,Francia,Francia,2007-05-18,Orsay,Francia,59,,0,1,1,pierre-gilles-de-gennes,pierre-gilles-de-gennes,Q187224,https://prizeatlas.org/es/nobel-prize/fisica/1991/pierre-gilles-de-gennes/,https://prizeatlas.org/nobel-prize/physics/1991/pierre-gilles-de-gennes/,"for discovering that methods developed for studying order phenomena in simple systems can be generalized to more complex forms of matter, in particular to liquid crystals and polymers",Pierre-Gilles de Gennes,index,Física,Premio Nobel 1991 1/1,1,0,1,1,"Paris, Francia",Collège de France,"Premio Nobel de Física, 1991",https://www.wikidata.org/wiki/Q187224,1,college-de-france,,2026-09-30,1932,nobel-000620,Male,Individual,Q202660,I187986737,A5113527785,,04ex24z53,Pierre-Gilles de Gennes,Collège de France,,Q7191,True
Physics,Física,fisica,1992,Georges Charpak,A5003649130,,Q153178,03zx86w41,"for his invention and development of particle detectors, in particular the multiwire proportional chamber",1/1,1.0,Escuela Superior de Física y de Química Industriales de París,,"Paris, Francia",1924-08-01,Dabrovica,Polonia,Francia; Polonia,2010-09-29,Paris,Francia,68,,0,1,1,georges-charpak,georges-charpak,Q153178,https://prizeatlas.org/es/nobel-prize/fisica/1992/georges-charpak/,https://prizeatlas.org/nobel-prize/physics/1992/georges-charpak/,"for his invention and development of particle detectors, in particular the multiwire proportional chamber",Georges Charpak,index,Física,Premio Nobel 1992 1/1,1,0,1,1,"Dabrovica, Polonia",Escuela Superior de Física y de Química Industriales de París,"Premio Nobel de Física, 1992",https://www.wikidata.org/wiki/Q153178,1,espci-paris,,2026-09-30,1924,nobel-000627,Male,Individual,Q273638,I98910050,A5003649130,,03zx86w41,Georges Charpak,ESPCI Paris,,Q7191,True
Physics,Física,fisica,1993,Joseph H. Taylor Jr.,A5112769462,,Q192685,00hx57361,"for the discovery of a new type of pulsar, a discovery that has opened up new possibilities for the study of gravitation",1/2,0.5,Universidad de Princeton,,"Princeton, Estados Unidos",1941-03-29,"Philadelphia, PA",Estados Unidos,Estados Unidos,,,,52,Russell A. Hulse,1,1,2,joseph-h-taylor-jr,joseph-h-taylor-jr,Q192685,https://prizeatlas.org/es/nobel-prize/fisica/1993/joseph-h-taylor-jr/,https://prizeatlas.org/nobel-prize/physics/1993/joseph-h-taylor-jr/,"for the discovery of a new type of pulsar, a discovery that has opened up new possibilities for the study of gravitation",Joseph H. Taylor Jr.,index,Física,Premio Nobel 1993 1/2,1,0,1,1,"Philadelphia, PA, Estados Unidos",Universidad de Princeton,"Premio Nobel de Física, 1993",https://www.wikidata.org/wiki/Q192685,1,princeton-university,russell-a-hulse,2026-09-30,1941,nobel-000638,Male,Individual,Q21578,I20089843,A5112769462,,00hx57361,Joseph H. Taylor Jr.,Princeton University,,Q7191,True
Physics,Física,fisica,1993,Russell A. Hulse,A5015145579,,Q156286,00hx57361,"for the discovery of a new type of pulsar, a discovery that has opened up new possibilities for the study of gravitation",1/2,0.5,Universidad de Princeton,,"Princeton, Estados Unidos",1950-11-28,"New York, NY",Estados Unidos,Estados Unidos,,,,43,Joseph H. Taylor Jr.,1,1,2,russell-a-hulse,russell-a-hulse,Q156286,https://prizeatlas.org/es/nobel-prize/fisica/1993/russell-a-hulse/,https://prizeatlas.org/nobel-prize/physics/1993/russell-a-hulse/,"for the discovery of a new type of pulsar, a discovery that has opened up new possibilities for the study of gravitation",Russell A. Hulse,index,Física,Premio Nobel 1993 1/2,1,0,1,1,"New York, NY, Estados Unidos",Universidad de Princeton,"Premio Nobel de Física, 1993",https://www.wikidata.org/wiki/Q156286,1,princeton-university,joseph-h-taylor-jr,2026-09-30,1950,nobel-000637,Male,Individual,Q21578,I20089843,A5015145579,,00hx57361,Russell A. Hulse,Princeton University,,Q7191,True
Physics,Física,fisica,1994,Bertram N. Brockhouse,A5039701235,,Q192689,02fa3aq29,for pioneering contributions to the development of neutron scattering techniques for studies of condensed matter; for the development of neutron spectroscopy,1/2,0.5,Universidad McMaster,,"Hamilton, Canadá",1918-07-15,"Lethbridge, Alberta",Canadá,Canadá,2003-10-13,"Hamilton, Ontario",Canadá,76,Clifford G. Shull,1,1,1,bertram-n-brockhouse,bertram-n-brockhouse,Q192689,https://prizeatlas.org/es/nobel-prize/fisica/1994/bertram-n-brockhouse/,https://prizeatlas.org/nobel-prize/physics/1994/bertram-n-brockhouse/,for pioneering contributions to the development of neutron scattering techniques for studies of condensed matter; for the development of neutron spectroscopy,Bertram N. Brockhouse,index,Física,Premio Nobel 1994 1/2,1,0,1,1,"Lethbridge, Alberta, Canadá",Universidad McMaster,"Premio Nobel de Física, 1994",https://www.wikidata.org/wiki/Q192689,1,mcmaster-university,clifford-g-shull,2026-09-30,1918,nobel-000649,Male,Individual,Q632891,I98251732,A5039701235,,02fa3aq29,Bertram N. Brockhouse,McMaster University,,Q7191,True
Physics,Física,fisica,1994,Clifford G. Shull,A5058128161,,Q201506,042nb2s44,for pioneering contributions to the development of neutron scattering techniques for studies of condensed matter; for the development of the neutron diffraction technique,1/2,0.5,Instituto Tecnológico de Massachusetts,,"Cambridge, Estados Unidos",1915-09-23,"Pittsburgh, PA",Estados Unidos,Estados Unidos,2001-03-31,"Medford, MA",Estados Unidos,79,Bertram N. Brockhouse,1,2,1,clifford-g-shull,clifford-g-shull,Q201506,https://prizeatlas.org/es/nobel-prize/fisica/1994/clifford-g-shull/,https://prizeatlas.org/nobel-prize/physics/1994/clifford-g-shull/,for pioneering contributions to the development of neutron scattering techniques for studies of condensed matter; for the development of the neutron diffraction technique,Clifford G. Shull,index,Física,Premio Nobel 1994 1/2,1,0,1,1,"Pittsburgh, PA, Estados Unidos",Instituto Tecnológico de Massachusetts,"Premio Nobel de Física, 1994",https://www.wikidata.org/wiki/Q201506,1,massachusetts-institute-of-technology,bertram-n-brockhouse,2026-09-30,1915,nobel-000650,Male,Individual,Q49108,I63966007,A5058128161,,042nb2s44,Clifford G. Shull,Massachusetts Institute of Technology,,Q7191,True
Physics,Física,fisica,1995,Martin L. Perl,A5110436516,,Q107416,00f54p054,for pioneering contributions to the development of neutron scattering techniques for studies of condensed matter; for the discovery of the tau lepton,1/2,0.5,Universidad Stanford,,"Stanford, Estados Unidos",1927-06-24,"New York, NY",Estados Unidos,Estados Unidos,2014-09-30,"Palo Alto, CA",Estados Unidos,68,Frederick Reines,1,1,1,martin-l-perl,martin-l-perl,Q107416,https://prizeatlas.org/es/nobel-prize/fisica/1995/martin-l-perl/,https://prizeatlas.org/nobel-prize/physics/1995/martin-l-perl/,for pioneering contributions to the development of neutron scattering techniques for studies of condensed matter; for the discovery of the tau lepton,Martin L. Perl,index,Física,Premio Nobel 1995 1/2,1,0,1,1,"New York, NY, Estados Unidos",Universidad Stanford,"Premio Nobel de Física, 1995",https://www.wikidata.org/wiki/Q107416,1,stanford-university,frederick-reines,2026-09-30,1927,nobel-000661,Male,Individual,Q41506,I97018004,A5110436516,,00f54p054,Martin L. Perl,Stanford University,,Q7191,True
Physics,Física,fisica,1995,Frederick Reines,A5072325608,,Q191922,00pjdza24,for pioneering contributions to the development of neutron scattering techniques for studies of condensed matter; for the detection of the neutrino,1/2,0.5,Universidad de California,"University of California, Irvine","Irvine, Estados Unidos",1918-03-16,"Paterson, NJ",Estados Unidos,Estados Unidos,1998-08-26,"Orange, CA",Estados Unidos,77,Martin L. Perl,1,2,1,frederick-reines,frederick-reines,Q191922,https://prizeatlas.org/es/nobel-prize/fisica/1995/frederick-reines/,https://prizeatlas.org/nobel-prize/physics/1995/frederick-reines/,for pioneering contributions to the development of neutron scattering techniques for studies of condensed matter; for the detection of the neutrino,Frederick Reines,index,Física,Premio Nobel 1995 1/2,1,0,1,1,"Paterson, NJ, Estados Unidos",Universidad de California,"Premio Nobel de Física, 1995",https://www.wikidata.org/wiki/Q191922,1,university-of-california,martin-l-perl,2026-09-30,1918,nobel-000662,Male,Individual,Q184478,I2803209242,A5072325608,,00pjdza24,Frederick Reines,University of California,"University of California, Irvine",Q7191,True
Physics,Física,fisica,1996,David M. Lee,A5100841472,,Q201853,05bnh6r87,for their discovery of superfluidity in helium-3,1/3,0.3333333333333333,Universidad Cornell,,"Ithaca, Estados Unidos",1931-01-20,"Rye, NY",Estados Unidos,Estados Unidos,,,,65,Douglas D. Osheroff; Robert C. Richardson,2,1,3,david-m-lee,david-m-lee,Q201853,https://prizeatlas.org/es/nobel-prize/fisica/1996/david-m-lee/,https://prizeatlas.org/nobel-prize/physics/1996/david-m-lee/,for their discovery of superfluidity in helium-3,David M. Lee,index,Física,Premio Nobel 1996 1/3,1,0,1,1,"Rye, NY, Estados Unidos",Universidad Cornell,"Premio Nobel de Física, 1996",https://www.wikidata.org/wiki/Q201853,1,cornell-university,douglas-d-osheroff; robert-c-richardson,2026-09-30,1931,nobel-000673,Male,Individual,Q49115,I205783295,A5100841472,,05bnh6r87,David M. Lee,Cornell University,,Q7191,True
Physics,Física,fisica,1996,Douglas D. Osheroff,A5023092855,,Q206405,00f54p054,for their discovery of superfluidity in helium-3,1/3,0.3333333333333333,Universidad Stanford,,"Stanford, Estados Unidos",1945-08-01,"Aberdeen, WA",Estados Unidos,Estados Unidos,,,,51,David M. Lee; Robert C. Richardson,2,1,3,douglas-d-osheroff,douglas-d-osheroff,Q206405,https://prizeatlas.org/es/nobel-prize/fisica/1996/douglas-d-osheroff/,https://prizeatlas.org/nobel-prize/physics/1996/douglas-d-osheroff/,for their discovery of superfluidity in helium-3,Douglas D. Osheroff,index,Física,Premio Nobel 1996 1/3,1,0,1,1,"Aberdeen, WA, Estados Unidos",Universidad Stanford,"Premio Nobel de Física, 1996",https://www.wikidata.org/wiki/Q206405,1,stanford-university,david-m-lee; robert-c-richardson,2026-09-30,1945,nobel-000674,Male,Individual,Q41506,I97018004,A5023092855,,00f54p054,Douglas D. Osheroff,Stanford University,,Q7191,True
Physics,Física,fisica,1996,Robert C. Richardson,A5065382176,0000-0002-3850-3709,Q402649,05bnh6r87,for their discovery of superfluidity in helium-3,1/3,0.3333333333333333,Universidad Cornell,,"Ithaca, Estados Unidos",1937-06-26,"Washington, DC",Estados Unidos,Estados Unidos,2013-02-19,"Ithaca, NY",Estados Unidos,59,David M. Lee; Douglas D. Osheroff,2,1,3,robert-c-richardson,robert-c-richardson,Q402649,https://prizeatlas.org/es/nobel-prize/fisica/1996/robert-c-richardson/,https://prizeatlas.org/nobel-prize/physics/1996/robert-c-richardson/,for their discovery of superfluidity in helium-3,Robert C. Richardson,index,Física,Premio Nobel 1996 1/3,1,1,1,1,"Washington, DC, Estados Unidos",Universidad Cornell,"Premio Nobel de Física, 1996",https://www.wikidata.org/wiki/Q402649,1,cornell-university,david-m-lee; douglas-d-osheroff,2026-09-30,1937,nobel-000675,Male,Individual,Q49115,I205783295,A5065382176,0000-0002-3850-3709,05bnh6r87,Robert C. Richardson,Cornell University,,Q7191,True
Physics,Física,fisica,1997,Claude Cohen-Tannoudji,A5015209954,,Q190697,04ex24z53,for development of methods to cool and trap atoms with laser light,1/3,0.3333333333333333,Collège de France,,"Paris, Francia",1933-04-01,Constantine,Argelia,Francia,,,,64,Steven Chu; William D. Phillips,2,1,3,claude-cohen-tannoudji,claude-cohen-tannoudji,Q190697,https://prizeatlas.org/es/nobel-prize/fisica/1997/claude-cohen-tannoudji/,https://prizeatlas.org/nobel-prize/physics/1997/claude-cohen-tannoudji/,for development of methods to cool and trap atoms with laser light,Claude Cohen-Tannoudji,index,Física,Premio Nobel 1997 1/3,1,0,1,1,"Constantine, Argelia",Collège de France,"Premio Nobel de Física, 1997",https://www.wikidata.org/wiki/Q190697,1,college-de-france,steven-chu; william-d-phillips,2026-09-30,1933,nobel-000686,Male,Individual,Q202660,I187986737,A5015209954,,04ex24z53,Claude Cohen-Tannoudji,Collège de France,,Q7191,True
Physics,Física,fisica,1997,Steven Chu,A5001967033,0000-0002-4572-0154,Q172466,00f54p054,for development of methods to cool and trap atoms with laser light,1/3,0.3333333333333333,Universidad Stanford,,"Stanford, Estados Unidos",1948-02-28,"St. Louis, MO",Estados Unidos,Estados Unidos,,,,49,Claude Cohen-Tannoudji; William D. Phillips,2,1,3,steven-chu,steven-chu,Q172466,https://prizeatlas.org/es/nobel-prize/fisica/1997/steven-chu/,https://prizeatlas.org/nobel-prize/physics/1997/steven-chu/,for development of methods to cool and trap atoms with laser light,Steven Chu,index,Física,Premio Nobel 1997 1/3,1,1,1,1,"St. Louis, MO, Estados Unidos",Universidad Stanford,"Premio Nobel de Física, 1997",https://www.wikidata.org/wiki/Q172466,1,stanford-university,claude-cohen-tannoudji; william-d-phillips,2026-09-30,1948,nobel-000685,Male,Individual,Q41506,I97018004,A5001967033,0000-0002-4572-0154,00f54p054,Steven Chu,Stanford University,,Q7191,True
Physics,Física,fisica,1997,William D. Phillips,A5023921458,0000-0002-5405-8422,Q190756,05xpvk416,for development of methods to cool and trap atoms with laser light,1/3,0.3333333333333333,Instituto Nacional de Estándares y Tecnología,,"Gaithersburg, Estados Unidos",1948-11-05,"Wilkes-Barre, PA",Estados Unidos,Estados Unidos,,,,49,Steven Chu; Claude Cohen-Tannoudji,2,1,3,william-d-phillips,william-d-phillips,Q190756,https://prizeatlas.org/es/nobel-prize/fisica/1997/william-d-phillips/,https://prizeatlas.org/nobel-prize/physics/1997/william-d-phillips/,for development of methods to cool and trap atoms with laser light,William D. Phillips,index,Física,Premio Nobel 1997 1/3,1,1,1,1,"Wilkes-Barre, PA, Estados Unidos",Instituto Nacional de Estándares y Tecnología,"Premio Nobel de Física, 1997",https://www.wikidata.org/wiki/Q190756,1,national-institute-of-standards-and-technology,steven-chu; claude-cohen-tannoudji,2026-09-30,1948,nobel-000687,Male,Individual,Q176691,I1321296531,A5023921458,0000-0002-5405-8422,05xpvk416,William D. Phillips,National Institute of Standards and Technology,,Q7191,True
Physics,Física,fisica,1998,Daniel C. Tsui,A5110862535,,Q202138,00hx57361,for their discovery of a new form of quantum fluid with fractionally charged excitations,1/3,0.3333333333333333,Universidad de Princeton,,"Princeton, Estados Unidos",1939-02-28,Henan,China,Estados Unidos,,,,59,Robert B. Laughlin; Horst L. Störmer,2,1,3,daniel-c-tsui,daniel-c-tsui,Q202138,https://prizeatlas.org/es/nobel-prize/fisica/1998/daniel-c-tsui/,https://prizeatlas.org/nobel-prize/physics/1998/daniel-c-tsui/,for their discovery of a new form of quantum fluid with fractionally charged excitations,Daniel C. Tsui,index,Física,Premio Nobel 1998 1/3,1,0,1,1,"Henan, China",Universidad de Princeton,"Premio Nobel de Física, 1998",https://www.wikidata.org/wiki/Q202138,1,princeton-university,robert-b-laughlin; horst-l-stormer,2026-09-30,1939,nobel-000699,Male,Individual,Q21578,I20089843,A5110862535,,00hx57361,Daniel C. Tsui,Princeton University,,Q7191,True
Physics,Física,fisica,1998,Horst L. Störmer,A5111474378,,Q71015,00hj8s172,for their discovery of a new form of quantum fluid with fractionally charged excitations,1/3,0.3333333333333333,Universidad de Columbia,,"New York, Estados Unidos",1949-04-06,Frankfurt-on-the-Main,Alemania,Alemania,,,,49,Robert B. Laughlin; Daniel C. Tsui,2,1,3,horst-l-stormer,horst-l-stormer,Q71015,https://prizeatlas.org/es/nobel-prize/fisica/1998/horst-l-stormer/,https://prizeatlas.org/nobel-prize/physics/1998/horst-l-stormer/,for their discovery of a new form of quantum fluid with fractionally charged excitations,Horst L. Störmer,index,Física,Premio Nobel 1998 1/3,1,0,1,1,"Frankfurt-on-the-Main, Alemania",Universidad de Columbia,"Premio Nobel de Física, 1998",https://www.wikidata.org/wiki/Q71015,1,columbia-university,robert-b-laughlin; daniel-c-tsui,2026-09-30,1949,nobel-000698,Male,Individual,Q49088,I78577930,A5111474378,,00hj8s172,Horst L. Störmer,Columbia University,,Q7191,True
Physics,Física,fisica,1998,Robert B. Laughlin,A5051731365,,Q189997,00f54p054,for their discovery of a new form of quantum fluid with fractionally charged excitations,1/3,0.3333333333333333,Universidad Stanford,,"Stanford, Estados Unidos",1950-11-01,"Visalia, CA",Estados Unidos,Estados Unidos,,,,48,Horst L. Störmer; Daniel C. Tsui,2,1,3,robert-b-laughlin,robert-b-laughlin,Q189997,https://prizeatlas.org/es/nobel-prize/fisica/1998/robert-b-laughlin/,https://prizeatlas.org/nobel-prize/physics/1998/robert-b-laughlin/,for their discovery of a new form of quantum fluid with fractionally charged excitations,Robert B. Laughlin,index,Física,Premio Nobel 1998 1/3,1,0,1,1,"Visalia, CA, Estados Unidos",Universidad Stanford,"Premio Nobel de Física, 1998",https://www.wikidata.org/wiki/Q189997,1,stanford-university,horst-l-stormer; daniel-c-tsui,2026-09-30,1950,nobel-000697,Male,Individual,Q41506,I97018004,A5051731365,,00f54p054,Robert B. Laughlin,Stanford University,,Q7191,True
Physics,Física,fisica,1999,Gerardus 't Hooft,A5059474142,0000-0002-5405-5504,Q184592,04pp8hn57,for elucidating the quantum structure of electroweak interactions in physics,1/2,0.5,Universidad de Utrecht,,"Utrecht, Países Bajos",1946-07-05,Den Helder,Países Bajos,Países Bajos,,,,53,Martinus J.G. Veltman,1,1,2,gerardus-t-hooft,gerardus-t-hooft,Q184592,https://prizeatlas.org/es/nobel-prize/fisica/1999/gerardus-t-hooft/,https://prizeatlas.org/nobel-prize/physics/1999/gerardus-t-hooft/,for elucidating the quantum structure of electroweak interactions in physics,Gerardus 't Hooft,index,Física,Premio Nobel 1999 1/2,1,1,1,1,"Den Helder, Países Bajos",Universidad de Utrecht,"Premio Nobel de Física, 1999",https://www.wikidata.org/wiki/Q184592,1,utrecht-university,martinus-j-g-veltman,2026-09-30,1946,nobel-000705,Male,Individual,Q221653,I193662353,A5059474142,0000-0002-5405-5504,04pp8hn57,Gerardus 't Hooft,Utrecht University,,Q7191,True
Physics,Física,fisica,1999,Martinus J.G. Veltman,A5087850537,,Q202149,00jmfr291,for elucidating the quantum structure of electroweak interactions in physics,1/2,0.5,Universidad de Míchigan,,"Ann Arbor, Estados Unidos",1931-06-27,Waalwijk,Países Bajos,Países Bajos,2021-01-04,Bilthoven,Países Bajos,68,Gerardus 't Hooft,1,1,2,martinus-j-g-veltman,martinus-j-g-veltman,Q202149,https://prizeatlas.org/es/nobel-prize/fisica/1999/martinus-j-g-veltman/,https://prizeatlas.org/nobel-prize/physics/1999/martinus-j-g-veltman/,for elucidating the quantum structure of electroweak interactions in physics,Martinus J.G. Veltman,index,Física,Premio Nobel 1999 1/2,1,0,1,1,"Waalwijk, Países Bajos",Universidad de Míchigan,"Premio Nobel de Física, 1999",https://www.wikidata.org/wiki/Q202149,1,university-of-michigan,gerardus-t-hooft,2026-09-30,1931,nobel-000706,Male,Individual,Q230492,I27837315,A5087850537,,00jmfr291,Martinus J.G. Veltman,University of Michigan,,Q7191,True
Physics,Física,fisica,2000,Herbert Kroemer,A5055558095,,Q71016,00pjdza24,for basic work on information and communication technology; for developing semiconductor heterostructures used in high-speed- and opto-electronics,1/4,0.25,Universidad de California,"University of California, Santa Barbara","Santa Barbara, Estados Unidos",1928-08-25,Weimar,Alemania,Alemania; Estados Unidos,2024-03-08,,,72,Zhores I. Alferov; Jack S. Kilby,2,1,2,herbert-kroemer,herbert-kroemer,Q71016,https://prizeatlas.org/es/nobel-prize/fisica/2000/herbert-kroemer/,https://prizeatlas.org/nobel-prize/physics/2000/herbert-kroemer/,for basic work on information and communication technology; for developing semiconductor heterostructures used in high-speed- and opto-electronics,Herbert Kroemer,index,Física,Premio Nobel 2000 1/4,1,0,1,1,"Weimar, Alemania",Universidad de California,"Premio Nobel de Física, 2000",https://www.wikidata.org/wiki/Q71016,1,university-of-california,zhores-i-alferov; jack-s-kilby,2026-09-30,1928,nobel-000718,Male,Individual,Q184478,I2803209242,A5055558095,,00pjdza24,Herbert Kroemer,University of California,"University of California, Santa Barbara",Q7191,True
Physics,Física,fisica,2000,Zhores I. Alferov,A5048587348,,Q183279,,for basic work on information and communication technology; for developing semiconductor heterostructures used in high-speed- and opto-electronics,1/4,0.25,Instituto Físico-Técnico Ioffe,,"St. Petersburg, Rusia",1930-03-15,"Vitebsk, Belorussia",Bielorrusia,Bielorrusia; Rusia,2019-03-01,St. Petersburg,Rusia,70,Herbert Kroemer; Jack S. Kilby,2,1,2,zhores-i-alferov,zhores-i-alferov,Q183279,https://prizeatlas.org/es/nobel-prize/fisica/2000/zhores-i-alferov/,https://prizeatlas.org/nobel-prize/physics/2000/zhores-i-alferov/,for basic work on information and communication technology; for developing semiconductor heterostructures used in high-speed- and opto-electronics,Zhores I. Alferov,index,Física,Premio Nobel 2000 1/4,1,0,1,0,"Vitebsk, Belorussia, Bielorrusia",Instituto Físico-Técnico Ioffe,"Premio Nobel de Física, 2000",https://www.wikidata.org/wiki/Q183279,1,a-f-ioffe-physico-technical-institute,herbert-kroemer; jack-s-kilby,2026-09-30,1930,nobel-000717,Male,Individual,Q32637,,A5048587348,,,Zhores I. Alferov,A.F. Ioffe Physico-Technical Institute,,Q7191,True
Physics,Física,fisica,2000,Jack S. Kilby,A5025589417,,Q182031,03vsmv677,for basic work on information and communication technology; for his part in the invention of the integrated circuit,1/2,0.5,Texas Instruments,,"Dallas, Estados Unidos",1923-11-08,"Jefferson City, MO",Estados Unidos,Estados Unidos,2005-06-20,"Dallas, TX",Estados Unidos,77,Zhores I. Alferov; Herbert Kroemer,2,2,1,jack-s-kilby,jack-s-kilby,Q182031,https://prizeatlas.org/es/nobel-prize/fisica/2000/jack-s-kilby/,https://prizeatlas.org/nobel-prize/physics/2000/jack-s-kilby/,for basic work on information and communication technology; for his part in the invention of the integrated circuit,Jack S. Kilby,index,Física,Premio Nobel 2000 1/2,1,0,1,1,"Jefferson City, MO, Estados Unidos",Texas Instruments,"Premio Nobel de Física, 2000",https://www.wikidata.org/wiki/Q182031,1,texas-instruments,zhores-i-alferov; herbert-kroemer,2026-09-30,1923,nobel-000719,Male,Individual,Q193412,I74760111,A5025589417,,03vsmv677,Jack S. Kilby,Texas Instruments,,Q7191,True
Physics,Física,fisica,2001,Carl E. Wieman,A5006656464,0000-0003-1449-9319,Q206379,,"for the achievement of Bose-Einstein condensation in dilute gases of alkali atoms, and for early fundamental studies of the properties of the condensates",1/3,0.3333333333333333,"University of Colorado, JILA",JILA,"Boulder, Estados Unidos",1951-03-26,"Corvallis, OR",Estados Unidos,Estados Unidos,,,,50,Eric A. Cornell; Wolfgang Ketterle,2,1,3,carl-e-wieman,carl-e-wieman,Q206379,https://prizeatlas.org/es/nobel-prize/fisica/2001/carl-e-wieman/,https://prizeatlas.org/nobel-prize/physics/2001/carl-e-wieman/,"for the achievement of Bose-Einstein condensation in dilute gases of alkali atoms, and for early fundamental studies of the properties of the condensates",Carl E. Wieman,index,Física,Premio Nobel 2001 1/3,1,1,1,0,"Corvallis, OR, Estados Unidos","University of Colorado, JILA","Premio Nobel de Física, 2001",https://www.wikidata.org/wiki/Q206379,1,university-of-colorado-jila,eric-a-cornell; wolfgang-ketterle,2026-09-30,1951,nobel-000734,Male,Individual,Q1586184,,A5006656464,0000-0003-1449-9319,,Carl E. Wieman,"University of Colorado, JILA",JILA,Q7191,True
Physics,Física,fisica,2001,Eric A. Cornell,A5004950660,0009-0004-8034-9057,Q205954,,"for the achievement of Bose-Einstein condensation in dilute gases of alkali atoms, and for early fundamental studies of the properties of the condensates",1/3,0.3333333333333333,"University of Colorado, JILA",JILA,"Boulder, Estados Unidos",1961-12-19,"Palo Alto, CA",Estados Unidos,Estados Unidos,,,,40,Wolfgang Ketterle; Carl E. Wieman,2,1,3,eric-a-cornell,eric-a-cornell,Q205954,https://prizeatlas.org/es/nobel-prize/fisica/2001/eric-a-cornell/,https://prizeatlas.org/nobel-prize/physics/2001/eric-a-cornell/,"for the achievement of Bose-Einstein condensation in dilute gases of alkali atoms, and for early fundamental studies of the properties of the condensates",Eric A. Cornell,index,Física,Premio Nobel 2001 1/3,1,1,1,0,"Palo Alto, CA, Estados Unidos","University of Colorado, JILA","Premio Nobel de Física, 2001",https://www.wikidata.org/wiki/Q205954,1,university-of-colorado-jila,wolfgang-ketterle; carl-e-wieman,2026-09-30,1961,nobel-000732,Male,Individual,Q1586184,,A5004950660,0009-0004-8034-9057,,Eric A. Cornell,"University of Colorado, JILA",JILA,Q7191,True
Physics,Física,fisica,2001,Wolfgang Ketterle,A5040820196,0000-0002-9528-3044,Q76462,042nb2s44,"for the achievement of Bose-Einstein condensation in dilute gases of alkali atoms, and for early fundamental studies of the properties of the condensates",1/3,0.3333333333333333,Instituto Tecnológico de Massachusetts,,"Cambridge, Estados Unidos",1957-10-21,Heidelberg,Alemania,Alemania,,,,44,Eric A. Cornell; Carl E. Wieman,2,1,3,wolfgang-ketterle,wolfgang-ketterle,Q76462,https://prizeatlas.org/es/nobel-prize/fisica/2001/wolfgang-ketterle/,https://prizeatlas.org/nobel-prize/physics/2001/wolfgang-ketterle/,"for the achievement of Bose-Einstein condensation in dilute gases of alkali atoms, and for early fundamental studies of the properties of the condensates",Wolfgang Ketterle,index,Física,Premio Nobel 2001 1/3,1,1,1,1,"Heidelberg, Alemania",Instituto Tecnológico de Massachusetts,"Premio Nobel de Física, 2001",https://www.wikidata.org/wiki/Q76462,1,massachusetts-institute-of-technology,eric-a-cornell; carl-e-wieman,2026-09-30,1957,nobel-000733,Male,Individual,Q49108,I63966007,A5040820196,0000-0002-9528-3044,042nb2s44,Wolfgang Ketterle,Massachusetts Institute of Technology,,Q7191,True
Physics,Física,fisica,2002,Masatoshi Koshiba,A5107839752,,Q155773,057zh3y96,"for pioneering contributions to astrophysics, in particular for the detection of cosmic neutrinos",1/4,0.25,Universidad de Tokio,,"Tokyo, Japón",1926-09-19,Toyohashi,Japón,Japón,2020-11-12,Tokyo,Japón,76,Raymond Davis Jr.; Riccardo Giacconi,2,1,2,masatoshi-koshiba,masatoshi-koshiba,Q155773,https://prizeatlas.org/es/nobel-prize/fisica/2002/masatoshi-koshiba/,https://prizeatlas.org/nobel-prize/physics/2002/masatoshi-koshiba/,"for pioneering contributions to astrophysics, in particular for the detection of cosmic neutrinos",Masatoshi Koshiba,index,Física,Premio Nobel 2002 1/4,1,0,1,1,"Toyohashi, Japón",Universidad de Tokio,"Premio Nobel de Física, 2002",https://www.wikidata.org/wiki/Q155773,1,university-of-tokyo,raymond-davis-jr; riccardo-giacconi,2026-09-30,1926,nobel-000746,Male,Individual,Q7842,I74801974,A5107839752,,057zh3y96,Masatoshi Koshiba,University of Tokyo,,Q7191,True
Physics,Física,fisica,2002,Raymond Davis Jr.,A5088919307,,Q175519,00b30xv10,"for pioneering contributions to astrophysics, in particular for the detection of cosmic neutrinos",1/4,0.25,Universidad de Pensilvania,,"Philadelphia, Estados Unidos",1914-10-14,"Washington, DC",Estados Unidos,Estados Unidos,2006-05-31,"Blue Point, NY",Estados Unidos,88,Masatoshi Koshiba; Riccardo Giacconi,2,1,2,raymond-davis-jr,raymond-davis-jr,Q175519,https://prizeatlas.org/es/nobel-prize/fisica/2002/raymond-davis-jr/,https://prizeatlas.org/nobel-prize/physics/2002/raymond-davis-jr/,"for pioneering contributions to astrophysics, in particular for the detection of cosmic neutrinos",Raymond Davis Jr.,index,Física,Premio Nobel 2002 1/4,1,0,1,1,"Washington, DC, Estados Unidos",Universidad de Pensilvania,"Premio Nobel de Física, 2002",https://www.wikidata.org/wiki/Q175519,1,university-of-pennsylvania,masatoshi-koshiba; riccardo-giacconi,2026-09-30,1914,nobel-000745,Male,Individual,Q49117,I79576946,A5088919307,,00b30xv10,Raymond Davis Jr.,University of Pennsylvania,,Q7191,True
Physics,Física,fisica,2002,Riccardo Giacconi,A5090764693,,Q186481,03vbz5k97,"for pioneering contributions to astrophysics, which have led to the discovery of cosmic X-ray sources",1/2,0.5,"Associated Universities, Inc.",,"Washington, Estados Unidos",1931-10-06,Genoa,Italia,Italia; Estados Unidos,2018-12-16,"La Jolla, CA",Estados Unidos,71,Raymond Davis Jr.; Masatoshi Koshiba,2,2,1,riccardo-giacconi,riccardo-giacconi,Q186481,https://prizeatlas.org/es/nobel-prize/fisica/2002/riccardo-giacconi/,https://prizeatlas.org/nobel-prize/physics/2002/riccardo-giacconi/,"for pioneering contributions to astrophysics, which have led to the discovery of cosmic X-ray sources",Riccardo Giacconi,index,Física,Premio Nobel 2002 1/2,1,0,1,1,"Genoa, Italia","Associated Universities, Inc.","Premio Nobel de Física, 2002",https://www.wikidata.org/wiki/Q186481,1,associated-universities-inc,raymond-davis-jr; masatoshi-koshiba,2026-09-30,1931,nobel-000747,Male,Individual,Q4809254,I867387847,A5090764693,,03vbz5k97,Riccardo Giacconi,Associated Universities Inc.,,Q7191,True
Physics,Física,fisica,2003,Alexei A. Abrikosov,A5111686980,,Q188128,05gvnxz63,for pioneering contributions to the theory of superconductors and superfluids,1/3,0.3333333333333333,Laboratorio Nacional Argonne,,"Argonne, Estados Unidos",1928-06-25,Moscow,Rusia,Rusia; Estados Unidos,2017-03-29,,,75,Vitaly L. Ginzburg; Anthony J. Leggett,2,1,3,alexei-a-abrikosov,alexei-a-abrikosov,Q188128,https://prizeatlas.org/es/nobel-prize/fisica/2003/alexei-a-abrikosov/,https://prizeatlas.org/nobel-prize/physics/2003/alexei-a-abrikosov/,for pioneering contributions to the theory of superconductors and superfluids,Alexei A. Abrikosov,index,Física,Premio Nobel 2003 1/3,1,0,1,1,"Moscow, Rusia",Laboratorio Nacional Argonne,"Premio Nobel de Física, 2003",https://www.wikidata.org/wiki/Q188128,1,argonne-national-laboratory,vitaly-l-ginzburg; anthony-j-leggett,2026-09-30,1928,nobel-000756,Male,Individual,Q649120,I1282105669,A5111686980,,05gvnxz63,Alexei A. Abrikosov,Argonne National Laboratory,,Q7191,True
Physics,Física,fisica,2003,Anthony J. Leggett,A5112509340,,Q192718,047426m28,for pioneering contributions to the theory of superconductors and superfluids,1/3,0.3333333333333333,Universidad de Illinois en Urbana-Champaign,,"Urbana, Estados Unidos",1938-03-26,London,Reino Unido,Estados Unidos; Reino Unido,2026-03-08,,,65,Alexei A. Abrikosov; Vitaly L. Ginzburg,2,1,3,anthony-j-leggett,anthony-j-leggett,Q192718,https://prizeatlas.org/es/nobel-prize/fisica/2003/anthony-j-leggett/,https://prizeatlas.org/nobel-prize/physics/2003/anthony-j-leggett/,for pioneering contributions to the theory of superconductors and superfluids,Anthony J. Leggett,index,Física,Premio Nobel 2003 1/3,1,0,1,1,"London, Reino Unido",Universidad de Illinois en Urbana-Champaign,"Premio Nobel de Física, 2003",https://www.wikidata.org/wiki/Q192718,1,university-of-illinois-urbana-champaign,alexei-a-abrikosov; vitaly-l-ginzburg,2026-09-30,1938,nobel-000758,Male,Individual,Q457281,I157725225,A5112509340,,047426m28,Anthony J. Leggett,University of Illinois Urbana-Champaign,,Q7191,True
Physics,Física,fisica,2003,Vitaly L. Ginzburg,A5107701637,,Q104668,01jkd3546,for pioneering contributions to the theory of superconductors and superfluids,1/3,0.3333333333333333,Instituto Lébedev de Física,,"Moscow, Rusia",1916-10-04,Moscow,Rusia,Rusia,2009-11-08,,,87,Alexei A. Abrikosov; Anthony J. Leggett,2,1,3,vitaly-l-ginzburg,vitaly-l-ginzburg,Q104668,https://prizeatlas.org/es/nobel-prize/fisica/2003/vitaly-l-ginzburg/,https://prizeatlas.org/nobel-prize/physics/2003/vitaly-l-ginzburg/,for pioneering contributions to the theory of superconductors and superfluids,Vitaly L. Ginzburg,index,Física,Premio Nobel 2003 1/3,1,0,1,1,"Moscow, Rusia",Instituto Lébedev de Física,"Premio Nobel de Física, 2003",https://www.wikidata.org/wiki/Q104668,1,lebedev-physical-institute,alexei-a-abrikosov; anthony-j-leggett,2026-09-30,1916,nobel-000757,Male,Individual,Q1810862,I118517470,A5107701637,,01jkd3546,Vitaly L. Ginzburg,Lebedev Physical Institute,,Q7191,True
Physics,Física,fisica,2004,David J. Gross,A5101843635,0000-0002-1485-7107,Q40262,00pjdza24,for the discovery of asymptotic freedom in the theory of the strong interaction,1/3,0.3333333333333333,Universidad de California,"University of California, Santa Barbara Kavli Institute for Theoretical Physics","Santa Barbara, Estados Unidos",1941-02-19,"Washington, DC",Estados Unidos,Estados Unidos,,,,63,H. David Politzer; Frank Wilczek,2,1,3,david-j-gross,david-j-gross,Q40262,https://prizeatlas.org/es/nobel-prize/fisica/2004/david-j-gross/,https://prizeatlas.org/nobel-prize/physics/2004/david-j-gross/,for the discovery of asymptotic freedom in the theory of the strong interaction,David J. Gross,index,Física,Premio Nobel 2004 1/3,1,1,1,1,"Washington, DC, Estados Unidos",Universidad de California,"Premio Nobel de Física, 2004",https://www.wikidata.org/wiki/Q40262,1,university-of-california,h-david-politzer; frank-wilczek,2026-09-30,1941,nobel-000768,Male,Individual,Q184478,I2803209242,A5101843635,0000-0002-1485-7107,00pjdza24,David J. Gross,University of California,"University of California, Santa Barbara Kavli Institute for Theoretical Physics",Q7191,True
Physics,Física,fisica,2004,Frank Wilczek,A5091196459,0000-0002-6489-6155,Q107450,042nb2s44,for the discovery of asymptotic freedom in the theory of the strong interaction,1/3,0.3333333333333333,Instituto Tecnológico de Massachusetts,,"Cambridge, Estados Unidos",1951-05-15,"New York, NY",Estados Unidos,Estados Unidos,,,,53,David J. Gross; H. David Politzer,2,1,3,frank-wilczek,frank-wilczek,Q107450,https://prizeatlas.org/es/nobel-prize/fisica/2004/frank-wilczek/,https://prizeatlas.org/nobel-prize/physics/2004/frank-wilczek/,for the discovery of asymptotic freedom in the theory of the strong interaction,Frank Wilczek,index,Física,Premio Nobel 2004 1/3,1,1,1,1,"New York, NY, Estados Unidos",Instituto Tecnológico de Massachusetts,"Premio Nobel de Física, 2004",https://www.wikidata.org/wiki/Q107450,1,massachusetts-institute-of-technology,david-j-gross; h-david-politzer,2026-09-30,1951,nobel-000770,Male,Individual,Q49108,I63966007,A5091196459,0000-0002-6489-6155,042nb2s44,Frank Wilczek,Massachusetts Institute of Technology,,Q7191,True
Physics,Física,fisica,2004,H. David Politzer,A5032993578,,Q107407,05dxps055,for the discovery of asymptotic freedom in the theory of the strong interaction,1/3,0.3333333333333333,Instituto de Tecnología de California,,"Pasadena, Estados Unidos",1949-08-31,"New York, NY",Estados Unidos,Estados Unidos,,,,55,David J. Gross; Frank Wilczek,2,1,3,h-david-politzer,h-david-politzer,Q107407,https://prizeatlas.org/es/nobel-prize/fisica/2004/h-david-politzer/,https://prizeatlas.org/nobel-prize/physics/2004/h-david-politzer/,for the discovery of asymptotic freedom in the theory of the strong interaction,H. David Politzer,index,Física,Premio Nobel 2004 1/3,1,0,1,1,"New York, NY, Estados Unidos",Instituto de Tecnología de California,"Premio Nobel de Física, 2004",https://www.wikidata.org/wiki/Q107407,1,california-institute-of-technology,david-j-gross; frank-wilczek,2026-09-30,1949,nobel-000769,Male,Individual,Q161562,I122411786,A5032993578,,05dxps055,H. David Politzer,California Institute of Technology,,Q7191,True
Physics,Física,fisica,2005,Roy J. Glauber,A5049446469,,Q64188,03vek6s52,for his contribution to the quantum theory of optical coherence,1/2,0.5,Universidad Harvard,,"Cambridge, Estados Unidos",1925-09-01,"New York, NY",Estados Unidos,Estados Unidos,2018-12-26,"Newton, MA",Estados Unidos,80,John L. Hall; Theodor W. Hänsch,2,1,1,roy-j-glauber,roy-j-glauber,Q64188,https://prizeatlas.org/es/nobel-prize/fisica/2005/roy-j-glauber/,https://prizeatlas.org/nobel-prize/physics/2005/roy-j-glauber/,for his contribution to the quantum theory of optical coherence,Roy J. Glauber,index,Física,Premio Nobel 2005 1/2,1,0,1,1,"New York, NY, Estados Unidos",Universidad Harvard,"Premio Nobel de Física, 2005",https://www.wikidata.org/wiki/Q64188,1,harvard-university,john-l-hall; theodor-w-hansch,2026-09-30,1925,nobel-000781,Male,Individual,Q13371,I136199984,A5049446469,,03vek6s52,Roy J. Glauber,Harvard University,,Q7191,True
Physics,Física,fisica,2005,John L. Hall,A5009444030,0000-0001-6137-8945,Q206390,,"for their contributions to the development of laser-based precision spectroscopy, including the optical frequency comb technique",1/4,0.25,"University of Colorado, JILA",JILA,"Boulder, Estados Unidos",1934-08-21,"Denver, CO",Estados Unidos,Estados Unidos,,,,71,Roy J. Glauber; Theodor W. Hänsch,2,2,2,john-l-hall,john-l-hall,Q206390,https://prizeatlas.org/es/nobel-prize/fisica/2005/john-l-hall/,https://prizeatlas.org/nobel-prize/physics/2005/john-l-hall/,"for their contributions to the development of laser-based precision spectroscopy, including the optical frequency comb technique",John L. Hall,index,Física,Premio Nobel 2005 1/4,1,1,1,0,"Denver, CO, Estados Unidos","University of Colorado, JILA","Premio Nobel de Física, 2005",https://www.wikidata.org/wiki/Q206390,1,university-of-colorado-jila,roy-j-glauber; theodor-w-hansch,2026-09-30,1934,nobel-000782,Male,Individual,Q1586184,,A5009444030,0000-0001-6137-8945,,John L. Hall,"University of Colorado, JILA",JILA,Q7191,True
Physics,Física,fisica,2005,Theodor W. Hänsch,A5136703544,0000-0002-6476-9033,Q71013,01hhn8329,"for their contributions to the development of laser-based precision spectroscopy, including the optical frequency comb technique",1/4,0.25,Sociedad Max Planck,Max Planck Institute of Quantum Optics,"Garching, Alemania",1941-10-30,Heidelberg,Alemania,Alemania; Estados Unidos,,,,64,Roy J. Glauber; John L. Hall,2,2,2,theodor-w-hansch,theodor-w-hansch,Q71013,https://prizeatlas.org/es/nobel-prize/fisica/2005/theodor-w-hansch/,https://prizeatlas.org/nobel-prize/physics/2005/theodor-w-hansch/,"for their contributions to the development of laser-based precision spectroscopy, including the optical frequency comb technique",Theodor W. Hänsch,index,Física,Premio Nobel 2005 1/4,1,1,1,1,"Heidelberg, Alemania",Sociedad Max Planck,"Premio Nobel de Física, 2005",https://www.wikidata.org/wiki/Q71013,1,max-planck-society,roy-j-glauber; john-l-hall,2026-09-30,1941,nobel-000783,Male,Individual,Q158085,I149899117,A5136703544,0000-0002-6476-9033,01hhn8329,Theodor W. Hänsch,Max Planck Society,Max Planck Institute of Quantum Optics,Q7191,True
Physics,Física,fisica,2006,George F. Smoot,A5106522067,0000-0001-7575-0816,Q179572,00pjdza24,for their discovery of the blackbody form and anisotropy of the cosmic microwave background radiation,1/2,0.5,Universidad de California,"University of California, Berkeley","Berkeley, Estados Unidos",1945-02-20,"Yukon, FL",Estados Unidos,Estados Unidos,2025-09-18,Paris,Francia,61,John C. Mather,1,1,2,george-f-smoot,george-f-smoot,Q179572,https://prizeatlas.org/es/nobel-prize/fisica/2006/george-f-smoot/,https://prizeatlas.org/nobel-prize/physics/2006/george-f-smoot/,for their discovery of the blackbody form and anisotropy of the cosmic microwave background radiation,George F. Smoot,index,Física,Premio Nobel 2006 1/2,1,1,1,1,"Yukon, FL, Estados Unidos",Universidad de California,"Premio Nobel de Física, 2006",https://www.wikidata.org/wiki/Q179572,1,university-of-california,john-c-mather,2026-09-30,1945,nobel-000792,Male,Individual,Q184478,I2803209242,A5106522067,0000-0001-7575-0816,00pjdza24,George F. Smoot,University of California,"University of California, Berkeley",Q7191,True
Physics,Física,fisica,2006,John C. Mather,A5105469517,0000-0002-6460-0078,Q104651,0171mag52,for their discovery of the blackbody form and anisotropy of the cosmic microwave background radiation,1/2,0.5,Centro de vuelo espacial Goddard,,"Greenbelt, Estados Unidos",1946-08-07,"Roanoke, VA",Estados Unidos,Estados Unidos,,,,60,George F. Smoot,1,1,2,john-c-mather,john-c-mather,Q104651,https://prizeatlas.org/es/nobel-prize/fisica/2006/john-c-mather/,https://prizeatlas.org/nobel-prize/physics/2006/john-c-mather/,for their discovery of the blackbody form and anisotropy of the cosmic microwave background radiation,John C. Mather,index,Física,Premio Nobel 2006 1/2,1,1,1,1,"Roanoke, VA, Estados Unidos",Centro de vuelo espacial Goddard,"Premio Nobel de Física, 2006",https://www.wikidata.org/wiki/Q104651,1,nasa-goddard-space-flight-center,george-f-smoot,2026-09-30,1946,nobel-000791,Male,Individual,Q52152,I1306266525,A5105469517,0000-0002-6460-0078,0171mag52,John C. Mather,NASA Goddard Space Flight Center,,Q7191,True
Physics,Física,fisica,2007,Albert Fert,A5055262951,0000-0003-0670-8539,Q153219,03xjwb503,for the discovery of Giant Magnetoresistance,1/2,0.5,Universidad Paris-Saclay,,"Orsay, Francia",1938-03-07,Carcassonne,Francia,Francia,,,,69,Peter Grünberg,1,1,2,albert-fert,albert-fert,Q153219,https://prizeatlas.org/es/nobel-prize/fisica/2007/albert-fert/,https://prizeatlas.org/nobel-prize/physics/2007/albert-fert/,for the discovery of Giant Magnetoresistance,Albert Fert,index,Física,Premio Nobel 2007 1/2,1,1,1,1,"Carcassonne, Francia",Universidad Paris-Saclay,"Premio Nobel de Física, 2007",https://www.wikidata.org/wiki/Q153219,1,universite-paris-saclay,peter-grunberg,2026-09-30,1938,nobel-000803,Male,Individual,Q109409389,I277688954,A5055262951,0000-0003-0670-8539,03xjwb503,Albert Fert,Université Paris-Saclay,,Q7191,True
Physics,Física,fisica,2007,Peter Grünberg,A5029618808,,Q57120,02nv7yv05,for the discovery of Giant Magnetoresistance,1/2,0.5,Forschungszentrum Jülich,,"Jülich, Alemania",1939-05-18,Plzen,República Checa,Alemania,2018-04-09,Jülich,Alemania,68,Albert Fert,1,1,2,peter-grunberg,peter-grunberg,Q57120,https://prizeatlas.org/es/nobel-prize/fisica/2007/peter-grunberg/,https://prizeatlas.org/nobel-prize/physics/2007/peter-grunberg/,for the discovery of Giant Magnetoresistance,Peter Grünberg,index,Física,Premio Nobel 2007 1/2,1,0,1,1,"Plzen, República Checa",Forschungszentrum Jülich,"Premio Nobel de Física, 2007",https://www.wikidata.org/wiki/Q57120,1,forschungszentrum-julich,albert-fert,2026-09-30,1939,nobel-000804,Male,Individual,Q697111,I171892758,A5029618808,,02nv7yv05,Peter Grünberg,Forschungszentrum Jülich,,Q7191,True
Physics,Física,fisica,2008,Yoichiro Nambu,A5053860646,,Q188120,024mw5h28,for the discovery of the mechanism of spontaneous broken symmetry in subatomic physics,1/2,0.5,Universidad de Chicago,Enrico Fermi Institute,"Chicago, Estados Unidos",1921-01-18,Tokyo,Japón,Estados Unidos; Japón,2015-07-05,Osaka,Japón,87,Makoto Kobayashi; Toshihide Maskawa,2,1,1,yoichiro-nambu,yoichiro-nambu,Q188120,https://prizeatlas.org/es/nobel-prize/fisica/2008/yoichiro-nambu/,https://prizeatlas.org/nobel-prize/physics/2008/yoichiro-nambu/,for the discovery of the mechanism of spontaneous broken symmetry in subatomic physics,Yoichiro Nambu,index,Física,Premio Nobel 2008 1/2,1,0,1,1,"Tokyo, Japón",Universidad de Chicago,"Premio Nobel de Física, 2008",https://www.wikidata.org/wiki/Q188120,1,university-of-chicago,makoto-kobayashi; toshihide-maskawa,2026-09-30,1921,nobel-000814,Male,Individual,Q131252,I40347166,A5053860646,,024mw5h28,Yoichiro Nambu,University of Chicago,Enrico Fermi Institute,Q7191,True
Physics,Física,fisica,2008,Makoto Kobayashi,A5061619362,0000-0003-0920-2154,Q202164,01g5y5k24,for the discovery of the origin of the broken symmetry which predicts the existence of at least three families of quarks in nature,1/4,0.25,KEK,,"Tsukuba, Japón",1944-04-07,Nagoya,Japón,Japón,,,,64,Yoichiro Nambu; Toshihide Maskawa,2,2,2,makoto-kobayashi,makoto-kobayashi,Q202164,https://prizeatlas.org/es/nobel-prize/fisica/2008/makoto-kobayashi/,https://prizeatlas.org/nobel-prize/physics/2008/makoto-kobayashi/,for the discovery of the origin of the broken symmetry which predicts the existence of at least three families of quarks in nature,Makoto Kobayashi,index,Física,Premio Nobel 2008 1/4,1,1,1,1,"Nagoya, Japón",KEK,"Premio Nobel de Física, 2008",https://www.wikidata.org/wiki/Q202164,1,high-energy-accelerator-research-organization-kek,yoichiro-nambu; toshihide-maskawa,2026-09-30,1944,nobel-000815,Male,Individual,Q2165768,I138728355,A5061619362,0000-0003-0920-2154,01g5y5k24,Makoto Kobayashi,High Energy Accelerator Research Organization (KEK),,Q7191,True
Physics,Física,fisica,2008,Toshihide Maskawa,A5071580792,,Q202168,05t70xh16,for the discovery of the origin of the broken symmetry which predicts the existence of at least three families of quarks in nature,1/4,0.25,Kyoto Sangyo University,,"Kyoto, Japón",1940-02-07,Nagoya,Japón,Japón,2021-07-23,Kyoto,Japón,68,Yoichiro Nambu; Makoto Kobayashi,2,2,2,toshihide-maskawa,toshihide-maskawa,Q202168,https://prizeatlas.org/es/nobel-prize/fisica/2008/toshihide-maskawa/,https://prizeatlas.org/nobel-prize/physics/2008/toshihide-maskawa/,for the discovery of the origin of the broken symmetry which predicts the existence of at least three families of quarks in nature,Toshihide Maskawa,index,Física,Premio Nobel 2008 1/4,1,0,1,1,"Nagoya, Japón",Kyoto Sangyo University,"Premio Nobel de Física, 2008",https://www.wikidata.org/wiki/Q202168,1,kyoto-sangyo-university,yoichiro-nambu; makoto-kobayashi,2026-09-30,1940,nobel-000816,Male,Individual,Q2221774,I168356945,A5071580792,,05t70xh16,Toshihide Maskawa,Kyoto Sangyo University,,Q7191,True
Physics,Física,fisica,2009,Charles Kuen Kao,A5029955290,,Q16389,,for groundbreaking achievements concerning the transmission of light in fibers for optical communication,1/2,0.5,Standard Telecommunication Laboratories,,"Harlow, Reino Unido",1933-11-04,Shanghai,China,Reino Unido; Estados Unidos,2018-09-23,Hong Kong,,76,Willard S. Boyle; George E. Smith,2,1,1,charles-kuen-kao,charles-kuen-kao,Q16389,https://prizeatlas.org/es/nobel-prize/fisica/2009/charles-kuen-kao/,https://prizeatlas.org/nobel-prize/physics/2009/charles-kuen-kao/,for groundbreaking achievements concerning the transmission of light in fibers for optical communication,Charles Kuen Kao,index,Física,Premio Nobel 2009 1/2,1,0,1,0,"Shanghai, China",Standard Telecommunication Laboratories,"Premio Nobel de Física, 2009",https://www.wikidata.org/wiki/Q16389,1,standard-telecommunication-laboratories,willard-s-boyle; george-e-smith,2026-09-30,1933,nobel-000827,Male,Individual,Q2947631,,A5029955290,,,Charles Kuen Kao,Standard Telecommunication Laboratories,,Q7191,True
Physics,Física,fisica,2009,George E. Smith,A5048212308,,Q76373,,for the invention of an imaging semiconductor circuit - the CCD sensor,1/4,0.25,Bell Labs,,"Murray Hill, Estados Unidos",1930-05-10,"White Plains, NY",Estados Unidos,Estados Unidos,2025-05-28,"Barnegat Township, NJ",Estados Unidos,79,Charles Kuen Kao; Willard S. Boyle,2,2,2,george-e-smith,george-e-smith,Q76373,https://prizeatlas.org/es/nobel-prize/fisica/2009/george-e-smith/,https://prizeatlas.org/nobel-prize/physics/2009/george-e-smith/,for the invention of an imaging semiconductor circuit - the CCD sensor,George E. Smith,index,Física,Premio Nobel 2009 1/4,1,0,1,0,"White Plains, NY, Estados Unidos",Bell Labs,"Premio Nobel de Física, 2009",https://www.wikidata.org/wiki/Q76373,1,bell-labs,charles-kuen-kao; willard-s-boyle,2026-09-30,1930,nobel-000829,Male,Individual,Q217365,,A5048212308,,,George E. Smith,Bell Labs,,Q7191,True
Physics,Física,fisica,2009,Willard S. Boyle,A5078466641,,Q73058,,for the invention of an imaging semiconductor circuit - the CCD sensor,1/4,0.25,Bell Labs,,"Murray Hill, Estados Unidos",1924-08-19,"Amherst, NS",Canadá,Canadá; Estados Unidos,2011-05-07,"Truro, NS",Canadá,85,Charles Kuen Kao; George E. Smith,2,2,2,willard-s-boyle,willard-s-boyle,Q73058,https://prizeatlas.org/es/nobel-prize/fisica/2009/willard-s-boyle/,https://prizeatlas.org/nobel-prize/physics/2009/willard-s-boyle/,for the invention of an imaging semiconductor circuit - the CCD sensor,Willard S. Boyle,index,Física,Premio Nobel 2009 1/4,1,0,1,0,"Amherst, NS, Canadá",Bell Labs,"Premio Nobel de Física, 2009",https://www.wikidata.org/wiki/Q73058,1,bell-labs,charles-kuen-kao; george-e-smith,2026-09-30,1924,nobel-000828,Male,Individual,Q217365,,A5078466641,,,Willard S. Boyle,Bell Labs,,Q7191,True
Physics,Física,fisica,2010,Andre Geim,A5058357018,0000-0003-2861-8331,Q104104,027m9bs27,for groundbreaking experiments regarding the two-dimensional material graphene,1/2,0.5,Universidad de Mánchester,,"Manchester, Reino Unido",1958-10-21,Sochi,Rusia,Rusia; Países Bajos; Reino Unido,,,,52,Konstantin Novoselov,1,1,2,andre-geim,andre-geim,Q104104,https://prizeatlas.org/es/nobel-prize/fisica/2010/andre-geim/,https://prizeatlas.org/nobel-prize/physics/2010/andre-geim/,for groundbreaking experiments regarding the two-dimensional material graphene,Andre Geim,index,Física,Premio Nobel 2010 1/2,1,1,1,1,"Sochi, Rusia",Universidad de Mánchester,"Premio Nobel de Física, 2010",https://www.wikidata.org/wiki/Q104104,1,university-of-manchester,konstantin-novoselov,2026-09-30,1958,nobel-000839,Male,Individual,Q230899,I28407311,A5058357018,0000-0003-2861-8331,027m9bs27,Andre Geim,University of Manchester,,Q7191,True
Physics,Física,fisica,2010,Konstantin Novoselov,A5135234997,0000-0003-4972-5371,Q106494,027m9bs27,for groundbreaking experiments regarding the two-dimensional material graphene,1/2,0.5,Universidad de Mánchester,,"Manchester, Reino Unido",1974-08-23,Nizhny Tagil,Rusia,Rusia; Reino Unido,,,,36,Andre Geim,1,1,2,konstantin-novoselov,konstantin-novoselov,Q106494,https://prizeatlas.org/es/nobel-prize/fisica/2010/konstantin-novoselov/,https://prizeatlas.org/nobel-prize/physics/2010/konstantin-novoselov/,for groundbreaking experiments regarding the two-dimensional material graphene,Konstantin Novoselov,index,Física,Premio Nobel 2010 1/2,1,1,1,1,"Nizhny Tagil, Rusia",Universidad de Mánchester,"Premio Nobel de Física, 2010",https://www.wikidata.org/wiki/Q106494,1,university-of-manchester,andre-geim,2026-09-30,1974,nobel-000840,Male,Individual,Q230899,I28407311,A5135234997,0000-0003-4972-5371,027m9bs27,Konstantin Novoselov,University of Manchester,,Q7191,True
Physics,Física,fisica,2011,Adam G. Riess,A5017158718,0000-0002-6124-1196,Q106454,00za53h95,for the discovery of the accelerating expansion of the Universe through observations of distant supernovae,1/4,0.25,Universidad Johns Hopkins,,"Baltimore, Estados Unidos",1969-12-16,"Washington, DC",Estados Unidos,Estados Unidos,,,,42,Saul Perlmutter; Brian P. Schmidt,2,1,3,adam-g-riess,adam-g-riess,Q106454,https://prizeatlas.org/es/nobel-prize/fisica/2011/adam-g-riess/,https://prizeatlas.org/nobel-prize/physics/2011/adam-g-riess/,for the discovery of the accelerating expansion of the Universe through observations of distant supernovae,Adam G. Riess,index,Física,Premio Nobel 2011 1/4,1,1,1,1,"Washington, DC, Estados Unidos",Universidad Johns Hopkins,"Premio Nobel de Física, 2011",https://www.wikidata.org/wiki/Q106454,1,johns-hopkins-university,saul-perlmutter; brian-p-schmidt,2026-09-30,1969,nobel-000853,Male,Individual,Q193727,I145311948,A5017158718,0000-0002-6124-1196,00za53h95,Adam G. Riess,Johns Hopkins University,,Q7191,True
Physics,Física,fisica,2011,Brian P. Schmidt,A5102850551,0000-0001-6589-1287,Q201452,019wvm592,for the discovery of the accelerating expansion of the Universe through observations of distant supernovae,1/4,0.25,Universidad Nacional Australiana,,"Canberra, Australia",1967-02-24,"Missoula, MT",Estados Unidos,Estados Unidos; Australia,,,,44,Saul Perlmutter; Adam G. Riess,2,1,3,brian-p-schmidt,brian-p-schmidt,Q201452,https://prizeatlas.org/es/nobel-prize/fisica/2011/brian-p-schmidt/,https://prizeatlas.org/nobel-prize/physics/2011/brian-p-schmidt/,for the discovery of the accelerating expansion of the Universe through observations of distant supernovae,Brian P. Schmidt,index,Física,Premio Nobel 2011 1/4,1,1,1,1,"Missoula, MT, Estados Unidos",Universidad Nacional Australiana,"Premio Nobel de Física, 2011",https://www.wikidata.org/wiki/Q201452,1,australian-national-university,saul-perlmutter; adam-g-riess,2026-09-30,1967,nobel-000852,Male,Individual,Q127990,I118347636,A5102850551,0000-0001-6589-1287,019wvm592,Brian P. Schmidt,Australian National University,,Q7191,True
Physics,Física,fisica,2011,Saul Perlmutter,A5030135192,0000-0002-4436-4661,Q106949,02jbv0t02,for the discovery of the accelerating expansion of the Universe through observations of distant supernovae,1/2,0.5,Lawrence Berkeley National Laboratory,,"Berkeley, Estados Unidos",1959,"Champaign-Urbana, IL",Estados Unidos,Estados Unidos,,,,52,Brian P. Schmidt; Adam G. Riess,2,1,3,saul-perlmutter,saul-perlmutter,Q106949,https://prizeatlas.org/es/nobel-prize/fisica/2011/saul-perlmutter/,https://prizeatlas.org/nobel-prize/physics/2011/saul-perlmutter/,for the discovery of the accelerating expansion of the Universe through observations of distant supernovae,Saul Perlmutter,index,Física,Premio Nobel 2011 1/2,1,1,1,1,"Champaign-Urbana, IL, Estados Unidos",Lawrence Berkeley National Laboratory,"Premio Nobel de Física, 2011",https://www.wikidata.org/wiki/Q106949,1,lawrence-berkeley-national-laboratory,brian-p-schmidt; adam-g-riess,2026-09-30,1959,nobel-000851,Male,Individual,Q1133630,I148283060,A5030135192,0000-0002-4436-4661,02jbv0t02,Saul Perlmutter,Lawrence Berkeley National Laboratory,,Q7191,True
Physics,Física,fisica,2012,David J. Wineland,A5001536933,0000-0002-9770-5220,Q61045,05xpvk416,for ground-breaking experimental methods that enable measuring and manipulation of individual quantum systems,1/2,0.5,Instituto Nacional de Estándares y Tecnología,,"Boulder, Estados Unidos",1944-02-24,"Milwaukee, WI",Estados Unidos,Estados Unidos,,,,68,Serge Haroche,1,1,2,david-j-wineland,david-j-wineland,Q61045,https://prizeatlas.org/es/nobel-prize/fisica/2012/david-j-wineland/,https://prizeatlas.org/nobel-prize/physics/2012/david-j-wineland/,for ground-breaking experimental methods that enable measuring and manipulation of individual quantum systems,David J. Wineland,index,Física,Premio Nobel 2012 1/2,1,1,1,1,"Milwaukee, WI, Estados Unidos",Instituto Nacional de Estándares y Tecnología,"Premio Nobel de Física, 2012",https://www.wikidata.org/wiki/Q61045,1,national-institute-of-standards-and-technology,serge-haroche,2026-09-30,1944,nobel-000863,Male,Individual,Q176691,I1321296531,A5001536933,0000-0002-9770-5220,05xpvk416,David J. Wineland,National Institute of Standards and Technology,,Q7191,True
Physics,Física,fisica,2012,Serge Haroche,A5108398851,,Q109588,04ex24z53,for ground-breaking experimental methods that enable measuring and manipulation of individual quantum systems,1/2,0.5,Collège de France,,"Paris, Francia",1944-09-11,Casablanca,Marruecos,Francia,,,,68,David J. Wineland,1,1,2,serge-haroche,serge-haroche,Q109588,https://prizeatlas.org/es/nobel-prize/fisica/2012/serge-haroche/,https://prizeatlas.org/nobel-prize/physics/2012/serge-haroche/,for ground-breaking experimental methods that enable measuring and manipulation of individual quantum systems,Serge Haroche,index,Física,Premio Nobel 2012 1/2,1,0,1,1,"Casablanca, Marruecos",Collège de France,"Premio Nobel de Física, 2012",https://www.wikidata.org/wiki/Q109588,1,college-de-france,david-j-wineland,2026-09-30,1944,nobel-000862,Male,Individual,Q202660,I187986737,A5108398851,,04ex24z53,Serge Haroche,Collège de France,,Q7191,True
Physics,Física,fisica,2013,François Englert,A5109059719,,Q151746,01r9htc13,"for the theoretical discovery of a mechanism that contributes to our understanding of the origin of mass of subatomic particles, and which recently was confirmed through the discovery of the predicted fundamental particle, by the ATLAS and CMS experiments at CERN's Large Hadron Collider",1/2,0.5,Universidad libre de Bruselas,,"Brussels, Bélgica",1932-11-06,Etterbeek,Bélgica,Bélgica; Francia,2026-06-18,Uccle,Bélgica,81,Peter W. Higgs,1,1,2,francois-englert,francois-englert,Q151746,https://prizeatlas.org/es/nobel-prize/fisica/2013/francois-englert/,https://prizeatlas.org/nobel-prize/physics/2013/francois-englert/,"for the theoretical discovery of a mechanism that contributes to our understanding of the origin of mass of subatomic particles, and which recently was confirmed through the discovery of the predicted fundamental particle, by the ATLAS and CMS experiments at CERN's Large Hadron Collider",François Englert,index,Física,Premio Nobel 2013 1/2,1,0,1,1,"Etterbeek, Bélgica",Universidad libre de Bruselas,"Premio Nobel de Física, 2013",https://www.wikidata.org/wiki/Q151746,1,universite-libre-de-bruxelles,peter-w-higgs,2026-09-30,1932,nobel-000875,Male,Individual,Q574606,I132053463,A5109059719,,01r9htc13,François Englert,Université libre de Bruxelles,,Q7191,True
Physics,Física,fisica,2013,Peter W. Higgs,A5103709169,,Q192112,01nrxwf90,"for the theoretical discovery of a mechanism that contributes to our understanding of the origin of mass of subatomic particles, and which recently was confirmed through the discovery of the predicted fundamental particle, by the ATLAS and CMS experiments at CERN's Large Hadron Collider",1/2,0.5,Universidad de Edimburgo,,"Edinburgh, Reino Unido",1929-05-29,Newcastle upon Tyne,Reino Unido,Reino Unido,2024-04-08,Edinburgh,Reino Unido,84,François Englert,1,1,2,peter-w-higgs,peter-w-higgs,Q192112,https://prizeatlas.org/es/nobel-prize/fisica/2013/peter-w-higgs/,https://prizeatlas.org/nobel-prize/physics/2013/peter-w-higgs/,"for the theoretical discovery of a mechanism that contributes to our understanding of the origin of mass of subatomic particles, and which recently was confirmed through the discovery of the predicted fundamental particle, by the ATLAS and CMS experiments at CERN's Large Hadron Collider",Peter W. Higgs,index,Física,Premio Nobel 2013 1/2,1,0,1,1,"Newcastle upon Tyne, Reino Unido",Universidad de Edimburgo,"Premio Nobel de Física, 2013",https://www.wikidata.org/wiki/Q192112,1,university-of-edinburgh,francois-englert,2026-09-30,1929,nobel-000876,Male,Individual,Q160302,I98677209,A5103709169,,01nrxwf90,Peter W. Higgs,University of Edinburgh,,Q7191,True
Physics,Física,fisica,2014,Hiroshi Amano,A5048399593,0000-0002-7598-2593,Q11443689,04chrp450,for the invention of efficient blue light-emitting diodes which has enabled bright and energy-saving white light sources,1/3,0.3333333333333333,Universidad de Nagoya,,"Nagoya, Japón",1960-09-11,Hamamatsu,Japón,Japón,,,,54,Isamu Akasaki; Shuji Nakamura,2,1,3,hiroshi-amano,hiroshi-amano,Q11443689,https://prizeatlas.org/es/nobel-prize/fisica/2014/hiroshi-amano/,https://prizeatlas.org/nobel-prize/physics/2014/hiroshi-amano/,for the invention of efficient blue light-emitting diodes which has enabled bright and energy-saving white light sources,Hiroshi Amano,index,Física,Premio Nobel 2014 1/3,1,1,1,1,"Hamamatsu, Japón",Universidad de Nagoya,"Premio Nobel de Física, 2014",https://www.wikidata.org/wiki/Q11443689,1,nagoya-university,isamu-akasaki; shuji-nakamura,2026-09-30,1960,nobel-000888,Male,Individual,Q1191132,I60134161,A5048399593,0000-0002-7598-2593,04chrp450,Hiroshi Amano,Nagoya University,,Q7191,True
Physics,Física,fisica,2014,Isamu Akasaki,A5081597179,,Q1673706,04h42fc75,for the invention of efficient blue light-emitting diodes which has enabled bright and energy-saving white light sources,1/3,0.3333333333333333,Universidad Meijo,,"Nagoya, Japón",1929-01-30,Chiran,Japón,Japón,2021-04-01,Nagoya,Japón,85,Hiroshi Amano; Shuji Nakamura,2,1,3,isamu-akasaki,isamu-akasaki,Q1673706,https://prizeatlas.org/es/nobel-prize/fisica/2014/isamu-akasaki/,https://prizeatlas.org/nobel-prize/physics/2014/isamu-akasaki/,for the invention of efficient blue light-emitting diodes which has enabled bright and energy-saving white light sources,Isamu Akasaki,index,Física,Premio Nobel 2014 1/3,1,0,1,1,"Chiran, Japón",Universidad Meijo,"Premio Nobel de Física, 2014",https://www.wikidata.org/wiki/Q1673706,1,meijo-university,hiroshi-amano; shuji-nakamura,2026-09-30,1929,nobel-000887,Male,Individual,Q847117,I96636082,A5081597179,,04h42fc75,Isamu Akasaki,Meijo University,,Q7191,True
Physics,Física,fisica,2014,Shuji Nakamura,A5060156624,0000-0001-6286-884X,Q730065,00pjdza24,for the invention of efficient blue light-emitting diodes which has enabled bright and energy-saving white light sources,1/3,0.3333333333333333,Universidad de California,"University of California, Santa Barbara","Santa Barbara, Estados Unidos",1954-05-22,Ikata,Japón,Japón; Estados Unidos,,,,60,Isamu Akasaki; Hiroshi Amano,2,1,3,shuji-nakamura,shuji-nakamura,Q730065,https://prizeatlas.org/es/nobel-prize/fisica/2014/shuji-nakamura/,https://prizeatlas.org/nobel-prize/physics/2014/shuji-nakamura/,for the invention of efficient blue light-emitting diodes which has enabled bright and energy-saving white light sources,Shuji Nakamura,index,Física,Premio Nobel 2014 1/3,1,1,1,1,"Ikata, Japón",Universidad de California,"Premio Nobel de Física, 2014",https://www.wikidata.org/wiki/Q730065,1,university-of-california,isamu-akasaki; hiroshi-amano,2026-09-30,1954,nobel-000889,Male,Individual,Q184478,I2803209242,A5060156624,0000-0001-6286-884X,00pjdza24,Shuji Nakamura,University of California,"University of California, Santa Barbara",Q7191,True
Physics,Física,fisica,2015,Arthur B. McDonald,A5003241485,,Q710597,02y72wh86,"for the discovery of neutrino oscillations, which shows that neutrinos have mass",1/2,0.5,Universidad de Queen,,"Kingston, Canadá",1943-08-29,Sydney,Canadá,Canadá,,,,72,Takaaki Kajita,1,1,2,arthur-b-mcdonald,arthur-b-mcdonald,Q710597,https://prizeatlas.org/es/nobel-prize/fisica/2015/arthur-b-mcdonald/,https://prizeatlas.org/nobel-prize/physics/2015/arthur-b-mcdonald/,"for the discovery of neutrino oscillations, which shows that neutrinos have mass",Arthur B. McDonald,index,Física,Premio Nobel 2015 1/2,1,0,1,1,"Sydney, Canadá",Universidad de Queen,"Premio Nobel de Física, 2015",https://www.wikidata.org/wiki/Q710597,1,queen-s-university,takaaki-kajita,2026-09-30,1943,nobel-000900,Male,Individual,Q1420038,I204722609,A5003241485,,02y72wh86,Arthur B. McDonald,Queen's University,,Q7191,True
Physics,Física,fisica,2015,Takaaki Kajita,A5136088398,0000-0003-1207-6638,Q11538917,057zh3y96,"for the discovery of neutrino oscillations, which shows that neutrinos have mass",1/2,0.5,Universidad de Tokio,,"Kashiwa, Japón",1959-03-09,Higashimatsuyama,Japón,Japón,,,,56,Arthur B. McDonald,1,1,2,takaaki-kajita,takaaki-kajita,Q11538917,https://prizeatlas.org/es/nobel-prize/fisica/2015/takaaki-kajita/,https://prizeatlas.org/nobel-prize/physics/2015/takaaki-kajita/,"for the discovery of neutrino oscillations, which shows that neutrinos have mass",Takaaki Kajita,index,Física,Premio Nobel 2015 1/2,1,1,1,1,"Higashimatsuyama, Japón",Universidad de Tokio,"Premio Nobel de Física, 2015",https://www.wikidata.org/wiki/Q11538917,1,university-of-tokyo,arthur-b-mcdonald,2026-09-30,1959,nobel-000899,Male,Individual,Q7842,I74801974,A5136088398,0000-0003-1207-6638,057zh3y96,Takaaki Kajita,University of Tokyo,,Q7191,True
Physics,Física,fisica,2016,David J. Thouless,A5110124079,,Q726394,00cvxb145,for theoretical discoveries of topological phase transitions and topological phases of matter,1/2,0.5,Universidad de Washington,,"Seattle, Estados Unidos",1934-09-21,Bearsden,Reino Unido,Reino Unido; Estados Unidos,2019-04-06,Cambridge,Reino Unido,82,F. Duncan M. Haldane; J. Michael Kosterlitz,2,1,3,david-j-thouless,david-j-thouless,Q726394,https://prizeatlas.org/es/nobel-prize/fisica/2016/david-j-thouless/,https://prizeatlas.org/nobel-prize/physics/2016/david-j-thouless/,for theoretical discoveries of topological phase transitions and topological phases of matter,David J. Thouless,index,Física,Premio Nobel 2016 1/2,1,0,1,1,"Bearsden, Reino Unido",Universidad de Washington,"Premio Nobel de Física, 2016",https://www.wikidata.org/wiki/Q726394,1,university-of-washington,f-duncan-m-haldane; j-michael-kosterlitz,2026-09-30,1934,nobel-000909,Male,Individual,Q219563,I201448701,A5110124079,,00cvxb145,David J. Thouless,University of Washington,,Q7191,True
Physics,Física,fisica,2016,F. Duncan M. Haldane,A5089213304,0000-0001-6420-9549,Q1002250,00hx57361,for theoretical discoveries of topological phase transitions and topological phases of matter,1/4,0.25,Universidad de Princeton,,"Princeton, Estados Unidos",1951-09-14,London,Reino Unido,Reino Unido; Eslovenia,,,,65,David J. Thouless; J. Michael Kosterlitz,2,1,3,f-duncan-m-haldane,f-duncan-m-haldane,Q1002250,https://prizeatlas.org/es/nobel-prize/fisica/2016/f-duncan-m-haldane/,https://prizeatlas.org/nobel-prize/physics/2016/f-duncan-m-haldane/,for theoretical discoveries of topological phase transitions and topological phases of matter,F. Duncan M. Haldane,index,Física,Premio Nobel 2016 1/4,1,1,1,1,"London, Reino Unido",Universidad de Princeton,"Premio Nobel de Física, 2016",https://www.wikidata.org/wiki/Q1002250,1,princeton-university,david-j-thouless; j-michael-kosterlitz,2026-09-30,1951,nobel-000910,Male,Individual,Q21578,I20089843,A5089213304,0000-0001-6420-9549,00hx57361,F. Duncan M. Haldane,Princeton University,,Q7191,True
Physics,Física,fisica,2016,J. Michael Kosterlitz,A5057254153,0000-0002-2608-6952,Q1700920,05gq02987,for theoretical discoveries of topological phase transitions and topological phases of matter,1/4,0.25,Universidad Brown,,"Providence, Estados Unidos",1943-06-22,Aberdeen,Reino Unido,Reino Unido; Estados Unidos,,,,73,David J. Thouless; F. Duncan M. Haldane,2,1,3,j-michael-kosterlitz,j-michael-kosterlitz,Q1700920,https://prizeatlas.org/es/nobel-prize/fisica/2016/j-michael-kosterlitz/,https://prizeatlas.org/nobel-prize/physics/2016/j-michael-kosterlitz/,for theoretical discoveries of topological phase transitions and topological phases of matter,J. Michael Kosterlitz,index,Física,Premio Nobel 2016 1/4,1,1,1,1,"Aberdeen, Reino Unido",Universidad Brown,"Premio Nobel de Física, 2016",https://www.wikidata.org/wiki/Q1700920,1,brown-university,david-j-thouless; f-duncan-m-haldane,2026-09-30,1943,nobel-000911,Male,Individual,Q49114,I27804330,A5057254153,0000-0002-2608-6952,05gq02987,J. Michael Kosterlitz,Brown University,,Q7191,True
Physics,Física,fisica,2017,Barry C. Barish,A5040898326,0000-0001-6386-7371,Q15900993,,for decisive contributions to the LIGO detector and the observation of gravitational waves,1/4,0.25,LIGO/VIRGO Collaboration,,"Pasadena, Estados Unidos",1936-01-27,"Omaha, NE",Estados Unidos,Estados Unidos,,,,81,Rainer Weiss; Kip S. Thorne,2,1,3,barry-c-barish,barry-c-barish,Q15900993,https://prizeatlas.org/es/nobel-prize/fisica/2017/barry-c-barish/,https://prizeatlas.org/nobel-prize/physics/2017/barry-c-barish/,for decisive contributions to the LIGO detector and the observation of gravitational waves,Barry C. Barish,index,Física,Premio Nobel 2017 1/4,1,1,1,0,"Omaha, NE, Estados Unidos",LIGO/VIRGO Collaboration,"Premio Nobel de Física, 2017",https://www.wikidata.org/wiki/Q15900993,1,ligo-virgo-collaboration,rainer-weiss; kip-s-thorne,2026-09-30,1936,nobel-000922,Male,Individual,,,A5040898326,0000-0001-6386-7371,,Barry C. Barish,LIGO/VIRGO Collaboration,,Q7191,True
Physics,Física,fisica,2017,Kip S. Thorne,A5103423628,0000-0002-9475-4318,Q323320,,for decisive contributions to the LIGO detector and the observation of gravitational waves,1/4,0.25,LIGO/VIRGO Collaboration,,"Pasadena, Estados Unidos",1940-06-01,"Logan, UT",Estados Unidos,Estados Unidos,,,,77,Rainer Weiss; Barry C. Barish,2,1,3,kip-s-thorne,kip-s-thorne,Q323320,https://prizeatlas.org/es/nobel-prize/fisica/2017/kip-s-thorne/,https://prizeatlas.org/nobel-prize/physics/2017/kip-s-thorne/,for decisive contributions to the LIGO detector and the observation of gravitational waves,Kip S. Thorne,index,Física,Premio Nobel 2017 1/4,1,1,1,0,"Logan, UT, Estados Unidos",LIGO/VIRGO Collaboration,"Premio Nobel de Física, 2017",https://www.wikidata.org/wiki/Q323320,1,ligo-virgo-collaboration,rainer-weiss; barry-c-barish,2026-09-30,1940,nobel-000923,Male,Individual,,,A5103423628,0000-0002-9475-4318,,Kip S. Thorne,LIGO/VIRGO Collaboration,,Q7191,True
Physics,Física,fisica,2017,Rainer Weiss,A5103619207,,Q2128461,,for decisive contributions to the LIGO detector and the observation of gravitational waves,1/2,0.5,LIGO/VIRGO Collaboration,,"Pasadena, Estados Unidos",1932-09-29,Berlin,Alemania,Estados Unidos,2025-08-25,"Cambridge, MA",Estados Unidos,85,Barry C. Barish; Kip S. Thorne,2,1,3,rainer-weiss,rainer-weiss,Q2128461,https://prizeatlas.org/es/nobel-prize/fisica/2017/rainer-weiss/,https://prizeatlas.org/nobel-prize/physics/2017/rainer-weiss/,for decisive contributions to the LIGO detector and the observation of gravitational waves,Rainer Weiss,index,Física,Premio Nobel 2017 1/2,1,0,1,0,"Berlin, Alemania",LIGO/VIRGO Collaboration,"Premio Nobel de Física, 2017",https://www.wikidata.org/wiki/Q2128461,1,ligo-virgo-collaboration,barry-c-barish; kip-s-thorne,2026-09-30,1932,nobel-000921,Male,Individual,,,A5103619207,,,Rainer Weiss,LIGO/VIRGO Collaboration,,Q7191,True
Physics,Física,fisica,2018,Arthur Ashkin,A5045721355,,Q708472,,for the optical tweezers and their application to biological systems,1/2,0.5,Bell Labs,,"Holmdel, Estados Unidos",1922-09-02,"New York, NY",Estados Unidos,Estados Unidos,2020-09-21,"Rumson, NJ",Estados Unidos,96,Gérard Mourou; Donna Strickland,2,1,1,arthur-ashkin,arthur-ashkin,Q708472,https://prizeatlas.org/es/nobel-prize/fisica/2018/arthur-ashkin/,https://prizeatlas.org/nobel-prize/physics/2018/arthur-ashkin/,for the optical tweezers and their application to biological systems,Arthur Ashkin,index,Física,Premio Nobel 2018 1/2,1,0,1,0,"New York, NY, Estados Unidos",Bell Labs,"Premio Nobel de Física, 2018",https://www.wikidata.org/wiki/Q708472,1,bell-labs,gerard-mourou; donna-strickland,2026-09-30,1922,nobel-000934,Male,Individual,Q217365,,A5045721355,,,Arthur Ashkin,Bell Labs,,Q7191,True
Physics,Física,fisica,2018,Donna Strickland,A5019063503,0000-0003-2925-5413,Q56855591,01aff2v68,"for their method of generating high-intensity, ultra-short optical pulses",1/4,0.25,Universidad de Waterloo,,"Waterloo, Canadá",1959-05-27,Guelph,Canadá,Canadá,,,,59,Arthur Ashkin; Gérard Mourou,2,2,2,donna-strickland,donna-strickland,Q56855591,https://prizeatlas.org/es/nobel-prize/fisica/2018/donna-strickland/,https://prizeatlas.org/nobel-prize/physics/2018/donna-strickland/,"for their method of generating high-intensity, ultra-short optical pulses",Donna Strickland,index,Física,Premio Nobel 2018 1/4,1,1,1,1,"Guelph, Canadá",Universidad de Waterloo,"Premio Nobel de Física, 2018",https://www.wikidata.org/wiki/Q56855591,1,university-of-waterloo,arthur-ashkin; gerard-mourou,2026-09-30,1959,nobel-000936,Female,Individual,Q1049470,I151746483,A5019063503,0000-0003-2925-5413,01aff2v68,Donna Strickland,University of Waterloo,,Q7191,True
Physics,Física,fisica,2018,Gérard Mourou,A5057252770,,Q556543,05hy3tk52,"for their method of generating high-intensity, ultra-short optical pulses",1/4,0.25,Escuela Politécnica,,"Palaiseau, Francia",1944-06-22,Albertville,Francia,Francia,,,,74,Arthur Ashkin; Donna Strickland,2,2,2,gerard-mourou,gerard-mourou,Q556543,https://prizeatlas.org/es/nobel-prize/fisica/2018/gerard-mourou/,https://prizeatlas.org/nobel-prize/physics/2018/gerard-mourou/,"for their method of generating high-intensity, ultra-short optical pulses",Gérard Mourou,index,Física,Premio Nobel 2018 1/4,1,0,1,1,"Albertville, Francia",Escuela Politécnica,"Premio Nobel de Física, 2018",https://www.wikidata.org/wiki/Q556543,1,ecole-polytechnique,arthur-ashkin; donna-strickland,2026-09-30,1944,nobel-000935,Male,Individual,Q273626,I142476485,A5057252770,,05hy3tk52,Gérard Mourou,École Polytechnique,,Q7191,True
Physics,Física,fisica,2019,James Peebles,A5043531064,,Q728331,00hx57361,for theoretical discoveries in physical cosmology,1/2,0.5,Universidad de Princeton,,"Princeton, Estados Unidos",1935-04-25,Winnipeg,Canadá,Canadá; Estados Unidos,,,,84,Michel Mayor; Didier Queloz,2,1,1,james-peebles,james-peebles,Q728331,https://prizeatlas.org/es/nobel-prize/fisica/2019/james-peebles/,https://prizeatlas.org/nobel-prize/physics/2019/james-peebles/,for theoretical discoveries in physical cosmology,James Peebles,index,Física,Premio Nobel 2019 1/2,1,0,1,1,"Winnipeg, Canadá",Universidad de Princeton,"Premio Nobel de Física, 2019",https://www.wikidata.org/wiki/Q728331,1,princeton-university,michel-mayor; didier-queloz,2026-09-30,1935,nobel-000948,Male,Individual,Q21578,I20089843,A5043531064,,00hx57361,James Peebles,Princeton University,,Q7191,True
Physics,Física,fisica,2019,Didier Queloz,A5023914308,0000-0002-3012-0316,Q124013,01swzsf04,for the discovery of an exoplanet orbiting a solar-type star,1/4,0.25,Universidad de Ginebra,,"Geneva, Suiza",1966-02-23,Geneva,Suiza,Suiza,,,,53,James Peebles; Michel Mayor,2,2,2,didier-queloz,didier-queloz,Q124013,https://prizeatlas.org/es/nobel-prize/fisica/2019/didier-queloz/,https://prizeatlas.org/nobel-prize/physics/2019/didier-queloz/,for the discovery of an exoplanet orbiting a solar-type star,Didier Queloz,index,Física,Premio Nobel 2019 1/4,1,1,1,1,"Geneva, Suiza",Universidad de Ginebra,"Premio Nobel de Física, 2019",https://www.wikidata.org/wiki/Q124013,1,university-of-geneva,james-peebles; michel-mayor,2026-09-30,1966,nobel-000950,Male,Individual,Q503473,I114457229,A5023914308,0000-0002-3012-0316,01swzsf04,Didier Queloz,University of Geneva,,Q7191,True
Physics,Física,fisica,2019,Michel Mayor,A5006919346,0000-0002-9352-5935,Q123975,01swzsf04,for the discovery of an exoplanet orbiting a solar-type star,1/4,0.25,Universidad de Ginebra,,"Geneva, Suiza",1942-01-12,Lausanne,Suiza,Suiza,,,,77,James Peebles; Didier Queloz,2,2,2,michel-mayor,michel-mayor,Q123975,https://prizeatlas.org/es/nobel-prize/fisica/2019/michel-mayor/,https://prizeatlas.org/nobel-prize/physics/2019/michel-mayor/,for the discovery of an exoplanet orbiting a solar-type star,Michel Mayor,index,Física,Premio Nobel 2019 1/4,1,1,1,1,"Lausanne, Suiza",Universidad de Ginebra,"Premio Nobel de Física, 2019",https://www.wikidata.org/wiki/Q123975,1,university-of-geneva,james-peebles; didier-queloz,2026-09-30,1942,nobel-000949,Male,Individual,Q503473,I114457229,A5006919346,0000-0002-9352-5935,01swzsf04,Michel Mayor,University of Geneva,,Q7191,True
Physics,Física,fisica,2020,Roger Penrose,A5014894861,,Q193803,052gg0110,for the discovery that black hole formation is a robust prediction of the general theory of relativity,1/2,0.5,Universidad de Oxford,,"Oxford, Reino Unido",1931-08-08,Colchester,Reino Unido,Reino Unido,,,,89,Reinhard Genzel; Andrea M. Ghez,2,1,1,roger-penrose,roger-penrose,Q193803,https://prizeatlas.org/es/nobel-prize/fisica/2020/roger-penrose/,https://prizeatlas.org/nobel-prize/physics/2020/roger-penrose/,for the discovery that black hole formation is a robust prediction of the general theory of relativity,Roger Penrose,index,Física,Premio Nobel 2020 1/2,1,0,1,1,"Colchester, Reino Unido",Universidad de Oxford,"Premio Nobel de Física, 2020",https://www.wikidata.org/wiki/Q193803,1,university-of-oxford,reinhard-genzel; andrea-m-ghez,2026-09-30,1931,nobel-000960,Male,Individual,Q34433,I40120149,A5014894861,,052gg0110,Roger Penrose,University of Oxford,,Q7191,True
Physics,Física,fisica,2020,Andrea M. Ghez,A5140947075,0000-0003-3230-5055,Q493956,00pjdza24,for the discovery of a supermassive compact object at the centre of our galaxy,1/4,0.25,Universidad de California,"University of California, Los Angeles","Los Angeles, Estados Unidos",1965-06-16,"New York, NY",Estados Unidos,Estados Unidos,,,,55,Roger Penrose; Reinhard Genzel,2,2,2,andrea-m-ghez,andrea-m-ghez,Q493956,https://prizeatlas.org/es/nobel-prize/fisica/2020/andrea-m-ghez/,https://prizeatlas.org/nobel-prize/physics/2020/andrea-m-ghez/,for the discovery of a supermassive compact object at the centre of our galaxy,Andrea M. Ghez,index,Física,Premio Nobel 2020 1/4,1,1,1,1,"New York, NY, Estados Unidos",Universidad de California,"Premio Nobel de Física, 2020",https://www.wikidata.org/wiki/Q493956,1,university-of-california,roger-penrose; reinhard-genzel,2026-09-30,1965,nobel-000962,Female,Individual,Q184478,I2803209242,A5140947075,0000-0003-3230-5055,00pjdza24,Andrea M. Ghez,University of California,"University of California, Los Angeles",Q7191,True
Physics,Física,fisica,2020,Reinhard Genzel,A5032049136,0000-0002-2767-9653,Q65807,01hhn8329,for the discovery of a supermassive compact object at the centre of our galaxy,1/4,0.25,Sociedad Max Planck,Max Planck Institute for Extraterrestrial Physics,"Garching, Alemania",1952-03-24,Bad Homburg vor der Höhe,Alemania,Alemania,,,,68,Roger Penrose; Andrea M. Ghez,2,2,2,reinhard-genzel,reinhard-genzel,Q65807,https://prizeatlas.org/es/nobel-prize/fisica/2020/reinhard-genzel/,https://prizeatlas.org/nobel-prize/physics/2020/reinhard-genzel/,for the discovery of a supermassive compact object at the centre of our galaxy,Reinhard Genzel,index,Física,Premio Nobel 2020 1/4,1,1,1,1,"Bad Homburg vor der Höhe, Alemania",Sociedad Max Planck,"Premio Nobel de Física, 2020",https://www.wikidata.org/wiki/Q65807,1,max-planck-society,roger-penrose; andrea-m-ghez,2026-09-30,1952,nobel-000961,Male,Individual,Q158085,I149899117,A5032049136,0000-0002-2767-9653,01hhn8329,Reinhard Genzel,Max Planck Society,Max Planck Institute for Extraterrestrial Physics,Q7191,True
Physics,Física,fisica,2021,Klaus Hasselmann,A5112219120,0000-0002-8501-1387,Q109370,01hhn8329,"for the physical modelling of Earth’s climate, quantifying variability and reliably predicting global warming",1/4,0.25,Sociedad Max Planck,Max Planck Institute for Meteorology,"Hamburg, Alemania",1931-10-25,Hamburg,Alemania,Alemania,,,,90,Syukuro Manabe; Giorgio Parisi,2,1,2,klaus-hasselmann,klaus-hasselmann,Q109370,https://prizeatlas.org/es/nobel-prize/fisica/2021/klaus-hasselmann/,https://prizeatlas.org/nobel-prize/physics/2021/klaus-hasselmann/,"for the physical modelling of Earth’s climate, quantifying variability and reliably predicting global warming",Klaus Hasselmann,index,Física,Premio Nobel 2021 1/4,1,1,1,1,"Hamburg, Alemania",Sociedad Max Planck,"Premio Nobel de Física, 2021",https://www.wikidata.org/wiki/Q109370,1,max-planck-society,syukuro-manabe; giorgio-parisi,2026-09-30,1931,nobel-000974,Male,Individual,Q158085,I149899117,A5112219120,0000-0002-8501-1387,01hhn8329,Klaus Hasselmann,Max Planck Society,Max Planck Institute for Meteorology,Q7191,True
Physics,Física,fisica,2021,Syukuro Manabe,A5045338372,,Q3675789,00hx57361,"for the physical modelling of Earth’s climate, quantifying variability and reliably predicting global warming",1/4,0.25,Universidad de Princeton,,"Princeton, Estados Unidos",1931-09-21,"Shingu, Ehime",Japón,Japón; Estados Unidos,,,,90,Klaus Hasselmann; Giorgio Parisi,2,1,2,syukuro-manabe,syukuro-manabe,Q3675789,https://prizeatlas.org/es/nobel-prize/fisica/2021/syukuro-manabe/,https://prizeatlas.org/nobel-prize/physics/2021/syukuro-manabe/,"for the physical modelling of Earth’s climate, quantifying variability and reliably predicting global warming",Syukuro Manabe,index,Física,Premio Nobel 2021 1/4,1,0,1,1,"Shingu, Ehime, Japón",Universidad de Princeton,"Premio Nobel de Física, 2021",https://www.wikidata.org/wiki/Q3675789,1,princeton-university,klaus-hasselmann; giorgio-parisi,2026-09-30,1931,nobel-000973,Male,Individual,Q21578,I20089843,A5045338372,,00hx57361,Syukuro Manabe,Princeton University,,Q7191,True
Physics,Física,fisica,2021,Giorgio Parisi,A5052777339,0000-0001-6500-5222,Q1235614,02be6w209,for the discovery of the interplay of disorder and fluctuations in physical systems from atomic to planetary scales,1/2,0.5,Universidad de Roma La Sapienza,,"Rome, Italia",1948-08-04,Rome,Italia,Italia,,,,73,Syukuro Manabe; Klaus Hasselmann,2,2,1,giorgio-parisi,giorgio-parisi,Q1235614,https://prizeatlas.org/es/nobel-prize/fisica/2021/giorgio-parisi/,https://prizeatlas.org/nobel-prize/physics/2021/giorgio-parisi/,for the discovery of the interplay of disorder and fluctuations in physical systems from atomic to planetary scales,Giorgio Parisi,index,Física,Premio Nobel 2021 1/2,1,1,1,1,"Rome, Italia",Universidad de Roma La Sapienza,"Premio Nobel de Física, 2021",https://www.wikidata.org/wiki/Q1235614,1,sapienza-university-of-rome,syukuro-manabe; klaus-hasselmann,2026-09-30,1948,nobel-000975,Male,Individual,Q209344,I861853513,A5052777339,0000-0001-6500-5222,02be6w209,Giorgio Parisi,Sapienza University of Rome,,Q7191,True
Physics,Física,fisica,2022,Alain Aspect,A5046427077,0000-0003-0094-5584,Q364997,03xjwb503,"for experiments with entangled photons, establishing the violation of Bell inequalities and pioneering quantum information science",1/3,0.3333333333333333,Universidad Paris-Saclay,Institut d’Optique Graduate School,"Paris, Francia",1947-06-15,Agen,Francia,Francia,,,,75,John F. Clauser; Anton Zeilinger,2,1,3,alain-aspect,alain-aspect,Q364997,https://prizeatlas.org/es/nobel-prize/fisica/2022/alain-aspect/,https://prizeatlas.org/nobel-prize/physics/2022/alain-aspect/,"for experiments with entangled photons, establishing the violation of Bell inequalities and pioneering quantum information science",Alain Aspect,index,Física,Premio Nobel 2022 1/3,1,1,1,1,"Agen, Francia",Universidad Paris-Saclay,"Premio Nobel de Física, 2022",https://www.wikidata.org/wiki/Q364997,1,universite-paris-saclay,john-f-clauser; anton-zeilinger,2026-09-30,1947,nobel-000987,Male,Individual,Q109409389,I277688954,A5046427077,0000-0003-0094-5584,03xjwb503,Alain Aspect,Université Paris-Saclay,Institut d’Optique Graduate School,Q7191,True
Physics,Física,fisica,2022,Anton Zeilinger,A5001105113,0000-0002-6778-0887,Q78610,03prydq77,"for experiments with entangled photons, establishing the violation of Bell inequalities and pioneering quantum information science",1/3,0.3333333333333333,Universidad de Viena,,"Vienna, Austria",1945-05-20,Ried im Innkreis,Austria,Austria,,,,77,Alain Aspect; John F. Clauser,2,1,3,anton-zeilinger,anton-zeilinger,Q78610,https://prizeatlas.org/es/nobel-prize/fisica/2022/anton-zeilinger/,https://prizeatlas.org/nobel-prize/physics/2022/anton-zeilinger/,"for experiments with entangled photons, establishing the violation of Bell inequalities and pioneering quantum information science",Anton Zeilinger,index,Física,Premio Nobel 2022 1/3,1,1,1,1,"Ried im Innkreis, Austria",Universidad de Viena,"Premio Nobel de Física, 2022",https://www.wikidata.org/wiki/Q78610,1,university-of-vienna,alain-aspect; john-f-clauser,2026-09-30,1945,nobel-000989,Male,Individual,Q165980,I129774422,A5001105113,0000-0002-6778-0887,03prydq77,Anton Zeilinger,University of Vienna,,Q7191,True
Physics,Física,fisica,2022,John F. Clauser,A5084511570,,Q1365270,,"for experiments with entangled photons, establishing the violation of Bell inequalities and pioneering quantum information science",1/3,0.3333333333333333,J.F. Clauser & Assoc.,,"Walnut Creek, Estados Unidos",1942-12-01,"Pasadena, CA",Estados Unidos,Estados Unidos,,,,80,Alain Aspect; Anton Zeilinger,2,1,3,john-f-clauser,john-f-clauser,Q1365270,https://prizeatlas.org/es/nobel-prize/fisica/2022/john-f-clauser/,https://prizeatlas.org/nobel-prize/physics/2022/john-f-clauser/,"for experiments with entangled photons, establishing the violation of Bell inequalities and pioneering quantum information science",John F. Clauser,index,Física,Premio Nobel 2022 1/3,1,0,1,0,"Pasadena, CA, Estados Unidos",J.F. Clauser & Assoc.,"Premio Nobel de Física, 2022",https://www.wikidata.org/wiki/Q1365270,1,j-f-clauser-assoc,alain-aspect; anton-zeilinger,2026-09-30,1942,nobel-000988,Male,Individual,,,A5084511570,,,John F. Clauser,J.F. Clauser & Assoc.,,Q7191,True
Physics,Física,fisica,2023,Anne L’Huillier,A5137020528,0000-0002-1335-4022,Q565544,012a77v79,for experimental methods that generate attosecond pulses of light for the study of electron dynamics in matter,1/3,0.3333333333333333,Universidad de Lund,,"Lund, Suecia",1958-08-16,Paris,Francia,Francia; Suecia,,,,65,Pierre Agostini; Ferenc Krausz,2,1,3,anne-lhuillier,anne-lhuillier,Q565544,https://prizeatlas.org/es/nobel-prize/fisica/2023/anne-lhuillier/,https://prizeatlas.org/nobel-prize/physics/2023/anne-lhuillier/,for experimental methods that generate attosecond pulses of light for the study of electron dynamics in matter,Anne L’Huillier,index,Física,Premio Nobel 2023 1/3,1,1,1,1,"Paris, Francia",Universidad de Lund,"Premio Nobel de Física, 2023",https://www.wikidata.org/wiki/Q565544,1,lund-university,pierre-agostini; ferenc-krausz,2026-09-30,1958,nobel-001000,Female,Individual,Q218506,I187531555,A5137020528,0000-0002-1335-4022,012a77v79,Anne L’Huillier,Lund University,,Q7191,True
Physics,Física,fisica,2023,Ferenc Krausz,A5049801219,0000-0002-6525-9449,Q86970,01hhn8329,for experimental methods that generate attosecond pulses of light for the study of electron dynamics in matter,1/3,0.3333333333333333,Sociedad Max Planck,Max Planck Institute of Quantum Optics,"Garching, Alemania",1962-05-17,Mór,Hungría,Austria; Hungría,,,,61,Pierre Agostini; Anne L’Huillier,2,1,3,ferenc-krausz,ferenc-krausz,Q86970,https://prizeatlas.org/es/nobel-prize/fisica/2023/ferenc-krausz/,https://prizeatlas.org/nobel-prize/physics/2023/ferenc-krausz/,for experimental methods that generate attosecond pulses of light for the study of electron dynamics in matter,Ferenc Krausz,index,Física,Premio Nobel 2023 1/3,1,1,1,1,"Mór, Hungría",Sociedad Max Planck,"Premio Nobel de Física, 2023",https://www.wikidata.org/wiki/Q86970,1,max-planck-society,pierre-agostini; anne-lhuillier,2026-09-30,1962,nobel-000999,Male,Individual,Q158085,I149899117,A5049801219,0000-0002-6525-9449,01hhn8329,Ferenc Krausz,Max Planck Society,Max Planck Institute of Quantum Optics,Q7191,True
Physics,Física,fisica,2023,Pierre Agostini,A5054821424,0000-0002-7741-4581,Q57020342,00rs6vg23,for experimental methods that generate attosecond pulses of light for the study of electron dynamics in matter,1/3,0.3333333333333333,Universidad del Estado de Ohio,,"Columbus, Estados Unidos",1941-07-23,Tunis,Túnez,Francia,,,,82,Ferenc Krausz; Anne L’Huillier,2,1,3,pierre-agostini,pierre-agostini,Q57020342,https://prizeatlas.org/es/nobel-prize/fisica/2023/pierre-agostini/,https://prizeatlas.org/nobel-prize/physics/2023/pierre-agostini/,for experimental methods that generate attosecond pulses of light for the study of electron dynamics in matter,Pierre Agostini,index,Física,Premio Nobel 2023 1/3,1,1,1,1,"Tunis, Túnez",Universidad del Estado de Ohio,"Premio Nobel de Física, 2023",https://www.wikidata.org/wiki/Q57020342,1,the-ohio-state-university,ferenc-krausz; anne-lhuillier,2026-09-30,1941,nobel-000998,Male,Individual,Q309331,I52357470,A5054821424,0000-0002-7741-4581,00rs6vg23,Pierre Agostini,The Ohio State University,,Q7191,True
Physics,Física,fisica,2024,Geoffrey Hinton,A5108093963,,Q92894,03dbr7087,for foundational discoveries and inventions that enable machine learning with artificial neural networks,1/2,0.5,Universidad de Toronto,,"Toronto, Canadá",1947-12-06,London,Reino Unido,Reino Unido; Canadá,,,,77,John J. Hopfield,1,1,2,geoffrey-hinton,geoffrey-hinton,Q92894,https://prizeatlas.org/es/nobel-prize/fisica/2024/geoffrey-hinton/,https://prizeatlas.org/nobel-prize/physics/2024/geoffrey-hinton/,for foundational discoveries and inventions that enable machine learning with artificial neural networks,Geoffrey Hinton,index,Física,Premio Nobel 2024 1/2,1,0,1,1,"London, Reino Unido",Universidad de Toronto,"Premio Nobel de Física, 2024",https://www.wikidata.org/wiki/Q92894,1,university-of-toronto,john-j-hopfield,2026-09-30,1947,nobel-001012,Male,Individual,Q180865,I185261750,A5108093963,,03dbr7087,Geoffrey Hinton,University of Toronto,,Q7191,True
Physics,Física,fisica,2024,John J. Hopfield,A5001584643,,Q391237,00hx57361,for foundational discoveries and inventions that enable machine learning with artificial neural networks,1/2,0.5,Universidad de Princeton,,"Princeton, Estados Unidos",1933-07-15,"Chicago, IL",Estados Unidos,Estados Unidos,,,,91,Geoffrey Hinton,1,1,2,john-j-hopfield,john-j-hopfield,Q391237,https://prizeatlas.org/es/nobel-prize/fisica/2024/john-j-hopfield/,https://prizeatlas.org/nobel-prize/physics/2024/john-j-hopfield/,for foundational discoveries and inventions that enable machine learning with artificial neural networks,John J. Hopfield,index,Física,Premio Nobel 2024 1/2,1,0,1,1,"Chicago, IL, Estados Unidos",Universidad de Princeton,"Premio Nobel de Física, 2024",https://www.wikidata.org/wiki/Q391237,1,princeton-university,geoffrey-hinton,2026-09-30,1933,nobel-001011,Male,Individual,Q21578,I20089843,A5001584643,,00hx57361,John J. Hopfield,Princeton University,,Q7191,True
Physics,Física,fisica,2025,John Clarke,A5010797318,0000-0001-6402-7841,Q1038391,00pjdza24,for the discovery of macroscopic quantum mechanical tunnelling and energy quantisation in an electric circuit,1/3,0.3333333333333333,Universidad de California,"University of California, Berkeley","Berkeley, Estados Unidos",1942,Cambridge,Reino Unido,Reino Unido,,,,83,Michel H. Devoret; John M. Martinis,2,1,3,john-clarke,john-clarke,Q1038391,https://prizeatlas.org/es/nobel-prize/fisica/2025/john-clarke/,https://prizeatlas.org/nobel-prize/physics/2025/john-clarke/,for the discovery of macroscopic quantum mechanical tunnelling and energy quantisation in an electric circuit,John Clarke,index,Física,Premio Nobel 2025 1/3,1,1,1,1,"Cambridge, Reino Unido",Universidad de California,"Premio Nobel de Física, 2025",https://www.wikidata.org/wiki/Q1038391,1,university-of-california,michel-h-devoret; john-m-martinis,2026-09-30,1942,nobel-001024,Male,Individual,Q184478,I2803209242,A5010797318,0000-0001-6402-7841,00pjdza24,John Clarke,University of California,"University of California, Berkeley",Q7191,True
Physics,Física,fisica,2025,John M. Martinis,A5025871595,0000-0003-1399-2566,Q28976188,00pjdza24,for the discovery of macroscopic quantum mechanical tunnelling and energy quantisation in an electric circuit,1/3,0.3333333333333333,Universidad de California,"University of California, Santa Barbara","Santa Barbara, Estados Unidos",1958,Los Angeles,Estados Unidos,Estados Unidos,,,,67,John Clarke; Michel H. Devoret,2,1,3,john-m-martinis,john-m-martinis,Q28976188,https://prizeatlas.org/es/nobel-prize/fisica/2025/john-m-martinis/,https://prizeatlas.org/nobel-prize/physics/2025/john-m-martinis/,for the discovery of macroscopic quantum mechanical tunnelling and energy quantisation in an electric circuit,John M. Martinis,index,Física,Premio Nobel 2025 1/3,1,1,1,1,"Los Angeles, Estados Unidos",Universidad de California,"Premio Nobel de Física, 2025",https://www.wikidata.org/wiki/Q28976188,1,university-of-california,john-clarke; michel-h-devoret,2026-09-30,1958,nobel-001026,Male,Individual,Q184478,I2803209242,A5025871595,0000-0003-1399-2566,00pjdza24,John M. Martinis,University of California,"University of California, Santa Barbara",Q7191,True
Physics,Física,fisica,2025,Michel H. Devoret,A5089631322,0000-0002-2883-9575,Q26703310,03v76x132,for the discovery of macroscopic quantum mechanical tunnelling and energy quantisation in an electric circuit,1/3,0.3333333333333333,Universidad Yale,,"New Haven, Estados Unidos",1953,Paris,Francia,Francia,,,,72,John Clarke; John M. Martinis,2,1,3,michel-h-devoret,michel-h-devoret,Q26703310,https://prizeatlas.org/es/nobel-prize/fisica/2025/michel-h-devoret/,https://prizeatlas.org/nobel-prize/physics/2025/michel-h-devoret/,for the discovery of macroscopic quantum mechanical tunnelling and energy quantisation in an electric circuit,Michel H. Devoret,index,Física,Premio Nobel 2025 1/3,1,1,1,1,"Paris, Francia",Universidad Yale,"Premio Nobel de Física, 2025",https://www.wikidata.org/wiki/Q26703310,1,yale-university,john-clarke; john-m-martinis,2026-09-30,1953,nobel-001025,Male,Individual,Q49112,I32971472,A5089631322,0000-0002-2883-9575,03v76x132,Michel H. Devoret,Yale University,,Q7191,True
