url,category_slug,year,slug,affiliation_order,institution,institution_slug,sub_unit,place
https://prizeatlas.org/es/nobel-prize/quimica/2025/susumu-kitagawa/,quimica,2025,susumu-kitagawa,1,Universidad de Kioto,kyoto-university,,"Kyoto, Japón"
https://prizeatlas.org/es/nobel-prize/quimica/2025/richard-robson/,quimica,2025,richard-robson,1,Universidad de Melbourne,university-of-melbourne,,"Melbourne, Australia"
https://prizeatlas.org/es/nobel-prize/quimica/2025/omar-m-yaghi/,quimica,2025,omar-m-yaghi,1,Universidad de California,university-of-california,"University of California, Berkeley","Berkeley, Estados Unidos"
https://prizeatlas.org/es/nobel-prize/quimica/2024/david-baker/,quimica,2024,david-baker,1,Universidad de Washington,university-of-washington,,"Seattle, Estados Unidos"
https://prizeatlas.org/es/nobel-prize/quimica/2024/demis-hassabis/,quimica,2024,demis-hassabis,1,Google,google,Google DeepMind,"London, Reino Unido"
https://prizeatlas.org/es/nobel-prize/quimica/2024/john-m-jumper/,quimica,2024,john-m-jumper,1,Google,google,Google DeepMind,"London, Reino Unido"
https://prizeatlas.org/es/nobel-prize/quimica/2023/moungi-g-bawendi/,quimica,2023,moungi-g-bawendi,1,Instituto Tecnológico de Massachusetts,massachusetts-institute-of-technology,,"Cambridge, Estados Unidos"
https://prizeatlas.org/es/nobel-prize/quimica/2023/louis-e-brus/,quimica,2023,louis-e-brus,1,Universidad de Columbia,columbia-university,,"New York, Estados Unidos"
https://prizeatlas.org/es/nobel-prize/quimica/2023/aleksey-yekimov/,quimica,2023,aleksey-yekimov,1,Nanocrystals Technology Inc.,nanocrystals-technology-inc,,"New York, Estados Unidos"
https://prizeatlas.org/es/nobel-prize/quimica/2022/k-barry-sharpless/,quimica,2022,k-barry-sharpless,1,Instituto de Investigación Scripps,scripps-research,,"La Jolla, Estados Unidos"
https://prizeatlas.org/es/nobel-prize/quimica/2022/carolyn-r-bertozzi/,quimica,2022,carolyn-r-bertozzi,1,Universidad Stanford,stanford-university,,"Stanford, Estados Unidos"
https://prizeatlas.org/es/nobel-prize/quimica/2022/morten-meldal/,quimica,2022,morten-meldal,1,Universidad de Copenhague,university-of-copenhagen,,"Copenhagen, Dinamarca"
https://prizeatlas.org/es/nobel-prize/quimica/2021/benjamin-list/,quimica,2021,benjamin-list,1,Sociedad Max Planck,max-planck-society,Max Planck Institute for Coal Research,"Mülheim an der Ruhr, Alemania"
https://prizeatlas.org/es/nobel-prize/quimica/2021/david-w-c-macmillan/,quimica,2021,david-w-c-macmillan,1,Universidad de Princeton,princeton-university,,"Princeton, Estados Unidos"
https://prizeatlas.org/es/nobel-prize/quimica/2020/emmanuelle-charpentier/,quimica,2020,emmanuelle-charpentier,1,Sociedad Max Planck,max-planck-society,Max Planck Unit for the Science of Pathogens,"Berlin, Alemania"
https://prizeatlas.org/es/nobel-prize/quimica/2020/jennifer-a-doudna/,quimica,2020,jennifer-a-doudna,1,Universidad de California,university-of-california,"University of California, Berkeley","Berkeley, Estados Unidos"
https://prizeatlas.org/es/nobel-prize/quimica/2019/john-b-goodenough/,quimica,2019,john-b-goodenough,1,Universidad de Texas en Austin,university-of-texas-at-austin,,"Austin, Estados Unidos"
https://prizeatlas.org/es/nobel-prize/quimica/2019/m-stanley-whittingham/,quimica,2019,m-stanley-whittingham,1,Universidad de Binghamton,binghamton-university-state-university-of-new-york,,"New York, Estados Unidos"
https://prizeatlas.org/es/nobel-prize/quimica/2019/akira-yoshino/,quimica,2019,akira-yoshino,1,Asahi Kasei,asahi-kasei-corporation,,"Tokyo, Japón"
https://prizeatlas.org/es/nobel-prize/quimica/2018/frances-h-arnold/,quimica,2018,frances-h-arnold,1,Instituto de Tecnología de California,california-institute-of-technology,,"Pasadena, Estados Unidos"
https://prizeatlas.org/es/nobel-prize/quimica/2018/george-p-smith/,quimica,2018,george-p-smith,1,Universidad de Misuri,university-of-missouri,,"Columbia, Estados Unidos"
https://prizeatlas.org/es/nobel-prize/quimica/2018/gregory-p-winter/,quimica,2018,gregory-p-winter,1,MRC Laboratory of Molecular Biology,mrc-laboratory-of-molecular-biology,,"Cambridge, Reino Unido"
https://prizeatlas.org/es/nobel-prize/quimica/2017/jacques-dubochet/,quimica,2017,jacques-dubochet,1,Universidad de Lausana,university-of-lausanne,,"Lausanne, Suiza"
https://prizeatlas.org/es/nobel-prize/quimica/2017/joachim-frank/,quimica,2017,joachim-frank,1,Universidad de Columbia,columbia-university,,"New York, Estados Unidos"
https://prizeatlas.org/es/nobel-prize/quimica/2017/richard-henderson/,quimica,2017,richard-henderson,1,MRC Laboratory of Molecular Biology,mrc-laboratory-of-molecular-biology,,"Cambridge, Reino Unido"
https://prizeatlas.org/es/nobel-prize/quimica/2016/jean-pierre-sauvage/,quimica,2016,jean-pierre-sauvage,1,Universidad de Estrasburgo,university-of-strasbourg,,"Strasbourg, Francia"
https://prizeatlas.org/es/nobel-prize/quimica/2016/sir-j-fraser-stoddart/,quimica,2016,sir-j-fraser-stoddart,1,Universidad del Noroeste,northwestern-university,,"Evanston, Estados Unidos"
https://prizeatlas.org/es/nobel-prize/quimica/2016/bernard-l-feringa/,quimica,2016,bernard-l-feringa,1,Universidad de Groninga,university-of-groningen,,"Groningen, Países Bajos"
https://prizeatlas.org/es/nobel-prize/quimica/2015/tomas-lindahl/,quimica,2015,tomas-lindahl,1,Instituto Francis Crick,francis-crick-institute,,"London, Reino Unido"
https://prizeatlas.org/es/nobel-prize/quimica/2015/paul-modrich/,quimica,2015,paul-modrich,1,Instituto Médico Howard Hughes,howard-hughes-medical-institute,,"Durham, Estados Unidos"
https://prizeatlas.org/es/nobel-prize/quimica/2015/aziz-sancar/,quimica,2015,aziz-sancar,1,Universidad de Carolina del Norte en Chapel Hill,university-of-north-carolina-at-chapel-hill,,"Chapel Hill, Estados Unidos"
https://prizeatlas.org/es/nobel-prize/quimica/2014/eric-betzig/,quimica,2014,eric-betzig,1,"Janelia Research Campus, Howard Hughes Medical Institute",janelia-research-campus-howard-hughes-medical-institute,,"Ashburn, Estados Unidos"
https://prizeatlas.org/es/nobel-prize/quimica/2014/stefan-w-hell/,quimica,2014,stefan-w-hell,1,Sociedad Max Planck,max-planck-society,Max Planck Institute for Multidisciplinary Sciences,"Göttingen, Alemania"
https://prizeatlas.org/es/nobel-prize/quimica/2014/william-e-moerner/,quimica,2014,william-e-moerner,1,Universidad Stanford,stanford-university,,"Stanford, Estados Unidos"
https://prizeatlas.org/es/nobel-prize/quimica/2013/martin-karplus/,quimica,2013,martin-karplus,1,Universidad de Estrasburgo,university-of-strasbourg,,"Strasbourg, Francia"
https://prizeatlas.org/es/nobel-prize/quimica/2013/michael-levitt/,quimica,2013,michael-levitt,1,Universidad Stanford,stanford-university,School of Medicine,"Stanford, Estados Unidos"
https://prizeatlas.org/es/nobel-prize/quimica/2013/arieh-warshel/,quimica,2013,arieh-warshel,1,Universidad del Sur de California,university-of-southern-california,,"Los Angeles, Estados Unidos"
https://prizeatlas.org/es/nobel-prize/quimica/2012/robert-j-lefkowitz/,quimica,2012,robert-j-lefkowitz,1,Instituto Médico Howard Hughes,howard-hughes-medical-institute,,"Bethesda, Estados Unidos"
https://prizeatlas.org/es/nobel-prize/quimica/2012/brian-k-kobilka/,quimica,2012,brian-k-kobilka,1,Universidad Stanford,stanford-university,School of Medicine,"Stanford, Estados Unidos"
https://prizeatlas.org/es/nobel-prize/quimica/2011/dan-shechtman/,quimica,2011,dan-shechtman,1,Technion - Instituto Tecnológico de Israel,technion-israel-institute-of-technology,,"Haifa, Israel"
https://prizeatlas.org/es/nobel-prize/quimica/2010/richard-f-heck/,quimica,2010,richard-f-heck,1,Universidad de Delaware,university-of-delaware,,"Newark, Estados Unidos"
https://prizeatlas.org/es/nobel-prize/quimica/2010/ei-ichi-negishi/,quimica,2010,ei-ichi-negishi,1,Universidad Purdue,purdue-university,,"West Lafayette, Estados Unidos"
https://prizeatlas.org/es/nobel-prize/quimica/2010/akira-suzuki/,quimica,2010,akira-suzuki,1,Universidad de Hokkaidō,hokkaido-university,,"Sapporo, Japón"
https://prizeatlas.org/es/nobel-prize/quimica/2009/venkatraman-ramakrishnan/,quimica,2009,venkatraman-ramakrishnan,1,MRC Laboratory of Molecular Biology,mrc-laboratory-of-molecular-biology,,"Cambridge, Reino Unido"
https://prizeatlas.org/es/nobel-prize/quimica/2009/thomas-a-steitz/,quimica,2009,thomas-a-steitz,1,Universidad Yale,yale-university,,"New Haven, Estados Unidos"
https://prizeatlas.org/es/nobel-prize/quimica/2009/ada-e-yonath/,quimica,2009,ada-e-yonath,1,Instituto Weizmann de Ciencias,weizmann-institute-of-science,,"Rehovot, Israel"
https://prizeatlas.org/es/nobel-prize/quimica/2008/osamu-shimomura/,quimica,2008,osamu-shimomura,1,Marine Biological Laboratory,marine-biological-laboratory,,"Woods Hole, Estados Unidos"
https://prizeatlas.org/es/nobel-prize/quimica/2008/martin-chalfie/,quimica,2008,martin-chalfie,1,Universidad de Columbia,columbia-university,,"New York, Estados Unidos"
https://prizeatlas.org/es/nobel-prize/quimica/2008/roger-y-tsien/,quimica,2008,roger-y-tsien,1,Universidad de California,university-of-california,"University of California, San Diego","San Diego, Estados Unidos"
https://prizeatlas.org/es/nobel-prize/quimica/2007/gerhard-ertl/,quimica,2007,gerhard-ertl,1,Sociedad Max Planck,max-planck-society,Fritz Haber Institute,"Berlin, Alemania"
https://prizeatlas.org/es/nobel-prize/quimica/2006/roger-d-kornberg/,quimica,2006,roger-d-kornberg,1,Universidad Stanford,stanford-university,,"Stanford, Estados Unidos"
https://prizeatlas.org/es/nobel-prize/quimica/2005/yves-chauvin/,quimica,2005,yves-chauvin,1,Institut Français du Pétrole,institut-francais-du-petrole,,"Rueil-Malmaison, Francia"
https://prizeatlas.org/es/nobel-prize/quimica/2005/robert-h-grubbs/,quimica,2005,robert-h-grubbs,1,Instituto de Tecnología de California,california-institute-of-technology,,"Pasadena, Estados Unidos"
https://prizeatlas.org/es/nobel-prize/quimica/2005/richard-r-schrock/,quimica,2005,richard-r-schrock,1,Instituto Tecnológico de Massachusetts,massachusetts-institute-of-technology,,"Cambridge, Estados Unidos"
https://prizeatlas.org/es/nobel-prize/quimica/2004/aaron-ciechanover/,quimica,2004,aaron-ciechanover,1,Technion - Instituto Tecnológico de Israel,technion-israel-institute-of-technology,,"Haifa, Israel"
https://prizeatlas.org/es/nobel-prize/quimica/2004/avram-hershko/,quimica,2004,avram-hershko,1,Technion - Instituto Tecnológico de Israel,technion-israel-institute-of-technology,,"Haifa, Israel"
https://prizeatlas.org/es/nobel-prize/quimica/2004/irwin-rose/,quimica,2004,irwin-rose,1,Universidad de California,university-of-california,"University of California, Irvine","Irvine, Estados Unidos"
https://prizeatlas.org/es/nobel-prize/quimica/2003/peter-agre/,quimica,2003,peter-agre,1,Universidad Johns Hopkins,johns-hopkins-university,School of Medicine,"Baltimore, Estados Unidos"
https://prizeatlas.org/es/nobel-prize/quimica/2003/roderick-mackinnon/,quimica,2003,roderick-mackinnon,1,Universidad Rockefeller,rockefeller-university,,"New York, Estados Unidos"
https://prizeatlas.org/es/nobel-prize/quimica/2002/john-b-fenn/,quimica,2002,john-b-fenn,1,Universidad de la Mancomunidad de Virginia,virginia-commonwealth-university,,"Richmond, Estados Unidos"
https://prizeatlas.org/es/nobel-prize/quimica/2002/koichi-tanaka/,quimica,2002,koichi-tanaka,1,Shimadzu Corp.,shimadzu-corp,,"Kyoto, Japón"
https://prizeatlas.org/es/nobel-prize/quimica/2002/kurt-wuthrich/,quimica,2002,kurt-wuthrich,1,Escuela Politécnica Federal de Zúrich,eth-zurich,,"Zurich, Suiza"
https://prizeatlas.org/es/nobel-prize/quimica/2001/william-s-knowles/,quimica,2001,william-s-knowles,1,Monsanto,monsanto-company,,"St. Louis, Estados Unidos"
https://prizeatlas.org/es/nobel-prize/quimica/2001/ryoji-noyori/,quimica,2001,ryoji-noyori,1,Universidad de Nagoya,nagoya-university,,"Nagoya, Japón"
https://prizeatlas.org/es/nobel-prize/quimica/2001/k-barry-sharpless/,quimica,2001,k-barry-sharpless,1,Instituto de Investigación Scripps,scripps-research,,"La Jolla, Estados Unidos"
https://prizeatlas.org/es/nobel-prize/quimica/2000/alan-j-heeger/,quimica,2000,alan-j-heeger,1,Universidad de California,university-of-california,"University of California, Santa Barbara","Santa Barbara, Estados Unidos"
https://prizeatlas.org/es/nobel-prize/quimica/2000/alan-g-macdiarmid/,quimica,2000,alan-g-macdiarmid,1,Universidad de Pensilvania,university-of-pennsylvania,,"Philadelphia, Estados Unidos"
https://prizeatlas.org/es/nobel-prize/quimica/2000/hideki-shirakawa/,quimica,2000,hideki-shirakawa,1,Universidad de Tsukuba,university-of-tsukuba,,"Tokyo, Japón"
https://prizeatlas.org/es/nobel-prize/quimica/1999/ahmed-h-zewail/,quimica,1999,ahmed-h-zewail,1,Instituto de Tecnología de California,california-institute-of-technology,,"Pasadena, Estados Unidos"
https://prizeatlas.org/es/nobel-prize/quimica/1998/walter-kohn/,quimica,1998,walter-kohn,1,Universidad de California,university-of-california,"University of California, Santa Barbara","Santa Barbara, Estados Unidos"
https://prizeatlas.org/es/nobel-prize/quimica/1998/john-a-pople/,quimica,1998,john-a-pople,1,Universidad del Noroeste,northwestern-university,,"Evanston, Estados Unidos"
https://prizeatlas.org/es/nobel-prize/quimica/1997/paul-d-boyer/,quimica,1997,paul-d-boyer,1,Universidad de California,university-of-california,"University of California, Los Angeles","Los Angeles, Estados Unidos"
https://prizeatlas.org/es/nobel-prize/quimica/1997/john-e-walker/,quimica,1997,john-e-walker,1,MRC Laboratory of Molecular Biology,mrc-laboratory-of-molecular-biology,,"Cambridge, Reino Unido"
https://prizeatlas.org/es/nobel-prize/quimica/1997/jens-c-skou/,quimica,1997,jens-c-skou,1,Universidad de Aarhus,aarhus-university,,"Aarhus, Dinamarca"
https://prizeatlas.org/es/nobel-prize/quimica/1996/robert-f-curl-jr/,quimica,1996,robert-f-curl-jr,1,Universidad Rice,rice-university,,"Houston, Estados Unidos"
https://prizeatlas.org/es/nobel-prize/quimica/1996/sir-harold-w-kroto/,quimica,1996,sir-harold-w-kroto,1,Universidad de Sussex,university-of-sussex,,"Brighton, Reino Unido"
https://prizeatlas.org/es/nobel-prize/quimica/1996/richard-e-smalley/,quimica,1996,richard-e-smalley,1,Universidad Rice,rice-university,,"Houston, Estados Unidos"
https://prizeatlas.org/es/nobel-prize/quimica/1995/paul-j-crutzen/,quimica,1995,paul-j-crutzen,1,Sociedad Max Planck,max-planck-society,Max Planck Institute for Chemistry,"Mainz, Alemania"
https://prizeatlas.org/es/nobel-prize/quimica/1995/mario-j-molina/,quimica,1995,mario-j-molina,1,Instituto Tecnológico de Massachusetts,massachusetts-institute-of-technology,,"Cambridge, Estados Unidos"
https://prizeatlas.org/es/nobel-prize/quimica/1995/f-sherwood-rowland/,quimica,1995,f-sherwood-rowland,1,Universidad de California,university-of-california,"University of California, Irvine","Irvine, Estados Unidos"
https://prizeatlas.org/es/nobel-prize/quimica/1994/george-a-olah/,quimica,1994,george-a-olah,1,Universidad del Sur de California,university-of-southern-california,,"Los Angeles, Estados Unidos"
https://prizeatlas.org/es/nobel-prize/quimica/1993/kary-b-mullis/,quimica,1993,kary-b-mullis,1,Cetus Corporation,cetus-corporation,,"Emeryville, Estados Unidos"
https://prizeatlas.org/es/nobel-prize/quimica/1993/michael-smith/,quimica,1993,michael-smith,1,Universidad de Columbia Británica,university-of-british-columbia,,"Vancouver, Canadá"
https://prizeatlas.org/es/nobel-prize/quimica/1992/rudolph-a-marcus/,quimica,1992,rudolph-a-marcus,1,Instituto de Tecnología de California,california-institute-of-technology,,"Pasadena, Estados Unidos"
https://prizeatlas.org/es/nobel-prize/quimica/1991/richard-r-ernst/,quimica,1991,richard-r-ernst,1,Escuela Politécnica Federal de Zúrich,eth-zurich,,"Zurich, Suiza"
https://prizeatlas.org/es/nobel-prize/quimica/1990/elias-james-corey/,quimica,1990,elias-james-corey,1,Universidad Harvard,harvard-university,,"Cambridge, Estados Unidos"
https://prizeatlas.org/es/nobel-prize/quimica/1989/sidney-altman/,quimica,1989,sidney-altman,1,Universidad Yale,yale-university,,"New Haven, Estados Unidos"
https://prizeatlas.org/es/nobel-prize/quimica/1989/thomas-r-cech/,quimica,1989,thomas-r-cech,1,Universidad de Colorado,university-of-colorado,,"Boulder, Estados Unidos"
https://prizeatlas.org/es/nobel-prize/quimica/1988/johann-deisenhofer/,quimica,1988,johann-deisenhofer,1,University of Texas Southwestern Medical Center,university-of-texas-southwestern-medical-center,,"Dallas, Estados Unidos"
https://prizeatlas.org/es/nobel-prize/quimica/1988/robert-huber/,quimica,1988,robert-huber,1,Sociedad Max Planck,max-planck-society,Max Planck Institute of Biochemistry,"Martinsried, Alemania"
https://prizeatlas.org/es/nobel-prize/quimica/1988/hartmut-michel/,quimica,1988,hartmut-michel,1,Sociedad Max Planck,max-planck-society,Max Planck Institute of Biophysics,"Frankfurt am Main, Alemania"
https://prizeatlas.org/es/nobel-prize/quimica/1987/donald-j-cram/,quimica,1987,donald-j-cram,1,Universidad de California,university-of-california,"University of California, Los Angeles","Los Angeles, Estados Unidos"
https://prizeatlas.org/es/nobel-prize/quimica/1987/jean-marie-lehn/,quimica,1987,jean-marie-lehn,1,Universidad de Estrasburgo,university-of-strasbourg,,"Strasbourg, Francia"
https://prizeatlas.org/es/nobel-prize/quimica/1987/charles-j-pedersen/,quimica,1987,charles-j-pedersen,1,DuPont Corporation,du-pont,,"Wilmington, Estados Unidos"
https://prizeatlas.org/es/nobel-prize/quimica/1986/dudley-r-herschbach/,quimica,1986,dudley-r-herschbach,1,Universidad Harvard,harvard-university,,"Cambridge, Estados Unidos"
https://prizeatlas.org/es/nobel-prize/quimica/1986/yuan-t-lee/,quimica,1986,yuan-t-lee,1,Universidad de California,university-of-california,"University of California, Berkeley","Berkeley, Estados Unidos"
https://prizeatlas.org/es/nobel-prize/quimica/1986/john-c-polanyi/,quimica,1986,john-c-polanyi,1,Universidad de Toronto,university-of-toronto,,"Toronto, Canadá"
https://prizeatlas.org/es/nobel-prize/quimica/1985/herbert-a-hauptman/,quimica,1985,herbert-a-hauptman,1,Hauptman-Woodward Medical Research Institute,hauptman-woodward-medical-research-institute,The Medical Foundation of Buffalo,"Buffalo, Estados Unidos"
https://prizeatlas.org/es/nobel-prize/quimica/1985/jerome-karle/,quimica,1985,jerome-karle,1,Laboratorio de Investigación Naval de los Estados Unidos,us-naval-research-laboratory,,"Washington, Estados Unidos"
https://prizeatlas.org/es/nobel-prize/quimica/1984/robert-bruce-merrifield/,quimica,1984,robert-bruce-merrifield,1,Universidad Rockefeller,rockefeller-university,,"New York, Estados Unidos"
https://prizeatlas.org/es/nobel-prize/quimica/1983/henry-taube/,quimica,1983,henry-taube,1,Universidad Stanford,stanford-university,,"Stanford, Estados Unidos"
https://prizeatlas.org/es/nobel-prize/quimica/1982/aaron-klug/,quimica,1982,aaron-klug,1,MRC Laboratory of Molecular Biology,mrc-laboratory-of-molecular-biology,,"Cambridge, Reino Unido"
https://prizeatlas.org/es/nobel-prize/quimica/1981/kenichi-fukui/,quimica,1981,kenichi-fukui,1,Universidad de Kioto,kyoto-university,,"Kyoto, Japón"
https://prizeatlas.org/es/nobel-prize/quimica/1981/roald-hoffmann/,quimica,1981,roald-hoffmann,1,Universidad Cornell,cornell-university,,"Ithaca, Estados Unidos"
https://prizeatlas.org/es/nobel-prize/quimica/1980/frederick-sanger/,quimica,1980,frederick-sanger,1,MRC Laboratory of Molecular Biology,mrc-laboratory-of-molecular-biology,,"Cambridge, Reino Unido"
https://prizeatlas.org/es/nobel-prize/quimica/1980/walter-gilbert/,quimica,1980,walter-gilbert,1,Universidad Harvard,harvard-university,Biological Laboratories,"Cambridge, Estados Unidos"
https://prizeatlas.org/es/nobel-prize/quimica/1980/paul-berg/,quimica,1980,paul-berg,1,Universidad Stanford,stanford-university,,"Stanford, Estados Unidos"
https://prizeatlas.org/es/nobel-prize/quimica/1979/herbert-c-brown/,quimica,1979,herbert-c-brown,1,Universidad Purdue,purdue-university,,"West Lafayette, Estados Unidos"
https://prizeatlas.org/es/nobel-prize/quimica/1979/georg-wittig/,quimica,1979,georg-wittig,1,Universidad de Heidelberg,university-of-heidelberg,,"Heidelberg, Alemania"
https://prizeatlas.org/es/nobel-prize/quimica/1978/peter-d-mitchell/,quimica,1978,peter-d-mitchell,1,Glynn Research Laboratories,glynn-research-laboratories,,"Bodmin, Reino Unido"
https://prizeatlas.org/es/nobel-prize/quimica/1977/ilya-prigogine/,quimica,1977,ilya-prigogine,1,Universidad libre de Bruselas,universite-libre-de-bruxelles,,"Brussels, Bélgica"
https://prizeatlas.org/es/nobel-prize/quimica/1976/william-n-lipscomb/,quimica,1976,william-n-lipscomb,1,Universidad Harvard,harvard-university,,"Cambridge, Estados Unidos"
https://prizeatlas.org/es/nobel-prize/quimica/1975/john-warcup-cornforth/,quimica,1975,john-warcup-cornforth,1,Universidad de Sussex,university-of-sussex,,"Brighton, Reino Unido"
https://prizeatlas.org/es/nobel-prize/quimica/1975/vladimir-prelog/,quimica,1975,vladimir-prelog,1,Escuela Politécnica Federal de Zúrich,eth-zurich,,"Zurich, Suiza"
https://prizeatlas.org/es/nobel-prize/quimica/1974/paul-j-flory/,quimica,1974,paul-j-flory,1,Universidad Stanford,stanford-university,,"Stanford, Estados Unidos"
https://prizeatlas.org/es/nobel-prize/quimica/1973/ernst-otto-fischer/,quimica,1973,ernst-otto-fischer,1,Universidad Técnica de Múnich,technical-university-of-munich,,"Munich, Alemania"
https://prizeatlas.org/es/nobel-prize/quimica/1973/geoffrey-wilkinson/,quimica,1973,geoffrey-wilkinson,1,Escuela Imperial de Londres,imperial-college-london,,"London, Reino Unido"
https://prizeatlas.org/es/nobel-prize/quimica/1972/christian-b-anfinsen/,quimica,1972,christian-b-anfinsen,1,National Institutes of Health,national-institutes-of-health,,"Bethesda, Estados Unidos"
https://prizeatlas.org/es/nobel-prize/quimica/1972/stanford-moore/,quimica,1972,stanford-moore,1,Universidad Rockefeller,rockefeller-university,,"New York, Estados Unidos"
https://prizeatlas.org/es/nobel-prize/quimica/1972/william-h-stein/,quimica,1972,william-h-stein,1,Universidad Rockefeller,rockefeller-university,,"New York, Estados Unidos"
https://prizeatlas.org/es/nobel-prize/quimica/1971/gerhard-herzberg/,quimica,1971,gerhard-herzberg,1,National Research Council of Canada,national-research-council-of-canada,,"Ottawa, Canadá"
https://prizeatlas.org/es/nobel-prize/quimica/1970/luis-f-leloir/,quimica,1970,luis-f-leloir,1,Instituto Leloir,leloir-institute,Institute for Biochemical Research,"Buenos Aires, Argentina"
https://prizeatlas.org/es/nobel-prize/quimica/1969/derek-h-r-barton/,quimica,1969,derek-h-r-barton,1,Escuela Imperial de Londres,imperial-college-london,,"London, Reino Unido"
https://prizeatlas.org/es/nobel-prize/quimica/1969/odd-hassel/,quimica,1969,odd-hassel,1,Universidad de Oslo,university-of-oslo,,"Oslo, Noruega"
https://prizeatlas.org/es/nobel-prize/quimica/1968/lars-onsager/,quimica,1968,lars-onsager,1,Universidad Yale,yale-university,,"New Haven, Estados Unidos"
https://prizeatlas.org/es/nobel-prize/quimica/1967/manfred-eigen/,quimica,1967,manfred-eigen,1,Sociedad Max Planck,max-planck-society,Max Planck Institute for Multidisciplinary Sciences,"Göttingen, Alemania"
https://prizeatlas.org/es/nobel-prize/quimica/1967/ronald-george-wreyford-norrish/,quimica,1967,ronald-george-wreyford-norrish,1,Universidad de Cambridge,university-of-cambridge,Institute of Physical Chemistry,"Cambridge, Reino Unido"
https://prizeatlas.org/es/nobel-prize/quimica/1967/george-porter/,quimica,1967,george-porter,1,Royal Institution,royal-institution-of-great-britain,,"London, Reino Unido"
https://prizeatlas.org/es/nobel-prize/quimica/1966/robert-s-mulliken/,quimica,1966,robert-s-mulliken,1,Universidad de Chicago,university-of-chicago,,"Chicago, Estados Unidos"
https://prizeatlas.org/es/nobel-prize/quimica/1965/robert-burns-woodward/,quimica,1965,robert-burns-woodward,1,Universidad Harvard,harvard-university,,"Cambridge, Estados Unidos"
https://prizeatlas.org/es/nobel-prize/quimica/1964/dorothy-crowfoot-hodgkin/,quimica,1964,dorothy-crowfoot-hodgkin,1,Universidad de Oxford,university-of-oxford,,"Oxford, Reino Unido"
https://prizeatlas.org/es/nobel-prize/quimica/1964/dorothy-crowfoot-hodgkin/,quimica,1964,dorothy-crowfoot-hodgkin,2,Royal Society,royal-society,,"London, Reino Unido"
https://prizeatlas.org/es/nobel-prize/quimica/1963/karl-ziegler/,quimica,1963,karl-ziegler,1,Sociedad Max Planck,max-planck-society,Max Planck Institute for Coal Research,"Mülheim an der Ruhr, Alemania"
https://prizeatlas.org/es/nobel-prize/quimica/1963/giulio-natta/,quimica,1963,giulio-natta,1,universidad técnica,institute-of-technology,,"Milan, Italia"
https://prizeatlas.org/es/nobel-prize/quimica/1962/max-ferdinand-perutz/,quimica,1962,max-ferdinand-perutz,1,MRC Laboratory of Molecular Biology,mrc-laboratory-of-molecular-biology,,"Cambridge, Reino Unido"
https://prizeatlas.org/es/nobel-prize/quimica/1962/john-cowdery-kendrew/,quimica,1962,john-cowdery-kendrew,1,MRC Laboratory of Molecular Biology,mrc-laboratory-of-molecular-biology,,"Cambridge, Reino Unido"
https://prizeatlas.org/es/nobel-prize/quimica/1961/melvin-calvin/,quimica,1961,melvin-calvin,1,Universidad de California,university-of-california,"University of California, Berkeley","Berkeley, Estados Unidos"
https://prizeatlas.org/es/nobel-prize/quimica/1960/willard-frank-libby/,quimica,1960,willard-frank-libby,1,Universidad de California,university-of-california,"University of California, Los Angeles","Los Angeles, Estados Unidos"
https://prizeatlas.org/es/nobel-prize/quimica/1959/jaroslav-heyrovsky/,quimica,1959,jaroslav-heyrovsky,1,Polarographic Institute of the Czechoslovak Academy of Science,polarographic-institute-of-the-czechoslovak-academy-of-science,,"Prague, República Checa"
https://prizeatlas.org/es/nobel-prize/quimica/1958/frederick-sanger/,quimica,1958,frederick-sanger,1,Universidad de Cambridge,university-of-cambridge,,"Cambridge, Reino Unido"
https://prizeatlas.org/es/nobel-prize/quimica/1957/lord-alexander-r-todd/,quimica,1957,lord-alexander-r-todd,1,Universidad de Cambridge,university-of-cambridge,,"Cambridge, Reino Unido"
https://prizeatlas.org/es/nobel-prize/quimica/1956/sir-cyril-norman-hinshelwood/,quimica,1956,sir-cyril-norman-hinshelwood,1,Universidad de Oxford,university-of-oxford,,"Oxford, Reino Unido"
https://prizeatlas.org/es/nobel-prize/quimica/1956/nikolay-nikolaevich-semenov/,quimica,1956,nikolay-nikolaevich-semenov,1,Institute for Chemical Physics of the Academy of Sciences of the USSR,institute-for-chemical-physics-of-the-academy-of-sciences-of-the-ussr,,"Moscow, Rusia"
https://prizeatlas.org/es/nobel-prize/quimica/1955/vincent-du-vigneaud/,quimica,1955,vincent-du-vigneaud,1,Universidad Cornell,cornell-university,,"Ithaca, Estados Unidos"
https://prizeatlas.org/es/nobel-prize/quimica/1954/linus-carl-pauling/,quimica,1954,linus-carl-pauling,1,Instituto de Tecnología de California,california-institute-of-technology,,"Pasadena, Estados Unidos"
https://prizeatlas.org/es/nobel-prize/quimica/1953/hermann-staudinger/,quimica,1953,hermann-staudinger,1,Universidad de Friburgo,university-of-freiburg,,"Freiburg im Breisgau, Alemania"
https://prizeatlas.org/es/nobel-prize/quimica/1952/archer-john-porter-martin/,quimica,1952,archer-john-porter-martin,1,National Institute for Medical Research,national-institute-for-medical-research,,"London, Reino Unido"
https://prizeatlas.org/es/nobel-prize/quimica/1952/richard-laurence-millington-synge/,quimica,1952,richard-laurence-millington-synge,1,Rowett Research Institute,rowett-research-institute,,"Bucksburn (Scotland), Reino Unido"
https://prizeatlas.org/es/nobel-prize/quimica/1951/edwin-mattison-mcmillan/,quimica,1951,edwin-mattison-mcmillan,1,Universidad de California,university-of-california,"University of California, Berkeley","Berkeley, Estados Unidos"
https://prizeatlas.org/es/nobel-prize/quimica/1951/glenn-theodore-seaborg/,quimica,1951,glenn-theodore-seaborg,1,Universidad de California,university-of-california,"University of California, Berkeley","Berkeley, Estados Unidos"
https://prizeatlas.org/es/nobel-prize/quimica/1950/otto-paul-hermann-diels/,quimica,1950,otto-paul-hermann-diels,1,Universidad de Kiel,kiel-university,,"Kiel, Alemania"
https://prizeatlas.org/es/nobel-prize/quimica/1950/kurt-alder/,quimica,1950,kurt-alder,1,Universidad de Colonia,university-of-cologne,,"Cologne, Alemania"
https://prizeatlas.org/es/nobel-prize/quimica/1949/william-francis-giauque/,quimica,1949,william-francis-giauque,1,Universidad de California,university-of-california,"University of California, Berkeley","Berkeley, Estados Unidos"
https://prizeatlas.org/es/nobel-prize/quimica/1948/arne-wilhelm-kaurin-tiselius/,quimica,1948,arne-wilhelm-kaurin-tiselius,1,Universidad de Upsala,uppsala-university,,"Uppsala, Suecia"
https://prizeatlas.org/es/nobel-prize/quimica/1947/sir-robert-robinson/,quimica,1947,sir-robert-robinson,1,Universidad de Oxford,university-of-oxford,,"Oxford, Reino Unido"
https://prizeatlas.org/es/nobel-prize/quimica/1946/james-batcheller-sumner/,quimica,1946,james-batcheller-sumner,1,Universidad Cornell,cornell-university,,"Ithaca, Estados Unidos"
https://prizeatlas.org/es/nobel-prize/quimica/1946/john-howard-northrop/,quimica,1946,john-howard-northrop,1,Universidad Rockefeller,rockefeller-university,Rockefeller Institute for Medical Research,"New York, Estados Unidos"
https://prizeatlas.org/es/nobel-prize/quimica/1946/wendell-meredith-stanley/,quimica,1946,wendell-meredith-stanley,1,Universidad Rockefeller,rockefeller-university,Rockefeller Institute for Medical Research,"New York, Estados Unidos"
https://prizeatlas.org/es/nobel-prize/quimica/1945/artturi-ilmari-virtanen/,quimica,1945,artturi-ilmari-virtanen,1,Universidad de Helsinki,university-of-helsinki,,"Helsinki, Finlandia"
https://prizeatlas.org/es/nobel-prize/quimica/1944/otto-hahn/,quimica,1944,otto-hahn,1,Sociedad Max Planck,max-planck-society,Max Planck Institute for Chemistry,"Mainz, Alemania"
https://prizeatlas.org/es/nobel-prize/quimica/1943/george-de-hevesy/,quimica,1943,george-de-hevesy,1,Universidad de Estocolmo,stockholm-university,,"Stockholm, Suecia"
https://prizeatlas.org/es/nobel-prize/quimica/1939/adolf-friedrich-johann-butenandt/,quimica,1939,adolf-friedrich-johann-butenandt,1,Sociedad Max Planck,max-planck-society,Max Planck Institute of Biochemistry,"Martinsried, Alemania"
https://prizeatlas.org/es/nobel-prize/quimica/1939/leopold-ruzicka/,quimica,1939,leopold-ruzicka,1,Escuela Politécnica Federal de Zúrich,eth-zurich,,"Zurich, Suiza"
https://prizeatlas.org/es/nobel-prize/quimica/1938/richard-kuhn/,quimica,1938,richard-kuhn,1,Sociedad Max Planck,max-planck-society,Max Planck Institute for Medical Research,"Heidelberg, Alemania"
https://prizeatlas.org/es/nobel-prize/quimica/1937/walter-norman-haworth/,quimica,1937,walter-norman-haworth,1,Universidad de Birmingham,university-of-birmingham,,"Birmingham, Reino Unido"
https://prizeatlas.org/es/nobel-prize/quimica/1937/paul-karrer/,quimica,1937,paul-karrer,1,Universidad de Zúrich,university-of-zurich,,"Zurich, Suiza"
https://prizeatlas.org/es/nobel-prize/quimica/1936/petrus-peter-josephus-wilhelmus-debye/,quimica,1936,petrus-peter-josephus-wilhelmus-debye,1,Universidad Humboldt de Berlín,humboldt-university-of-berlin,,"Berlin, Alemania"
https://prizeatlas.org/es/nobel-prize/quimica/1935/frederic-joliot/,quimica,1935,frederic-joliot,1,Instituto Curie,institut-du-radium,,"Paris, Francia"
https://prizeatlas.org/es/nobel-prize/quimica/1935/irene-joliot-curie/,quimica,1935,irene-joliot-curie,1,Instituto Curie,institut-du-radium,,"Paris, Francia"
https://prizeatlas.org/es/nobel-prize/quimica/1934/harold-clayton-urey/,quimica,1934,harold-clayton-urey,1,Universidad de Columbia,columbia-university,,"New York, Estados Unidos"
https://prizeatlas.org/es/nobel-prize/quimica/1932/irving-langmuir/,quimica,1932,irving-langmuir,1,General Electric,general-electric-company,,"Schenectady, Estados Unidos"
https://prizeatlas.org/es/nobel-prize/quimica/1931/carl-bosch/,quimica,1931,carl-bosch,1,Universidad de Heidelberg,university-of-heidelberg,,"Heidelberg, Alemania"
https://prizeatlas.org/es/nobel-prize/quimica/1931/friedrich-bergius/,quimica,1931,friedrich-bergius,1,Universidad de Heidelberg,university-of-heidelberg,,"Heidelberg, Alemania"
https://prizeatlas.org/es/nobel-prize/quimica/1930/hans-fischer/,quimica,1930,hans-fischer,1,Universidad Técnica de Múnich,technical-university-of-munich,Technische Hochschule (Institute of Technology),"Munich, Alemania"
https://prizeatlas.org/es/nobel-prize/quimica/1929/arthur-harden/,quimica,1929,arthur-harden,1,Universidad de Londres,university-of-london,,"London, Reino Unido"
https://prizeatlas.org/es/nobel-prize/quimica/1929/hans-karl-august-simon-von-euler-chelpin/,quimica,1929,hans-karl-august-simon-von-euler-chelpin,1,Universidad de Estocolmo,stockholm-university,,"Stockholm, Suecia"
https://prizeatlas.org/es/nobel-prize/quimica/1928/adolf-otto-reinhold-windaus/,quimica,1928,adolf-otto-reinhold-windaus,1,Universidad de Gotinga,university-of-gottingen,,"Göttingen, Alemania"
https://prizeatlas.org/es/nobel-prize/quimica/1927/heinrich-otto-wieland/,quimica,1927,heinrich-otto-wieland,1,Universidad de Múnich,lmu-munich,,"Munich, Alemania"
https://prizeatlas.org/es/nobel-prize/quimica/1926/the-theodor-svedberg/,quimica,1926,the-theodor-svedberg,1,Universidad de Upsala,uppsala-university,,"Uppsala, Suecia"
https://prizeatlas.org/es/nobel-prize/quimica/1925/richard-adolf-zsigmondy/,quimica,1925,richard-adolf-zsigmondy,1,Universidad de Gotinga,university-of-gottingen,,"Göttingen, Alemania"
https://prizeatlas.org/es/nobel-prize/quimica/1923/fritz-pregl/,quimica,1923,fritz-pregl,1,Universidad de Graz,university-of-graz,,"Graz, Austria"
https://prizeatlas.org/es/nobel-prize/quimica/1922/francis-william-aston/,quimica,1922,francis-william-aston,1,Universidad de Cambridge,university-of-cambridge,,"Cambridge, Reino Unido"
https://prizeatlas.org/es/nobel-prize/quimica/1921/frederick-soddy/,quimica,1921,frederick-soddy,1,Universidad de Oxford,university-of-oxford,,"Oxford, Reino Unido"
https://prizeatlas.org/es/nobel-prize/quimica/1920/walther-hermann-nernst/,quimica,1920,walther-hermann-nernst,1,Universidad Humboldt de Berlín,humboldt-university-of-berlin,,"Berlin, Alemania"
https://prizeatlas.org/es/nobel-prize/quimica/1918/fritz-haber/,quimica,1918,fritz-haber,1,Sociedad Max Planck,max-planck-society,Fritz Haber Institute,"Berlin, Alemania"
https://prizeatlas.org/es/nobel-prize/quimica/1915/richard-martin-willstatter/,quimica,1915,richard-martin-willstatter,1,Universidad de Múnich,lmu-munich,,"Munich, Alemania"
https://prizeatlas.org/es/nobel-prize/quimica/1914/theodore-william-richards/,quimica,1914,theodore-william-richards,1,Universidad Harvard,harvard-university,,"Cambridge, Estados Unidos"
https://prizeatlas.org/es/nobel-prize/quimica/1913/alfred-werner/,quimica,1913,alfred-werner,1,Universidad de Zúrich,university-of-zurich,,"Zurich, Suiza"
https://prizeatlas.org/es/nobel-prize/quimica/1912/victor-grignard/,quimica,1912,victor-grignard,1,Universidad de Lorena,university-of-lorraine,,"Nancy, Francia"
https://prizeatlas.org/es/nobel-prize/quimica/1912/paul-sabatier/,quimica,1912,paul-sabatier,1,Universidad de Toulouse,university-of-toulouse,,"Toulouse, Francia"
https://prizeatlas.org/es/nobel-prize/quimica/1911/marie-curie-nee-sklodowska/,quimica,1911,marie-curie-nee-sklodowska,1,Sorbonne Université,sorbonne-university,,"Paris, Francia"
https://prizeatlas.org/es/nobel-prize/quimica/1910/otto-wallach/,quimica,1910,otto-wallach,1,Universidad de Gotinga,university-of-gottingen,,"Göttingen, Alemania"
https://prizeatlas.org/es/nobel-prize/quimica/1909/wilhelm-ostwald/,quimica,1909,wilhelm-ostwald,1,Universidad de Leipzig,university-of-leipzig,,"Leipzig, Alemania"
https://prizeatlas.org/es/nobel-prize/quimica/1908/ernest-rutherford/,quimica,1908,ernest-rutherford,1,Universidad Victoria de Manchester,victoria-university,,"Manchester, Reino Unido"
https://prizeatlas.org/es/nobel-prize/quimica/1907/eduard-buchner/,quimica,1907,eduard-buchner,1,Landwirtschaftliche Hochschule (Agricultural College),landwirtschaftliche-hochschule-agricultural-college,,"Berlin, Alemania"
https://prizeatlas.org/es/nobel-prize/quimica/1906/henri-moissan/,quimica,1906,henri-moissan,1,Sorbonne Université,sorbonne-university,,"Paris, Francia"
https://prizeatlas.org/es/nobel-prize/quimica/1905/johann-friedrich-wilhelm-adolf-von-baeyer/,quimica,1905,johann-friedrich-wilhelm-adolf-von-baeyer,1,Universidad de Múnich,lmu-munich,,"Munich, Alemania"
https://prizeatlas.org/es/nobel-prize/quimica/1904/sir-william-ramsay/,quimica,1904,sir-william-ramsay,1,University College de Londres,university-college-london,University College London,"London, Reino Unido"
https://prizeatlas.org/es/nobel-prize/quimica/1903/svante-august-arrhenius/,quimica,1903,svante-august-arrhenius,1,Universidad de Estocolmo,stockholm-university,,"Stockholm, Suecia"
https://prizeatlas.org/es/nobel-prize/quimica/1902/hermann-emil-fischer/,quimica,1902,hermann-emil-fischer,1,Universidad Humboldt de Berlín,humboldt-university-of-berlin,,"Berlin, Alemania"
https://prizeatlas.org/es/nobel-prize/quimica/1901/jacobus-henricus-van-t-hoff/,quimica,1901,jacobus-henricus-van-t-hoff,1,Universidad Humboldt de Berlín,humboldt-university-of-berlin,,"Berlin, Alemania"
https://prizeatlas.org/es/nobel-prize/medicina/2025/mary-e-brunkow/,medicina,2025,mary-e-brunkow,1,Institute for Systems Biology,institute-for-systems-biology,,"Seattle, Estados Unidos"
https://prizeatlas.org/es/nobel-prize/medicina/2025/frederick-j-ramsdell/,medicina,2025,frederick-j-ramsdell,1,Sonoma Biotherapeutics,sonoma-biotherapeutics,,"San Francisco, Estados Unidos"
https://prizeatlas.org/es/nobel-prize/medicina/2025/shimon-sakaguchi/,medicina,2025,shimon-sakaguchi,1,Universidad de Osaka,university-of-osaka,,"Suita, Japón"
https://prizeatlas.org/es/nobel-prize/medicina/2024/victor-ambros/,medicina,2024,victor-ambros,1,University of Massachusetts Medical School,university-of-massachusetts,UMass Chan Medical School,"Worcester, Estados Unidos"
https://prizeatlas.org/es/nobel-prize/medicina/2024/gary-ruvkun/,medicina,2024,gary-ruvkun,1,Hospital General de Massachusetts,massachusetts-general-hospital,,"Boston, Estados Unidos"
https://prizeatlas.org/es/nobel-prize/medicina/2023/katalin-kariko/,medicina,2023,katalin-kariko,1,Universidad de Szeged,university-of-szeged,,"Szeged, Hungría"
https://prizeatlas.org/es/nobel-prize/medicina/2023/drew-weissman/,medicina,2023,drew-weissman,1,Universidad de Pensilvania,university-of-pennsylvania,Penn Institute for RNA Innovations,"Philadelphia, Estados Unidos"
https://prizeatlas.org/es/nobel-prize/medicina/2022/svante-paabo/,medicina,2022,svante-paabo,1,Sociedad Max Planck,max-planck-society,Max Planck Institute for Evolutionary Anthropology,"Leipzig, Alemania"
https://prizeatlas.org/es/nobel-prize/medicina/2021/david-julius/,medicina,2021,david-julius,1,Universidad de California,university-of-california,"University of California, San Francisco","San Francisco, Estados Unidos"
https://prizeatlas.org/es/nobel-prize/medicina/2021/ardem-patapoutian/,medicina,2021,ardem-patapoutian,1,Instituto de Investigación Scripps,scripps-research,,"La Jolla, Estados Unidos"
https://prizeatlas.org/es/nobel-prize/medicina/2020/harvey-j-alter/,medicina,2020,harvey-j-alter,1,National Institutes of Health,national-institutes-of-health,,"Bethesda, Estados Unidos"
https://prizeatlas.org/es/nobel-prize/medicina/2020/michael-houghton/,medicina,2020,michael-houghton,1,universidad de Alberta,university-of-alberta,,"Edmonton, Canadá"
https://prizeatlas.org/es/nobel-prize/medicina/2020/charles-m-rice/,medicina,2020,charles-m-rice,1,Universidad Rockefeller,rockefeller-university,,"New York, Estados Unidos"
https://prizeatlas.org/es/nobel-prize/medicina/2019/william-g-kaelin/,medicina,2019,william-g-kaelin,1,Universidad Harvard,harvard-university,Harvard Medical School,"Boston, Estados Unidos"
https://prizeatlas.org/es/nobel-prize/medicina/2019/peter-j-ratcliffe/,medicina,2019,peter-j-ratcliffe,1,Universidad de Oxford,university-of-oxford,,"Oxford, Reino Unido"
https://prizeatlas.org/es/nobel-prize/medicina/2019/gregg-l-semenza/,medicina,2019,gregg-l-semenza,1,Universidad Johns Hopkins,johns-hopkins-university,,"Baltimore, Estados Unidos"
https://prizeatlas.org/es/nobel-prize/medicina/2018/james-p-allison/,medicina,2018,james-p-allison,1,Parker Institute for Cancer Immunotherapy,parker-institute-for-cancer-immunotherapy,,"San Francisco, Estados Unidos"
https://prizeatlas.org/es/nobel-prize/medicina/2018/tasuku-honjo/,medicina,2018,tasuku-honjo,1,Universidad de Kioto,kyoto-university,,"Kyoto, Japón"
https://prizeatlas.org/es/nobel-prize/medicina/2017/jeffrey-c-hall/,medicina,2017,jeffrey-c-hall,1,Universidad de Maine,university-of-maine,,"Orono, Estados Unidos"
https://prizeatlas.org/es/nobel-prize/medicina/2017/michael-rosbash/,medicina,2017,michael-rosbash,1,Universidad Brandeis,brandeis-university,,"Waltham, Estados Unidos"
https://prizeatlas.org/es/nobel-prize/medicina/2017/michael-w-young/,medicina,2017,michael-w-young,1,Universidad Rockefeller,rockefeller-university,,"New York, Estados Unidos"
https://prizeatlas.org/es/nobel-prize/medicina/2016/yoshinori-ohsumi/,medicina,2016,yoshinori-ohsumi,1,Instituto Tecnológico de Tokio,tokyo-institute-of-technology,,"Tokyo, Japón"
https://prizeatlas.org/es/nobel-prize/medicina/2015/william-c-campbell/,medicina,2015,william-c-campbell,1,Universidad Drew,drew-university,,"Madison, Estados Unidos"
https://prizeatlas.org/es/nobel-prize/medicina/2015/satoshi-omura/,medicina,2015,satoshi-omura,1,Universidad Kitasato,kitasato-university,,"Tokyo, Japón"
https://prizeatlas.org/es/nobel-prize/medicina/2015/tu-youyou/,medicina,2015,tu-youyou,1,China Academy of Traditional Chinese Medicine,china-academy-of-traditional-chinese-medicine,,"Beijing, China"
https://prizeatlas.org/es/nobel-prize/medicina/2014/john-o-keefe/,medicina,2014,john-o-keefe,1,University College de Londres,university-college-london,University College London,"London, Reino Unido"
https://prizeatlas.org/es/nobel-prize/medicina/2014/may-britt-moser/,medicina,2014,may-britt-moser,1,Universidad Noruega de Ciencia y Tecnología,norwegian-university-of-science-and-technology-ntnu,,"Trondheim, Noruega"
https://prizeatlas.org/es/nobel-prize/medicina/2014/edvard-i-moser/,medicina,2014,edvard-i-moser,1,Universidad Noruega de Ciencia y Tecnología,norwegian-university-of-science-and-technology-ntnu,,"Trondheim, Noruega"
https://prizeatlas.org/es/nobel-prize/medicina/2013/james-e-rothman/,medicina,2013,james-e-rothman,1,Universidad Yale,yale-university,,"New Haven, Estados Unidos"
https://prizeatlas.org/es/nobel-prize/medicina/2013/randy-w-schekman/,medicina,2013,randy-w-schekman,1,Universidad de California,university-of-california,"University of California, Berkeley","Berkeley, Estados Unidos"
https://prizeatlas.org/es/nobel-prize/medicina/2013/thomas-c-sudhof/,medicina,2013,thomas-c-sudhof,1,Universidad Stanford,stanford-university,,"Stanford, Estados Unidos"
https://prizeatlas.org/es/nobel-prize/medicina/2012/john-b-gurdon/,medicina,2012,john-b-gurdon,1,Instituto Gurdon,gurdon-institute,,"Cambridge, Reino Unido"
https://prizeatlas.org/es/nobel-prize/medicina/2012/shinya-yamanaka/,medicina,2012,shinya-yamanaka,1,Universidad de Kioto,kyoto-university,,"Kyoto, Japón"
https://prizeatlas.org/es/nobel-prize/medicina/2011/bruce-a-beutler/,medicina,2011,bruce-a-beutler,1,University of Texas Southwestern Medical Center,university-of-texas-southwestern-medical-center,,"Dallas, Estados Unidos"
https://prizeatlas.org/es/nobel-prize/medicina/2011/jules-a-hoffmann/,medicina,2011,jules-a-hoffmann,1,Universidad de Estrasburgo,university-of-strasbourg,,"Strasbourg, Francia"
https://prizeatlas.org/es/nobel-prize/medicina/2011/ralph-m-steinman/,medicina,2011,ralph-m-steinman,1,Universidad Rockefeller,rockefeller-university,,"New York, Estados Unidos"
https://prizeatlas.org/es/nobel-prize/medicina/2010/robert-g-edwards/,medicina,2010,robert-g-edwards,1,Universidad de Cambridge,university-of-cambridge,,"Cambridge, Reino Unido"
https://prizeatlas.org/es/nobel-prize/medicina/2009/elizabeth-h-blackburn/,medicina,2009,elizabeth-h-blackburn,1,Universidad de California,university-of-california,"University of California, San Francisco","San Francisco, Estados Unidos"
https://prizeatlas.org/es/nobel-prize/medicina/2009/carol-w-greider/,medicina,2009,carol-w-greider,1,Universidad Johns Hopkins,johns-hopkins-university,School of Medicine,"Baltimore, Estados Unidos"
https://prizeatlas.org/es/nobel-prize/medicina/2009/jack-w-szostak/,medicina,2009,jack-w-szostak,1,Universidad Harvard,harvard-university,Harvard Medical School,"Boston, Estados Unidos"
https://prizeatlas.org/es/nobel-prize/medicina/2008/harald-zur-hausen/,medicina,2008,harald-zur-hausen,1,Centro Alemán de Investigación Oncológica,german-cancer-research-center,,"Heidelberg, Alemania"
https://prizeatlas.org/es/nobel-prize/medicina/2008/francoise-barre-sinoussi/,medicina,2008,francoise-barre-sinoussi,1,Instituto Pasteur,institut-pasteur,"Regulation of Retroviral Infections Unit, Virology Department","Paris, Francia"
https://prizeatlas.org/es/nobel-prize/medicina/2008/luc-montagnier/,medicina,2008,luc-montagnier,1,World Foundation for AIDS Research and Prevention,world-foundation-for-aids-research-and-prevention,,"Paris, Francia"
https://prizeatlas.org/es/nobel-prize/medicina/2007/mario-r-capecchi/,medicina,2007,mario-r-capecchi,1,Universidad de Utah,university-of-utah,,"Salt Lake City, Estados Unidos"
https://prizeatlas.org/es/nobel-prize/medicina/2007/martin-j-evans/,medicina,2007,martin-j-evans,1,Universidad de Cardiff,cardiff-university,,"Cardiff, Reino Unido"
https://prizeatlas.org/es/nobel-prize/medicina/2007/oliver-smithies/,medicina,2007,oliver-smithies,1,Universidad de Carolina del Norte en Chapel Hill,university-of-north-carolina-at-chapel-hill,,"Chapel Hill, Estados Unidos"
https://prizeatlas.org/es/nobel-prize/medicina/2006/andrew-z-fire/,medicina,2006,andrew-z-fire,1,Universidad Stanford,stanford-university,School of Medicine,"Stanford, Estados Unidos"
https://prizeatlas.org/es/nobel-prize/medicina/2006/craig-c-mello/,medicina,2006,craig-c-mello,1,University of Massachusetts Medical School,university-of-massachusetts,UMass Chan Medical School,"Worcester, Estados Unidos"
https://prizeatlas.org/es/nobel-prize/medicina/2005/barry-j-marshall/,medicina,2005,barry-j-marshall,1,"NHMRC Helicobacter pylori Research Laboratory, QEII Medical Centre",nhmrc-helicobacter-pylori-research-laboratory-qeii-medical-centre,,"Nedlands, Australia"
https://prizeatlas.org/es/nobel-prize/medicina/2005/j-robin-warren/,medicina,2005,j-robin-warren,1,Royal Perth Hospital,royal-perth-hospital,,"Perth, Australia"
https://prizeatlas.org/es/nobel-prize/medicina/2004/richard-axel/,medicina,2004,richard-axel,1,Universidad de Columbia,columbia-university,,"New York, Estados Unidos"
https://prizeatlas.org/es/nobel-prize/medicina/2004/linda-b-buck/,medicina,2004,linda-b-buck,1,Fred Hutchinson Cancer Research Center,fred-hutchinson-cancer-research-center,,"Seattle, Estados Unidos"
https://prizeatlas.org/es/nobel-prize/medicina/2003/paul-c-lauterbur/,medicina,2003,paul-c-lauterbur,1,Universidad de Illinois en Urbana-Champaign,university-of-illinois-urbana-champaign,,"Urbana, Estados Unidos"
https://prizeatlas.org/es/nobel-prize/medicina/2003/sir-peter-mansfield/,medicina,2003,sir-peter-mansfield,1,Universidad de Nottingham,university-of-nottingham,School of Physics and Astronomy,"Nottingham, Reino Unido"
https://prizeatlas.org/es/nobel-prize/medicina/2002/sydney-brenner/,medicina,2002,sydney-brenner,1,Molecular Sciences Institute,molecular-sciences-institute,The Molecular Sciences Institute,"Berkeley, Estados Unidos"
https://prizeatlas.org/es/nobel-prize/medicina/2002/h-robert-horvitz/,medicina,2002,h-robert-horvitz,1,Instituto Tecnológico de Massachusetts,massachusetts-institute-of-technology,,"Cambridge, Estados Unidos"
https://prizeatlas.org/es/nobel-prize/medicina/2002/john-e-sulston/,medicina,2002,john-e-sulston,1,Wellcome Trust Sanger Institute,wellcome-sanger-institute,The Wellcome Trust Sanger Institute,"Cambridge, Reino Unido"
https://prizeatlas.org/es/nobel-prize/medicina/2001/leland-h-hartwell/,medicina,2001,leland-h-hartwell,1,Fred Hutchinson Cancer Research Center,fred-hutchinson-cancer-research-center,,"Seattle, Estados Unidos"
https://prizeatlas.org/es/nobel-prize/medicina/2001/tim-hunt/,medicina,2001,tim-hunt,1,Cancer Research UK,cancer-research-uk,Imperial Cancer Research Fund,"London, Reino Unido"
https://prizeatlas.org/es/nobel-prize/medicina/2001/paul-m-nurse/,medicina,2001,paul-m-nurse,1,Cancer Research UK,cancer-research-uk,Imperial Cancer Research Fund,"London, Reino Unido"
https://prizeatlas.org/es/nobel-prize/medicina/2000/arvid-carlsson/,medicina,2000,arvid-carlsson,1,Universidad de Gotemburgo,university-of-gothenburg,,"Gothenburg, Suecia"
https://prizeatlas.org/es/nobel-prize/medicina/2000/paul-greengard/,medicina,2000,paul-greengard,1,Universidad Rockefeller,rockefeller-university,,"New York, Estados Unidos"
https://prizeatlas.org/es/nobel-prize/medicina/2000/eric-r-kandel/,medicina,2000,eric-r-kandel,1,Universidad de Columbia,columbia-university,,"New York, Estados Unidos"
https://prizeatlas.org/es/nobel-prize/medicina/1999/gunter-blobel/,medicina,1999,gunter-blobel,1,Universidad Rockefeller,rockefeller-university,,"New York, Estados Unidos"
https://prizeatlas.org/es/nobel-prize/medicina/1998/robert-f-furchgott/,medicina,1998,robert-f-furchgott,1,SUNY Downstate Medical Center,suny-downstate-medical-center,,"Brooklyn, Estados Unidos"
https://prizeatlas.org/es/nobel-prize/medicina/1998/louis-j-ignarro/,medicina,1998,louis-j-ignarro,1,Universidad de California,university-of-california,"University of California, Los Angeles School of Medicine","Los Angeles, Estados Unidos"
https://prizeatlas.org/es/nobel-prize/medicina/1998/ferid-murad/,medicina,1998,ferid-murad,1,University of Texas Medical School at Houston,university-of-texas-medical-school-at-houston,,"Houston, Estados Unidos"
https://prizeatlas.org/es/nobel-prize/medicina/1997/stanley-b-prusiner/,medicina,1997,stanley-b-prusiner,1,Universidad de California,university-of-california,"University of California, San Francisco School of Medicine","San Francisco, Estados Unidos"
https://prizeatlas.org/es/nobel-prize/medicina/1996/peter-c-doherty/,medicina,1996,peter-c-doherty,1,St. Jude Children's Research Hospital,st-jude-children-s-research-hospital,,"Memphis, Estados Unidos"
https://prizeatlas.org/es/nobel-prize/medicina/1996/rolf-m-zinkernagel/,medicina,1996,rolf-m-zinkernagel,1,Universidad de Zúrich,university-of-zurich,Institute of Experimental Immunology,"Zurich, Suiza"
https://prizeatlas.org/es/nobel-prize/medicina/1995/edward-b-lewis/,medicina,1995,edward-b-lewis,1,Instituto de Tecnología de California,california-institute-of-technology,,"Pasadena, Estados Unidos"
https://prizeatlas.org/es/nobel-prize/medicina/1995/christiane-nusslein-volhard/,medicina,1995,christiane-nusslein-volhard,1,Sociedad Max Planck,max-planck-society,Max Planck Institute for Biology Tübingen,"Tübingen, Alemania"
https://prizeatlas.org/es/nobel-prize/medicina/1995/eric-f-wieschaus/,medicina,1995,eric-f-wieschaus,1,Universidad de Princeton,princeton-university,,"Princeton, Estados Unidos"
https://prizeatlas.org/es/nobel-prize/medicina/1994/alfred-g-gilman/,medicina,1994,alfred-g-gilman,1,University of Texas Southwestern Medical Center,university-of-texas-southwestern-medical-center,,"Dallas, Estados Unidos"
https://prizeatlas.org/es/nobel-prize/medicina/1994/martin-rodbell/,medicina,1994,martin-rodbell,1,National Institute of Environmental Health Sciences,national-institute-of-environmental-health-sciences,,"Research Triangle Park, Estados Unidos"
https://prizeatlas.org/es/nobel-prize/medicina/1993/richard-j-roberts/,medicina,1993,richard-j-roberts,1,New England Biolabs,new-england-biolabs,,"Beverly, Estados Unidos"
https://prizeatlas.org/es/nobel-prize/medicina/1993/phillip-a-sharp/,medicina,1993,phillip-a-sharp,1,Instituto Tecnológico de Massachusetts,massachusetts-institute-of-technology,Koch Institute for Integrative Cancer Research,"Cambridge, Estados Unidos"
https://prizeatlas.org/es/nobel-prize/medicina/1992/edmond-h-fischer/,medicina,1992,edmond-h-fischer,1,Universidad de Washington,university-of-washington,,"Seattle, Estados Unidos"
https://prizeatlas.org/es/nobel-prize/medicina/1992/edwin-g-krebs/,medicina,1992,edwin-g-krebs,1,Universidad de Washington,university-of-washington,,"Seattle, Estados Unidos"
https://prizeatlas.org/es/nobel-prize/medicina/1991/erwin-neher/,medicina,1991,erwin-neher,1,Sociedad Max Planck,max-planck-society,Max Planck Institute for Multidisciplinary Sciences,"Göttingen, Alemania"
https://prizeatlas.org/es/nobel-prize/medicina/1991/bert-sakmann/,medicina,1991,bert-sakmann,1,Sociedad Max Planck,max-planck-society,Max Planck Institute for Medical Research,"Heidelberg, Alemania"
https://prizeatlas.org/es/nobel-prize/medicina/1990/joseph-e-murray/,medicina,1990,joseph-e-murray,1,Hospital Brigham and Women's,brigham-and-womens-hospital,,"Boston, Estados Unidos"
https://prizeatlas.org/es/nobel-prize/medicina/1990/e-donnall-thomas/,medicina,1990,e-donnall-thomas,1,Fred Hutchinson Cancer Research Center,fred-hutchinson-cancer-research-center,,"Seattle, Estados Unidos"
https://prizeatlas.org/es/nobel-prize/medicina/1989/j-michael-bishop/,medicina,1989,j-michael-bishop,1,Universidad de California,university-of-california,"University of California, San Francisco School of Medicine","San Francisco, Estados Unidos"
https://prizeatlas.org/es/nobel-prize/medicina/1989/harold-e-varmus/,medicina,1989,harold-e-varmus,1,Universidad de California,university-of-california,"University of California, San Francisco School of Medicine","San Francisco, Estados Unidos"
https://prizeatlas.org/es/nobel-prize/medicina/1988/james-w-black/,medicina,1988,james-w-black,1,Universidad de Londres,university-of-london,King's College Hospital Medical School,"London, Reino Unido"
https://prizeatlas.org/es/nobel-prize/medicina/1988/gertrude-b-elion/,medicina,1988,gertrude-b-elion,1,Wellcome Research Laboratories,wellcome-research-laboratories,,"Research Triangle Park, Estados Unidos"
https://prizeatlas.org/es/nobel-prize/medicina/1988/george-h-hitchings/,medicina,1988,george-h-hitchings,1,Wellcome Research Laboratories,wellcome-research-laboratories,,"Research Triangle Park, Estados Unidos"
https://prizeatlas.org/es/nobel-prize/medicina/1987/susumu-tonegawa/,medicina,1987,susumu-tonegawa,1,Instituto Tecnológico de Massachusetts,massachusetts-institute-of-technology,,"Cambridge, Estados Unidos"
https://prizeatlas.org/es/nobel-prize/medicina/1986/stanley-cohen/,medicina,1986,stanley-cohen,1,Universidad Vanderbilt,vanderbilt-university,School of Medicine,"Nashville, Estados Unidos"
https://prizeatlas.org/es/nobel-prize/medicina/1986/rita-levi-montalcini/,medicina,1986,rita-levi-montalcini,1,Consiglio Nazionale delle Ricerche,national-research-council-italy,Institute of Cell Biology of the C.N.R.,"Rome, Italia"
https://prizeatlas.org/es/nobel-prize/medicina/1985/michael-s-brown/,medicina,1985,michael-s-brown,1,University of Texas Southwestern Medical Center,university-of-texas-southwestern-medical-center,,"Dallas, Estados Unidos"
https://prizeatlas.org/es/nobel-prize/medicina/1985/joseph-l-goldstein/,medicina,1985,joseph-l-goldstein,1,University of Texas Southwestern Medical Center,university-of-texas-southwestern-medical-center,,"Dallas, Estados Unidos"
https://prizeatlas.org/es/nobel-prize/medicina/1984/niels-k-jerne/,medicina,1984,niels-k-jerne,1,Basel Institute for Immunology,basel-institute-for-immunology,,"Basel, Suiza"
https://prizeatlas.org/es/nobel-prize/medicina/1984/georges-j-f-kohler/,medicina,1984,georges-j-f-kohler,1,Basel Institute for Immunology,basel-institute-for-immunology,,"Basel, Suiza"
https://prizeatlas.org/es/nobel-prize/medicina/1984/cesar-milstein/,medicina,1984,cesar-milstein,1,MRC Laboratory of Molecular Biology,mrc-laboratory-of-molecular-biology,,"Cambridge, Reino Unido"
https://prizeatlas.org/es/nobel-prize/medicina/1983/barbara-mcclintock/,medicina,1983,barbara-mcclintock,1,Laboratorio Cold Spring Harbor,cold-spring-harbor-laboratory,,"Cold Spring Harbor, Estados Unidos"
https://prizeatlas.org/es/nobel-prize/medicina/1982/karl-sune-bergstrom/,medicina,1982,karl-sune-bergstrom,1,Instituto Karolinska,karolinska-institutet,,"Stockholm, Suecia"
https://prizeatlas.org/es/nobel-prize/medicina/1982/bengt-i-samuelsson/,medicina,1982,bengt-i-samuelsson,1,Instituto Karolinska,karolinska-institutet,,"Stockholm, Suecia"
https://prizeatlas.org/es/nobel-prize/medicina/1982/john-r-vane/,medicina,1982,john-r-vane,1,The Wellcome Research Laboratories,the-wellcome-research-laboratories,,"Beckenham, Reino Unido"
https://prizeatlas.org/es/nobel-prize/medicina/1981/roger-wolcott-sperry/,medicina,1981,roger-wolcott-sperry,1,Instituto de Tecnología de California,california-institute-of-technology,,"Pasadena, Estados Unidos"
https://prizeatlas.org/es/nobel-prize/medicina/1981/david-h-hubel/,medicina,1981,david-h-hubel,1,Universidad Harvard,harvard-university,Harvard Medical School,"Boston, Estados Unidos"
https://prizeatlas.org/es/nobel-prize/medicina/1981/torsten-n-wiesel/,medicina,1981,torsten-n-wiesel,1,Universidad Harvard,harvard-university,Harvard Medical School,"Boston, Estados Unidos"
https://prizeatlas.org/es/nobel-prize/medicina/1980/baruj-benacerraf/,medicina,1980,baruj-benacerraf,1,Universidad Harvard,harvard-university,Harvard Medical School,"Boston, Estados Unidos"
https://prizeatlas.org/es/nobel-prize/medicina/1980/jean-dausset/,medicina,1980,jean-dausset,1,Universidad de París,university-of-paris,Laboratoire Immuno-Hématologie,"Paris, Francia"
https://prizeatlas.org/es/nobel-prize/medicina/1980/george-d-snell/,medicina,1980,george-d-snell,1,Jackson Laboratory,jackson-laboratory,,"Bar Harbor, Estados Unidos"
https://prizeatlas.org/es/nobel-prize/medicina/1979/allan-m-cormack/,medicina,1979,allan-m-cormack,1,Universidad Tufts,tufts-university,,"Medford, Estados Unidos"
https://prizeatlas.org/es/nobel-prize/medicina/1979/godfrey-n-hounsfield/,medicina,1979,godfrey-n-hounsfield,1,Central Research Laboratories,central-research-laboratories,"Central Research Laboratories, EMI","Hayes, Reino Unido"
https://prizeatlas.org/es/nobel-prize/medicina/1978/werner-arber/,medicina,1978,werner-arber,1,Biozentrum University of Basel,biozentrum-university-of-basel,,"Basel, Suiza"
https://prizeatlas.org/es/nobel-prize/medicina/1978/daniel-nathans/,medicina,1978,daniel-nathans,1,Universidad Johns Hopkins,johns-hopkins-university,School of Medicine,"Baltimore, Estados Unidos"
https://prizeatlas.org/es/nobel-prize/medicina/1978/hamilton-o-smith/,medicina,1978,hamilton-o-smith,1,Universidad Johns Hopkins,johns-hopkins-university,School of Medicine,"Baltimore, Estados Unidos"
https://prizeatlas.org/es/nobel-prize/medicina/1977/roger-guillemin/,medicina,1977,roger-guillemin,1,Instituto Salk,salk-institute-for-biological-studies,,"La Jolla, Estados Unidos"
https://prizeatlas.org/es/nobel-prize/medicina/1977/andrew-v-schally/,medicina,1977,andrew-v-schally,1,Departamento de Asuntos de los Veteranos de los Estados Unidos,united-states-department-of-veterans-affairs,Veterans Administration Hospital,"New Orleans, Estados Unidos"
https://prizeatlas.org/es/nobel-prize/medicina/1977/rosalyn-sussman-yalow/,medicina,1977,rosalyn-sussman-yalow,1,Departamento de Asuntos de los Veteranos de los Estados Unidos,united-states-department-of-veterans-affairs,Veterans Administration Hospital,"Bronx, Estados Unidos"
https://prizeatlas.org/es/nobel-prize/medicina/1976/baruch-s-blumberg/,medicina,1976,baruch-s-blumberg,1,Fox Chase Cancer Center,fox-chase-cancer-center,The Institute for Cancer Research,"Philadelphia, Estados Unidos"
https://prizeatlas.org/es/nobel-prize/medicina/1976/d-carleton-gajdusek/,medicina,1976,d-carleton-gajdusek,1,National Institutes of Health,national-institutes-of-health,,"Bethesda, Estados Unidos"
https://prizeatlas.org/es/nobel-prize/medicina/1975/david-baltimore/,medicina,1975,david-baltimore,1,Instituto Tecnológico de Massachusetts,massachusetts-institute-of-technology,,"Cambridge, Estados Unidos"
https://prizeatlas.org/es/nobel-prize/medicina/1975/renato-dulbecco/,medicina,1975,renato-dulbecco,1,Cancer Research UK,cancer-research-uk,Imperial Cancer Research Fund Laboratory,"London, Reino Unido"
https://prizeatlas.org/es/nobel-prize/medicina/1975/howard-martin-temin/,medicina,1975,howard-martin-temin,1,Universidad de Wisconsin-Madison,university-of-wisconsinmadison,,"Madison, Estados Unidos"
https://prizeatlas.org/es/nobel-prize/medicina/1974/albert-claude/,medicina,1974,albert-claude,1,Universidad Católica de Lovaina,uclouvain,,"Louvain-la-Neuve, Bélgica"
https://prizeatlas.org/es/nobel-prize/medicina/1974/christian-de-duve/,medicina,1974,christian-de-duve,1,Universidad Rockefeller,rockefeller-university,,"New York, Estados Unidos"
https://prizeatlas.org/es/nobel-prize/medicina/1974/george-e-palade/,medicina,1974,george-e-palade,1,Universidad Yale,yale-university,School of Medicine,"New Haven, Estados Unidos"
https://prizeatlas.org/es/nobel-prize/medicina/1973/karl-von-frisch/,medicina,1973,karl-von-frisch,1,Universidad de Múnich,lmu-munich,Zoologisches Institut,"Munich, Alemania"
https://prizeatlas.org/es/nobel-prize/medicina/1973/konrad-lorenz/,medicina,1973,konrad-lorenz,1,"Konrad-Lorenz-Institut der Österreichischen Akademie der Wissen­schaften, Forschungsstelle für Ethologie",konrad-lorenz-institut-der-osterreichischen-akademie-der-wissenschaften-6148a337,,"Altenberg, Austria"
https://prizeatlas.org/es/nobel-prize/medicina/1973/nikolaas-tinbergen/,medicina,1973,nikolaas-tinbergen,1,Universidad de Oxford,university-of-oxford,,"Oxford, Reino Unido"
https://prizeatlas.org/es/nobel-prize/medicina/1972/gerald-m-edelman/,medicina,1972,gerald-m-edelman,1,Universidad Rockefeller,rockefeller-university,,"New York, Estados Unidos"
https://prizeatlas.org/es/nobel-prize/medicina/1972/rodney-r-porter/,medicina,1972,rodney-r-porter,1,Universidad de Oxford,university-of-oxford,,"Oxford, Reino Unido"
https://prizeatlas.org/es/nobel-prize/medicina/1971/earl-wilbur-sutherland/,medicina,1971,earl-wilbur-sutherland,1,Universidad Vanderbilt,vanderbilt-university,,"Nashville, Estados Unidos"
https://prizeatlas.org/es/nobel-prize/medicina/1970/sir-bernard-katz/,medicina,1970,sir-bernard-katz,1,University College de Londres,university-college-london,University College London,"London, Reino Unido"
https://prizeatlas.org/es/nobel-prize/medicina/1970/ulf-von-euler/,medicina,1970,ulf-von-euler,1,Instituto Karolinska,karolinska-institutet,,"Stockholm, Suecia"
https://prizeatlas.org/es/nobel-prize/medicina/1970/julius-axelrod/,medicina,1970,julius-axelrod,1,National Institutes of Health,national-institutes-of-health,,"Bethesda, Estados Unidos"
https://prizeatlas.org/es/nobel-prize/medicina/1969/max-delbruck/,medicina,1969,max-delbruck,1,Instituto de Tecnología de California,california-institute-of-technology,,"Pasadena, Estados Unidos"
https://prizeatlas.org/es/nobel-prize/medicina/1969/alfred-d-hershey/,medicina,1969,alfred-d-hershey,1,Laboratorio Cold Spring Harbor,cold-spring-harbor-laboratory,"Carnegie Institution of Washington, Department of Genetics","Cold Spring Harbor, Estados Unidos"
https://prizeatlas.org/es/nobel-prize/medicina/1969/salvador-e-luria/,medicina,1969,salvador-e-luria,1,Instituto Tecnológico de Massachusetts,massachusetts-institute-of-technology,,"Cambridge, Estados Unidos"
https://prizeatlas.org/es/nobel-prize/medicina/1968/robert-w-holley/,medicina,1968,robert-w-holley,1,Universidad Cornell,cornell-university,,"Ithaca, Estados Unidos"
https://prizeatlas.org/es/nobel-prize/medicina/1968/har-gobind-khorana/,medicina,1968,har-gobind-khorana,1,Universidad de Wisconsin-Madison,university-of-wisconsinmadison,,"Madison, Estados Unidos"
https://prizeatlas.org/es/nobel-prize/medicina/1968/marshall-w-nirenberg/,medicina,1968,marshall-w-nirenberg,1,National Institutes of Health,national-institutes-of-health,,"Bethesda, Estados Unidos"
https://prizeatlas.org/es/nobel-prize/medicina/1967/ragnar-granit/,medicina,1967,ragnar-granit,1,Instituto Karolinska,karolinska-institutet,,"Stockholm, Suecia"
https://prizeatlas.org/es/nobel-prize/medicina/1967/haldan-keffer-hartline/,medicina,1967,haldan-keffer-hartline,1,Universidad Rockefeller,rockefeller-university,,"New York, Estados Unidos"
https://prizeatlas.org/es/nobel-prize/medicina/1967/george-wald/,medicina,1967,george-wald,1,Universidad Harvard,harvard-university,,"Cambridge, Estados Unidos"
https://prizeatlas.org/es/nobel-prize/medicina/1966/peyton-rous/,medicina,1966,peyton-rous,1,Universidad Rockefeller,rockefeller-university,,"New York, Estados Unidos"
https://prizeatlas.org/es/nobel-prize/medicina/1966/charles-brenton-huggins/,medicina,1966,charles-brenton-huggins,1,Universidad de Chicago,university-of-chicago,Ben May Laboratory for Cancer Research,"Chicago, Estados Unidos"
https://prizeatlas.org/es/nobel-prize/medicina/1965/francois-jacob/,medicina,1965,francois-jacob,1,Instituto Pasteur,institut-pasteur,,"Paris, Francia"
https://prizeatlas.org/es/nobel-prize/medicina/1965/andre-lwoff/,medicina,1965,andre-lwoff,1,Instituto Pasteur,institut-pasteur,,"Paris, Francia"
https://prizeatlas.org/es/nobel-prize/medicina/1965/jacques-monod/,medicina,1965,jacques-monod,1,Instituto Pasteur,institut-pasteur,,"Paris, Francia"
https://prizeatlas.org/es/nobel-prize/medicina/1964/konrad-bloch/,medicina,1964,konrad-bloch,1,Universidad Harvard,harvard-university,,"Cambridge, Estados Unidos"
https://prizeatlas.org/es/nobel-prize/medicina/1964/feodor-lynen/,medicina,1964,feodor-lynen,1,Sociedad Max Planck,max-planck-society,Max Planck Institute of Biochemistry,"Martinsried, Alemania"
https://prizeatlas.org/es/nobel-prize/medicina/1963/sir-john-carew-eccles/,medicina,1963,sir-john-carew-eccles,1,Universidad Nacional Australiana,australian-national-university,,"Canberra, Australia"
https://prizeatlas.org/es/nobel-prize/medicina/1963/alan-lloyd-hodgkin/,medicina,1963,alan-lloyd-hodgkin,1,Universidad de Cambridge,university-of-cambridge,,"Cambridge, Reino Unido"
https://prizeatlas.org/es/nobel-prize/medicina/1963/andrew-fielding-huxley/,medicina,1963,andrew-fielding-huxley,1,University College de Londres,university-college-london,University College London,"London, Reino Unido"
https://prizeatlas.org/es/nobel-prize/medicina/1962/francis-harry-compton-crick/,medicina,1962,francis-harry-compton-crick,1,MRC Laboratory of Molecular Biology,mrc-laboratory-of-molecular-biology,,"Cambridge, Reino Unido"
https://prizeatlas.org/es/nobel-prize/medicina/1962/james-dewey-watson/,medicina,1962,james-dewey-watson,1,Universidad Harvard,harvard-university,,"Cambridge, Estados Unidos"
https://prizeatlas.org/es/nobel-prize/medicina/1962/maurice-hugh-frederick-wilkins/,medicina,1962,maurice-hugh-frederick-wilkins,1,Universidad de Londres,university-of-london,,"London, Reino Unido"
https://prizeatlas.org/es/nobel-prize/medicina/1961/georg-von-bekesy/,medicina,1961,georg-von-bekesy,1,Universidad Harvard,harvard-university,,"Cambridge, Estados Unidos"
https://prizeatlas.org/es/nobel-prize/medicina/1960/frank-macfarlane-burnet/,medicina,1960,frank-macfarlane-burnet,1,Instituto de Investigación Médica Walter y Eliza Hall,the-walter-and-eliza-hall-institute-of-medical-research,,"Melbourne, Australia"
https://prizeatlas.org/es/nobel-prize/medicina/1960/peter-brian-medawar/,medicina,1960,peter-brian-medawar,1,University College de Londres,university-college-london,University College London,"London, Reino Unido"
https://prizeatlas.org/es/nobel-prize/medicina/1959/severo-ochoa/,medicina,1959,severo-ochoa,1,Universidad de Nueva York,new-york-university,School of Medicine,"New York, Estados Unidos"
https://prizeatlas.org/es/nobel-prize/medicina/1959/arthur-kornberg/,medicina,1959,arthur-kornberg,1,Universidad Stanford,stanford-university,,"Stanford, Estados Unidos"
https://prizeatlas.org/es/nobel-prize/medicina/1958/george-wells-beadle/,medicina,1958,george-wells-beadle,1,Instituto de Tecnología de California,california-institute-of-technology,,"Pasadena, Estados Unidos"
https://prizeatlas.org/es/nobel-prize/medicina/1958/edward-lawrie-tatum/,medicina,1958,edward-lawrie-tatum,1,Universidad Rockefeller,rockefeller-university,Rockefeller Institute for Medical Research,"New York, Estados Unidos"
https://prizeatlas.org/es/nobel-prize/medicina/1958/joshua-lederberg/,medicina,1958,joshua-lederberg,1,Universidad de Wisconsin-Madison,university-of-wisconsinmadison,,"Madison, Estados Unidos"
https://prizeatlas.org/es/nobel-prize/medicina/1957/daniel-bovet/,medicina,1957,daniel-bovet,1,Istituto Superiore di Sanità (Chief Institute of Public Health),istituto-superiore-di-sanita-chief-institute-of-public-health,,"Rome, Italia"
https://prizeatlas.org/es/nobel-prize/medicina/1956/andre-frederic-cournand/,medicina,1956,andre-frederic-cournand,1,Universidad de Columbia,columbia-university,"Cardio-Pulmonary Laboratory, Bellevue Hospital","New York, Estados Unidos"
https://prizeatlas.org/es/nobel-prize/medicina/1956/werner-forssmann/,medicina,1956,werner-forssmann,1,Mainz University,mainz-university,,"Mainz, Alemania"
https://prizeatlas.org/es/nobel-prize/medicina/1956/dickinson-w-richards/,medicina,1956,dickinson-w-richards,1,Universidad de Columbia,columbia-university,,"New York, Estados Unidos"
https://prizeatlas.org/es/nobel-prize/medicina/1955/axel-hugo-theodor-theorell/,medicina,1955,axel-hugo-theodor-theorell,1,Instituto Karolinska,karolinska-institutet,Nobel Medical Institute,"Stockholm, Suecia"
https://prizeatlas.org/es/nobel-prize/medicina/1954/john-franklin-enders/,medicina,1954,john-franklin-enders,1,Universidad Harvard,harvard-university,Harvard Medical School,"Boston, Estados Unidos"
https://prizeatlas.org/es/nobel-prize/medicina/1954/thomas-huckle-weller/,medicina,1954,thomas-huckle-weller,1,Children's Hospital Boston,boston-children-s-hospital,"Research Division of Infectious Diseases, Children's Medical Center","Boston, Estados Unidos"
https://prizeatlas.org/es/nobel-prize/medicina/1954/frederick-chapman-robbins/,medicina,1954,frederick-chapman-robbins,1,Western Reserve University,western-reserve-university,,"Cleveland, Estados Unidos"
https://prizeatlas.org/es/nobel-prize/medicina/1953/hans-adolf-krebs/,medicina,1953,hans-adolf-krebs,1,Universidad de Sheffield,sheffield-university,,"Sheffield, Reino Unido"
https://prizeatlas.org/es/nobel-prize/medicina/1953/fritz-albert-lipmann/,medicina,1953,fritz-albert-lipmann,1,Universidad Harvard,harvard-university,Harvard Medical School,"Boston, Estados Unidos"
https://prizeatlas.org/es/nobel-prize/medicina/1952/selman-abraham-waksman/,medicina,1952,selman-abraham-waksman,1,Universidad Rutgers,rutgers-university,,"New Brunswick, Estados Unidos"
https://prizeatlas.org/es/nobel-prize/medicina/1951/max-theiler/,medicina,1951,max-theiler,1,Fundación Rockefeller,rockefeller-foundation,"Laboratories of the Division of Medicine and Public Health, Rockefeller Foundation","New York, Estados Unidos"
https://prizeatlas.org/es/nobel-prize/medicina/1950/edward-calvin-kendall/,medicina,1950,edward-calvin-kendall,1,Clínica Mayo,mayo-clinic,,"Rochester, Estados Unidos"
https://prizeatlas.org/es/nobel-prize/medicina/1950/tadeus-reichstein/,medicina,1950,tadeus-reichstein,1,Universidad de Basilea,university-of-basel,,"Basel, Suiza"
https://prizeatlas.org/es/nobel-prize/medicina/1950/philip-showalter-hench/,medicina,1950,philip-showalter-hench,1,Clínica Mayo,mayo-clinic,,"Rochester, Estados Unidos"
https://prizeatlas.org/es/nobel-prize/medicina/1949/walter-rudolf-hess/,medicina,1949,walter-rudolf-hess,1,Universidad de Zúrich,university-of-zurich,,"Zurich, Suiza"
https://prizeatlas.org/es/nobel-prize/medicina/1949/antonio-caetano-de-abreu-freire-egas-moniz/,medicina,1949,antonio-caetano-de-abreu-freire-egas-moniz,1,universidad de Lisboa,university-of-lisbon,,"Lisbon, Portugal"
https://prizeatlas.org/es/nobel-prize/medicina/1948/paul-hermann-muller/,medicina,1948,paul-hermann-muller,1,Laboratorium der Farben-Fabriken J.R. Geigy A.G. (Laboratory of the J.R. Geigy Dye-Factory Co.),laboratorium-der-farben-fabriken-j-r-geigy-a-g-laboratory-of-the-j-r-ge-c0959ec1,,"Basel, Suiza"
https://prizeatlas.org/es/nobel-prize/medicina/1947/carl-ferdinand-cori/,medicina,1947,carl-ferdinand-cori,1,Universidad Washington en San Luis,washington-university-in-st-louis,,"St. Louis, Estados Unidos"
https://prizeatlas.org/es/nobel-prize/medicina/1947/gerty-theresa-cori-nee-radnitz/,medicina,1947,gerty-theresa-cori-nee-radnitz,1,Universidad Washington en San Luis,washington-university-in-st-louis,,"St. Louis, Estados Unidos"
https://prizeatlas.org/es/nobel-prize/medicina/1947/bernardo-alberto-houssay/,medicina,1947,bernardo-alberto-houssay,1,Instituto de Biología y Medicina Experimental,instituto-de-biologia-y-medicina-experimental-institute-for-biology-and-09d90d88,,"Buenos Aires, Argentina"
https://prizeatlas.org/es/nobel-prize/medicina/1946/hermann-joseph-muller/,medicina,1946,hermann-joseph-muller,1,Universidad de Indiana,indiana-university,,"Bloomington, Estados Unidos"
https://prizeatlas.org/es/nobel-prize/medicina/1945/sir-alexander-fleming/,medicina,1945,sir-alexander-fleming,1,Universidad de Londres,university-of-london,,"London, Reino Unido"
https://prizeatlas.org/es/nobel-prize/medicina/1945/ernst-boris-chain/,medicina,1945,ernst-boris-chain,1,Universidad de Oxford,university-of-oxford,,"Oxford, Reino Unido"
https://prizeatlas.org/es/nobel-prize/medicina/1945/sir-howard-walter-florey/,medicina,1945,sir-howard-walter-florey,1,Universidad de Oxford,university-of-oxford,,"Oxford, Reino Unido"
https://prizeatlas.org/es/nobel-prize/medicina/1944/joseph-erlanger/,medicina,1944,joseph-erlanger,1,Universidad Washington en San Luis,washington-university-in-st-louis,,"St. Louis, Estados Unidos"
https://prizeatlas.org/es/nobel-prize/medicina/1944/herbert-spencer-gasser/,medicina,1944,herbert-spencer-gasser,1,Universidad Rockefeller,rockefeller-university,Rockefeller Institute for Medical Research,"New York, Estados Unidos"
https://prizeatlas.org/es/nobel-prize/medicina/1943/henrik-carl-peter-dam/,medicina,1943,henrik-carl-peter-dam,1,Universidad Técnica de Dinamarca,technical-university-of-denmark,Polytechnic Institute,"Copenhagen, Dinamarca"
https://prizeatlas.org/es/nobel-prize/medicina/1943/edward-adelbert-doisy/,medicina,1943,edward-adelbert-doisy,1,Universidad de San Luis,saint-louis-university,,"St. Louis, Estados Unidos"
https://prizeatlas.org/es/nobel-prize/medicina/1939/gerhard-domagk/,medicina,1939,gerhard-domagk,1,Universidad de Münster,munster-university,,"Munster, Alemania"
https://prizeatlas.org/es/nobel-prize/medicina/1938/corneille-jean-francois-heymans/,medicina,1938,corneille-jean-francois-heymans,1,Universidad de Gante,ghent-university,,"Ghent, Bélgica"
https://prizeatlas.org/es/nobel-prize/medicina/1937/albert-von-szent-gyorgyi-nagyrapolt/,medicina,1937,albert-von-szent-gyorgyi-nagyrapolt,1,Universidad de Szeged,university-of-szeged,,"Szeged, Hungría"
https://prizeatlas.org/es/nobel-prize/medicina/1936/sir-henry-hallett-dale/,medicina,1936,sir-henry-hallett-dale,1,National Institute for Medical Research,national-institute-for-medical-research,,"London, Reino Unido"
https://prizeatlas.org/es/nobel-prize/medicina/1936/otto-loewi/,medicina,1936,otto-loewi,1,Universidad de Graz,university-of-graz,,"Graz, Austria"
https://prizeatlas.org/es/nobel-prize/medicina/1935/hans-spemann/,medicina,1935,hans-spemann,1,Universidad de Friburgo,university-of-freiburg,,"Freiburg im Breisgau, Alemania"
https://prizeatlas.org/es/nobel-prize/medicina/1934/george-hoyt-whipple/,medicina,1934,george-hoyt-whipple,1,Universidad de Rochester,university-of-rochester,,"Rochester, Estados Unidos"
https://prizeatlas.org/es/nobel-prize/medicina/1934/george-richards-minot/,medicina,1934,george-richards-minot,1,Universidad Harvard,harvard-university,,"Cambridge, Estados Unidos"
https://prizeatlas.org/es/nobel-prize/medicina/1934/william-parry-murphy/,medicina,1934,william-parry-murphy,1,Universidad Harvard,harvard-university,,"Cambridge, Estados Unidos"
https://prizeatlas.org/es/nobel-prize/medicina/1933/thomas-hunt-morgan/,medicina,1933,thomas-hunt-morgan,1,Instituto de Tecnología de California,california-institute-of-technology,,"Pasadena, Estados Unidos"
https://prizeatlas.org/es/nobel-prize/medicina/1932/sir-charles-scott-sherrington/,medicina,1932,sir-charles-scott-sherrington,1,Universidad de Oxford,university-of-oxford,,"Oxford, Reino Unido"
https://prizeatlas.org/es/nobel-prize/medicina/1932/edgar-douglas-adrian/,medicina,1932,edgar-douglas-adrian,1,Universidad de Cambridge,university-of-cambridge,,"Cambridge, Reino Unido"
https://prizeatlas.org/es/nobel-prize/medicina/1931/otto-heinrich-warburg/,medicina,1931,otto-heinrich-warburg,1,Sociedad Max Planck,max-planck-society,Max Planck Institute for Biology Tübingen,"Tübingen, Alemania"
https://prizeatlas.org/es/nobel-prize/medicina/1930/karl-landsteiner/,medicina,1930,karl-landsteiner,1,Universidad Rockefeller,rockefeller-university,Rockefeller Institute for Medical Research,"New York, Estados Unidos"
https://prizeatlas.org/es/nobel-prize/medicina/1929/christiaan-eijkman/,medicina,1929,christiaan-eijkman,1,Universidad de Utrecht,utrecht-university,,"Utrecht, Países Bajos"
https://prizeatlas.org/es/nobel-prize/medicina/1929/sir-frederick-gowland-hopkins/,medicina,1929,sir-frederick-gowland-hopkins,1,Universidad de Cambridge,university-of-cambridge,,"Cambridge, Reino Unido"
https://prizeatlas.org/es/nobel-prize/medicina/1928/charles-jules-henri-nicolle/,medicina,1928,charles-jules-henri-nicolle,1,Institut Pasteur de Tunis,institut-pasteur-de-tunis,,"Tunis, Túnez"
https://prizeatlas.org/es/nobel-prize/medicina/1927/julius-wagner-jauregg/,medicina,1927,julius-wagner-jauregg,1,Universidad de Viena,university-of-vienna,,"Vienna, Austria"
https://prizeatlas.org/es/nobel-prize/medicina/1926/johannes-andreas-grib-fibiger/,medicina,1926,johannes-andreas-grib-fibiger,1,Universidad de Copenhague,university-of-copenhagen,,"Copenhagen, Dinamarca"
https://prizeatlas.org/es/nobel-prize/medicina/1924/willem-einthoven/,medicina,1924,willem-einthoven,1,Universidad de Leiden,leiden-university,,"Leiden, Países Bajos"
https://prizeatlas.org/es/nobel-prize/medicina/1923/frederick-grant-banting/,medicina,1923,frederick-grant-banting,1,Universidad de Toronto,university-of-toronto,,"Toronto, Canadá"
https://prizeatlas.org/es/nobel-prize/medicina/1923/john-james-rickard-macleod/,medicina,1923,john-james-rickard-macleod,1,Universidad de Toronto,university-of-toronto,,"Toronto, Canadá"
https://prizeatlas.org/es/nobel-prize/medicina/1922/archibald-vivian-hill/,medicina,1922,archibald-vivian-hill,1,Universidad de Londres,university-of-london,,"London, Reino Unido"
https://prizeatlas.org/es/nobel-prize/medicina/1922/otto-fritz-meyerhof/,medicina,1922,otto-fritz-meyerhof,1,Universidad de Kiel,kiel-university,,"Kiel, Alemania"
https://prizeatlas.org/es/nobel-prize/medicina/1920/schack-august-steenberg-krogh/,medicina,1920,schack-august-steenberg-krogh,1,Universidad de Copenhague,university-of-copenhagen,,"Copenhagen, Dinamarca"
https://prizeatlas.org/es/nobel-prize/medicina/1919/jules-bordet/,medicina,1919,jules-bordet,1,Brussels University,brussels-university,,"Brussels, Bélgica"
https://prizeatlas.org/es/nobel-prize/medicina/1914/robert-barany/,medicina,1914,robert-barany,1,Universidad de Viena,university-of-vienna,,"Vienna, Austria"
https://prizeatlas.org/es/nobel-prize/medicina/1913/charles-robert-richet/,medicina,1913,charles-robert-richet,1,Sorbonne Université,sorbonne-university,,"Paris, Francia"
https://prizeatlas.org/es/nobel-prize/medicina/1912/alexis-carrel/,medicina,1912,alexis-carrel,1,Universidad Rockefeller,rockefeller-university,Rockefeller Institute for Medical Research,"New York, Estados Unidos"
https://prizeatlas.org/es/nobel-prize/medicina/1911/allvar-gullstrand/,medicina,1911,allvar-gullstrand,1,Universidad de Upsala,uppsala-university,,"Uppsala, Suecia"
https://prizeatlas.org/es/nobel-prize/medicina/1910/albrecht-kossel/,medicina,1910,albrecht-kossel,1,Universidad de Heidelberg,university-of-heidelberg,,"Heidelberg, Alemania"
https://prizeatlas.org/es/nobel-prize/medicina/1909/emil-theodor-kocher/,medicina,1909,emil-theodor-kocher,1,Berne University,berne-university,,"Berne, Suiza"
https://prizeatlas.org/es/nobel-prize/medicina/1908/ilya-ilyich-mechnikov/,medicina,1908,ilya-ilyich-mechnikov,1,Instituto Pasteur,institut-pasteur,,"Paris, Francia"
https://prizeatlas.org/es/nobel-prize/medicina/1908/paul-ehrlich/,medicina,1908,paul-ehrlich,1,Universidad de Gotinga,university-of-gottingen,,"Göttingen, Alemania"
https://prizeatlas.org/es/nobel-prize/medicina/1907/charles-louis-alphonse-laveran/,medicina,1907,charles-louis-alphonse-laveran,1,Instituto Pasteur,institut-pasteur,,"Paris, Francia"
https://prizeatlas.org/es/nobel-prize/medicina/1906/camillo-golgi/,medicina,1906,camillo-golgi,1,Universidad de Pavía,pavia-university,,"Pavia, Italia"
https://prizeatlas.org/es/nobel-prize/medicina/1906/santiago-ramon-y-cajal/,medicina,1906,santiago-ramon-y-cajal,1,Universidad Complutense de Madrid,madrid-university,,"Madrid, España"
https://prizeatlas.org/es/nobel-prize/medicina/1905/robert-koch/,medicina,1905,robert-koch,1,Instituto Robert Koch,robert-koch-institute,Institute for Infectious Diseases,"Berlin, Alemania"
https://prizeatlas.org/es/nobel-prize/medicina/1904/ivan-petrovich-pavlov/,medicina,1904,ivan-petrovich-pavlov,1,Academia Médico Militar S.M. Kirov,s-m-kirov-military-medical-academy,Military Medical Academy,"St. Petersburg, Rusia"
https://prizeatlas.org/es/nobel-prize/medicina/1903/niels-ryberg-finsen/,medicina,1903,niels-ryberg-finsen,1,Finsen Institute,finsen-institute,Finsen Medical Light Institute,"Copenhagen, Dinamarca"
https://prizeatlas.org/es/nobel-prize/medicina/1902/ronald-ross/,medicina,1902,ronald-ross,1,Universidad de Liverpool,university-of-liverpool,,"Liverpool, Reino Unido"
https://prizeatlas.org/es/nobel-prize/medicina/1901/emil-adolf-von-behring/,medicina,1901,emil-adolf-von-behring,1,Universidad de Marburgo,marburg-university,,"Marburg, Alemania"
https://prizeatlas.org/es/nobel-prize/fisica/2025/john-clarke/,fisica,2025,john-clarke,1,Universidad de California,university-of-california,"University of California, Berkeley","Berkeley, Estados Unidos"
https://prizeatlas.org/es/nobel-prize/fisica/2025/michel-h-devoret/,fisica,2025,michel-h-devoret,1,Universidad Yale,yale-university,,"New Haven, Estados Unidos"
https://prizeatlas.org/es/nobel-prize/fisica/2025/john-m-martinis/,fisica,2025,john-m-martinis,1,Universidad de California,university-of-california,"University of California, Santa Barbara","Santa Barbara, Estados Unidos"
https://prizeatlas.org/es/nobel-prize/fisica/2024/john-j-hopfield/,fisica,2024,john-j-hopfield,1,Universidad de Princeton,princeton-university,,"Princeton, Estados Unidos"
https://prizeatlas.org/es/nobel-prize/fisica/2024/geoffrey-hinton/,fisica,2024,geoffrey-hinton,1,Universidad de Toronto,university-of-toronto,,"Toronto, Canadá"
https://prizeatlas.org/es/nobel-prize/fisica/2023/pierre-agostini/,fisica,2023,pierre-agostini,1,Universidad del Estado de Ohio,the-ohio-state-university,,"Columbus, Estados Unidos"
https://prizeatlas.org/es/nobel-prize/fisica/2023/ferenc-krausz/,fisica,2023,ferenc-krausz,1,Sociedad Max Planck,max-planck-society,Max Planck Institute of Quantum Optics,"Garching, Alemania"
https://prizeatlas.org/es/nobel-prize/fisica/2023/anne-lhuillier/,fisica,2023,anne-lhuillier,1,Universidad de Lund,lund-university,,"Lund, Suecia"
https://prizeatlas.org/es/nobel-prize/fisica/2022/alain-aspect/,fisica,2022,alain-aspect,1,Universidad Paris-Saclay,universite-paris-saclay,Institut d’Optique Graduate School,"Paris, Francia"
https://prizeatlas.org/es/nobel-prize/fisica/2022/john-f-clauser/,fisica,2022,john-f-clauser,1,J.F. Clauser & Assoc.,j-f-clauser-assoc,,"Walnut Creek, Estados Unidos"
https://prizeatlas.org/es/nobel-prize/fisica/2022/anton-zeilinger/,fisica,2022,anton-zeilinger,1,Universidad de Viena,university-of-vienna,,"Vienna, Austria"
https://prizeatlas.org/es/nobel-prize/fisica/2021/syukuro-manabe/,fisica,2021,syukuro-manabe,1,Universidad de Princeton,princeton-university,,"Princeton, Estados Unidos"
https://prizeatlas.org/es/nobel-prize/fisica/2021/klaus-hasselmann/,fisica,2021,klaus-hasselmann,1,Sociedad Max Planck,max-planck-society,Max Planck Institute for Meteorology,"Hamburg, Alemania"
https://prizeatlas.org/es/nobel-prize/fisica/2021/giorgio-parisi/,fisica,2021,giorgio-parisi,1,Universidad de Roma La Sapienza,sapienza-university-of-rome,,"Rome, Italia"
https://prizeatlas.org/es/nobel-prize/fisica/2020/roger-penrose/,fisica,2020,roger-penrose,1,Universidad de Oxford,university-of-oxford,,"Oxford, Reino Unido"
https://prizeatlas.org/es/nobel-prize/fisica/2020/reinhard-genzel/,fisica,2020,reinhard-genzel,1,Sociedad Max Planck,max-planck-society,Max Planck Institute for Extraterrestrial Physics,"Garching, Alemania"
https://prizeatlas.org/es/nobel-prize/fisica/2020/andrea-m-ghez/,fisica,2020,andrea-m-ghez,1,Universidad de California,university-of-california,"University of California, Los Angeles","Los Angeles, Estados Unidos"
https://prizeatlas.org/es/nobel-prize/fisica/2019/james-peebles/,fisica,2019,james-peebles,1,Universidad de Princeton,princeton-university,,"Princeton, Estados Unidos"
https://prizeatlas.org/es/nobel-prize/fisica/2019/michel-mayor/,fisica,2019,michel-mayor,1,Universidad de Ginebra,university-of-geneva,,"Geneva, Suiza"
https://prizeatlas.org/es/nobel-prize/fisica/2019/didier-queloz/,fisica,2019,didier-queloz,1,Universidad de Ginebra,university-of-geneva,,"Geneva, Suiza"
https://prizeatlas.org/es/nobel-prize/fisica/2018/arthur-ashkin/,fisica,2018,arthur-ashkin,1,Bell Labs,bell-labs,,"Holmdel, Estados Unidos"
https://prizeatlas.org/es/nobel-prize/fisica/2018/gerard-mourou/,fisica,2018,gerard-mourou,1,Escuela Politécnica,ecole-polytechnique,,"Palaiseau, Francia"
https://prizeatlas.org/es/nobel-prize/fisica/2018/donna-strickland/,fisica,2018,donna-strickland,1,Universidad de Waterloo,university-of-waterloo,,"Waterloo, Canadá"
https://prizeatlas.org/es/nobel-prize/fisica/2017/rainer-weiss/,fisica,2017,rainer-weiss,1,LIGO/VIRGO Collaboration,ligo-virgo-collaboration,,"Pasadena, Estados Unidos"
https://prizeatlas.org/es/nobel-prize/fisica/2017/barry-c-barish/,fisica,2017,barry-c-barish,1,LIGO/VIRGO Collaboration,ligo-virgo-collaboration,,"Pasadena, Estados Unidos"
https://prizeatlas.org/es/nobel-prize/fisica/2017/kip-s-thorne/,fisica,2017,kip-s-thorne,1,LIGO/VIRGO Collaboration,ligo-virgo-collaboration,,"Pasadena, Estados Unidos"
https://prizeatlas.org/es/nobel-prize/fisica/2016/david-j-thouless/,fisica,2016,david-j-thouless,1,Universidad de Washington,university-of-washington,,"Seattle, Estados Unidos"
https://prizeatlas.org/es/nobel-prize/fisica/2016/f-duncan-m-haldane/,fisica,2016,f-duncan-m-haldane,1,Universidad de Princeton,princeton-university,,"Princeton, Estados Unidos"
https://prizeatlas.org/es/nobel-prize/fisica/2016/j-michael-kosterlitz/,fisica,2016,j-michael-kosterlitz,1,Universidad Brown,brown-university,,"Providence, Estados Unidos"
https://prizeatlas.org/es/nobel-prize/fisica/2015/takaaki-kajita/,fisica,2015,takaaki-kajita,1,Universidad de Tokio,university-of-tokyo,,"Kashiwa, Japón"
https://prizeatlas.org/es/nobel-prize/fisica/2015/arthur-b-mcdonald/,fisica,2015,arthur-b-mcdonald,1,Universidad de Queen,queen-s-university,,"Kingston, Canadá"
https://prizeatlas.org/es/nobel-prize/fisica/2014/isamu-akasaki/,fisica,2014,isamu-akasaki,1,Universidad Meijo,meijo-university,,"Nagoya, Japón"
https://prizeatlas.org/es/nobel-prize/fisica/2014/hiroshi-amano/,fisica,2014,hiroshi-amano,1,Universidad de Nagoya,nagoya-university,,"Nagoya, Japón"
https://prizeatlas.org/es/nobel-prize/fisica/2014/shuji-nakamura/,fisica,2014,shuji-nakamura,1,Universidad de California,university-of-california,"University of California, Santa Barbara","Santa Barbara, Estados Unidos"
https://prizeatlas.org/es/nobel-prize/fisica/2013/francois-englert/,fisica,2013,francois-englert,1,Universidad libre de Bruselas,universite-libre-de-bruxelles,,"Brussels, Bélgica"
https://prizeatlas.org/es/nobel-prize/fisica/2013/peter-w-higgs/,fisica,2013,peter-w-higgs,1,Universidad de Edimburgo,university-of-edinburgh,,"Edinburgh, Reino Unido"
https://prizeatlas.org/es/nobel-prize/fisica/2012/serge-haroche/,fisica,2012,serge-haroche,1,Collège de France,college-de-france,,"Paris, Francia"
https://prizeatlas.org/es/nobel-prize/fisica/2012/david-j-wineland/,fisica,2012,david-j-wineland,1,Instituto Nacional de Estándares y Tecnología,national-institute-of-standards-and-technology,,"Boulder, Estados Unidos"
https://prizeatlas.org/es/nobel-prize/fisica/2011/saul-perlmutter/,fisica,2011,saul-perlmutter,1,Lawrence Berkeley National Laboratory,lawrence-berkeley-national-laboratory,,"Berkeley, Estados Unidos"
https://prizeatlas.org/es/nobel-prize/fisica/2011/brian-p-schmidt/,fisica,2011,brian-p-schmidt,1,Universidad Nacional Australiana,australian-national-university,,"Canberra, Australia"
https://prizeatlas.org/es/nobel-prize/fisica/2011/adam-g-riess/,fisica,2011,adam-g-riess,1,Universidad Johns Hopkins,johns-hopkins-university,,"Baltimore, Estados Unidos"
https://prizeatlas.org/es/nobel-prize/fisica/2010/andre-geim/,fisica,2010,andre-geim,1,Universidad de Mánchester,university-of-manchester,,"Manchester, Reino Unido"
https://prizeatlas.org/es/nobel-prize/fisica/2010/konstantin-novoselov/,fisica,2010,konstantin-novoselov,1,Universidad de Mánchester,university-of-manchester,,"Manchester, Reino Unido"
https://prizeatlas.org/es/nobel-prize/fisica/2009/charles-kuen-kao/,fisica,2009,charles-kuen-kao,1,Standard Telecommunication Laboratories,standard-telecommunication-laboratories,,"Harlow, Reino Unido"
https://prizeatlas.org/es/nobel-prize/fisica/2009/willard-s-boyle/,fisica,2009,willard-s-boyle,1,Bell Labs,bell-labs,,"Murray Hill, Estados Unidos"
https://prizeatlas.org/es/nobel-prize/fisica/2009/george-e-smith/,fisica,2009,george-e-smith,1,Bell Labs,bell-labs,,"Murray Hill, Estados Unidos"
https://prizeatlas.org/es/nobel-prize/fisica/2008/yoichiro-nambu/,fisica,2008,yoichiro-nambu,1,Universidad de Chicago,university-of-chicago,Enrico Fermi Institute,"Chicago, Estados Unidos"
https://prizeatlas.org/es/nobel-prize/fisica/2008/makoto-kobayashi/,fisica,2008,makoto-kobayashi,1,KEK,high-energy-accelerator-research-organization-kek,,"Tsukuba, Japón"
https://prizeatlas.org/es/nobel-prize/fisica/2008/toshihide-maskawa/,fisica,2008,toshihide-maskawa,1,Kyoto Sangyo University,kyoto-sangyo-university,,"Kyoto, Japón"
https://prizeatlas.org/es/nobel-prize/fisica/2007/albert-fert/,fisica,2007,albert-fert,1,Universidad Paris-Saclay,universite-paris-saclay,,"Orsay, Francia"
https://prizeatlas.org/es/nobel-prize/fisica/2007/peter-grunberg/,fisica,2007,peter-grunberg,1,Forschungszentrum Jülich,forschungszentrum-julich,,"Jülich, Alemania"
https://prizeatlas.org/es/nobel-prize/fisica/2006/john-c-mather/,fisica,2006,john-c-mather,1,Centro de vuelo espacial Goddard,nasa-goddard-space-flight-center,,"Greenbelt, Estados Unidos"
https://prizeatlas.org/es/nobel-prize/fisica/2006/george-f-smoot/,fisica,2006,george-f-smoot,1,Universidad de California,university-of-california,"University of California, Berkeley","Berkeley, Estados Unidos"
https://prizeatlas.org/es/nobel-prize/fisica/2005/roy-j-glauber/,fisica,2005,roy-j-glauber,1,Universidad Harvard,harvard-university,,"Cambridge, Estados Unidos"
https://prizeatlas.org/es/nobel-prize/fisica/2005/john-l-hall/,fisica,2005,john-l-hall,1,"University of Colorado, JILA",university-of-colorado-jila,JILA,"Boulder, Estados Unidos"
https://prizeatlas.org/es/nobel-prize/fisica/2005/theodor-w-hansch/,fisica,2005,theodor-w-hansch,1,Sociedad Max Planck,max-planck-society,Max Planck Institute of Quantum Optics,"Garching, Alemania"
https://prizeatlas.org/es/nobel-prize/fisica/2004/david-j-gross/,fisica,2004,david-j-gross,1,Universidad de California,university-of-california,"University of California, Santa Barbara Kavli Institute for Theoretical Physics","Santa Barbara, Estados Unidos"
https://prizeatlas.org/es/nobel-prize/fisica/2004/h-david-politzer/,fisica,2004,h-david-politzer,1,Instituto de Tecnología de California,california-institute-of-technology,,"Pasadena, Estados Unidos"
https://prizeatlas.org/es/nobel-prize/fisica/2004/frank-wilczek/,fisica,2004,frank-wilczek,1,Instituto Tecnológico de Massachusetts,massachusetts-institute-of-technology,,"Cambridge, Estados Unidos"
https://prizeatlas.org/es/nobel-prize/fisica/2003/alexei-a-abrikosov/,fisica,2003,alexei-a-abrikosov,1,Laboratorio Nacional Argonne,argonne-national-laboratory,,"Argonne, Estados Unidos"
https://prizeatlas.org/es/nobel-prize/fisica/2003/vitaly-l-ginzburg/,fisica,2003,vitaly-l-ginzburg,1,Instituto Lébedev de Física,lebedev-physical-institute,,"Moscow, Rusia"
https://prizeatlas.org/es/nobel-prize/fisica/2003/anthony-j-leggett/,fisica,2003,anthony-j-leggett,1,Universidad de Illinois en Urbana-Champaign,university-of-illinois-urbana-champaign,,"Urbana, Estados Unidos"
https://prizeatlas.org/es/nobel-prize/fisica/2002/raymond-davis-jr/,fisica,2002,raymond-davis-jr,1,Universidad de Pensilvania,university-of-pennsylvania,,"Philadelphia, Estados Unidos"
https://prizeatlas.org/es/nobel-prize/fisica/2002/masatoshi-koshiba/,fisica,2002,masatoshi-koshiba,1,Universidad de Tokio,university-of-tokyo,,"Tokyo, Japón"
https://prizeatlas.org/es/nobel-prize/fisica/2002/riccardo-giacconi/,fisica,2002,riccardo-giacconi,1,"Associated Universities, Inc.",associated-universities-inc,,"Washington, Estados Unidos"
https://prizeatlas.org/es/nobel-prize/fisica/2001/eric-a-cornell/,fisica,2001,eric-a-cornell,1,"University of Colorado, JILA",university-of-colorado-jila,JILA,"Boulder, Estados Unidos"
https://prizeatlas.org/es/nobel-prize/fisica/2001/wolfgang-ketterle/,fisica,2001,wolfgang-ketterle,1,Instituto Tecnológico de Massachusetts,massachusetts-institute-of-technology,,"Cambridge, Estados Unidos"
https://prizeatlas.org/es/nobel-prize/fisica/2001/carl-e-wieman/,fisica,2001,carl-e-wieman,1,"University of Colorado, JILA",university-of-colorado-jila,JILA,"Boulder, Estados Unidos"
https://prizeatlas.org/es/nobel-prize/fisica/2000/zhores-i-alferov/,fisica,2000,zhores-i-alferov,1,Instituto Físico-Técnico Ioffe,a-f-ioffe-physico-technical-institute,,"St. Petersburg, Rusia"
https://prizeatlas.org/es/nobel-prize/fisica/2000/herbert-kroemer/,fisica,2000,herbert-kroemer,1,Universidad de California,university-of-california,"University of California, Santa Barbara","Santa Barbara, Estados Unidos"
https://prizeatlas.org/es/nobel-prize/fisica/2000/jack-s-kilby/,fisica,2000,jack-s-kilby,1,Texas Instruments,texas-instruments,,"Dallas, Estados Unidos"
https://prizeatlas.org/es/nobel-prize/fisica/1999/gerardus-t-hooft/,fisica,1999,gerardus-t-hooft,1,Universidad de Utrecht,utrecht-university,,"Utrecht, Países Bajos"
https://prizeatlas.org/es/nobel-prize/fisica/1999/martinus-j-g-veltman/,fisica,1999,martinus-j-g-veltman,1,Universidad de Míchigan,university-of-michigan,,"Ann Arbor, Estados Unidos"
https://prizeatlas.org/es/nobel-prize/fisica/1998/robert-b-laughlin/,fisica,1998,robert-b-laughlin,1,Universidad Stanford,stanford-university,,"Stanford, Estados Unidos"
https://prizeatlas.org/es/nobel-prize/fisica/1998/horst-l-stormer/,fisica,1998,horst-l-stormer,1,Universidad de Columbia,columbia-university,,"New York, Estados Unidos"
https://prizeatlas.org/es/nobel-prize/fisica/1998/daniel-c-tsui/,fisica,1998,daniel-c-tsui,1,Universidad de Princeton,princeton-university,,"Princeton, Estados Unidos"
https://prizeatlas.org/es/nobel-prize/fisica/1997/steven-chu/,fisica,1997,steven-chu,1,Universidad Stanford,stanford-university,,"Stanford, Estados Unidos"
https://prizeatlas.org/es/nobel-prize/fisica/1997/claude-cohen-tannoudji/,fisica,1997,claude-cohen-tannoudji,1,Collège de France,college-de-france,,"Paris, Francia"
https://prizeatlas.org/es/nobel-prize/fisica/1997/william-d-phillips/,fisica,1997,william-d-phillips,1,Instituto Nacional de Estándares y Tecnología,national-institute-of-standards-and-technology,,"Gaithersburg, Estados Unidos"
https://prizeatlas.org/es/nobel-prize/fisica/1996/david-m-lee/,fisica,1996,david-m-lee,1,Universidad Cornell,cornell-university,,"Ithaca, Estados Unidos"
https://prizeatlas.org/es/nobel-prize/fisica/1996/douglas-d-osheroff/,fisica,1996,douglas-d-osheroff,1,Universidad Stanford,stanford-university,,"Stanford, Estados Unidos"
https://prizeatlas.org/es/nobel-prize/fisica/1996/robert-c-richardson/,fisica,1996,robert-c-richardson,1,Universidad Cornell,cornell-university,,"Ithaca, Estados Unidos"
https://prizeatlas.org/es/nobel-prize/fisica/1995/martin-l-perl/,fisica,1995,martin-l-perl,1,Universidad Stanford,stanford-university,,"Stanford, Estados Unidos"
https://prizeatlas.org/es/nobel-prize/fisica/1995/frederick-reines/,fisica,1995,frederick-reines,1,Universidad de California,university-of-california,"University of California, Irvine","Irvine, Estados Unidos"
https://prizeatlas.org/es/nobel-prize/fisica/1994/bertram-n-brockhouse/,fisica,1994,bertram-n-brockhouse,1,Universidad McMaster,mcmaster-university,,"Hamilton, Canadá"
https://prizeatlas.org/es/nobel-prize/fisica/1994/clifford-g-shull/,fisica,1994,clifford-g-shull,1,Instituto Tecnológico de Massachusetts,massachusetts-institute-of-technology,,"Cambridge, Estados Unidos"
https://prizeatlas.org/es/nobel-prize/fisica/1993/russell-a-hulse/,fisica,1993,russell-a-hulse,1,Universidad de Princeton,princeton-university,,"Princeton, Estados Unidos"
https://prizeatlas.org/es/nobel-prize/fisica/1993/joseph-h-taylor-jr/,fisica,1993,joseph-h-taylor-jr,1,Universidad de Princeton,princeton-university,,"Princeton, Estados Unidos"
https://prizeatlas.org/es/nobel-prize/fisica/1992/georges-charpak/,fisica,1992,georges-charpak,1,Escuela Superior de Física y de Química Industriales de París,espci-paris,,"Paris, Francia"
https://prizeatlas.org/es/nobel-prize/fisica/1991/pierre-gilles-de-gennes/,fisica,1991,pierre-gilles-de-gennes,1,Collège de France,college-de-france,,"Paris, Francia"
https://prizeatlas.org/es/nobel-prize/fisica/1990/jerome-i-friedman/,fisica,1990,jerome-i-friedman,1,Instituto Tecnológico de Massachusetts,massachusetts-institute-of-technology,,"Cambridge, Estados Unidos"
https://prizeatlas.org/es/nobel-prize/fisica/1990/henry-w-kendall/,fisica,1990,henry-w-kendall,1,Instituto Tecnológico de Massachusetts,massachusetts-institute-of-technology,,"Cambridge, Estados Unidos"
https://prizeatlas.org/es/nobel-prize/fisica/1990/richard-e-taylor/,fisica,1990,richard-e-taylor,1,Universidad Stanford,stanford-university,,"Stanford, Estados Unidos"
https://prizeatlas.org/es/nobel-prize/fisica/1989/norman-f-ramsey/,fisica,1989,norman-f-ramsey,1,Universidad Harvard,harvard-university,,"Cambridge, Estados Unidos"
https://prizeatlas.org/es/nobel-prize/fisica/1989/hans-g-dehmelt/,fisica,1989,hans-g-dehmelt,1,Universidad de Washington,university-of-washington,,"Seattle, Estados Unidos"
https://prizeatlas.org/es/nobel-prize/fisica/1989/wolfgang-paul/,fisica,1989,wolfgang-paul,1,Universidad de Bonn,university-of-bonn,,"Bonn, Alemania"
https://prizeatlas.org/es/nobel-prize/fisica/1988/leon-m-lederman/,fisica,1988,leon-m-lederman,1,Fermilab,fermi-national-accelerator-laboratory,,"Batavia, Estados Unidos"
https://prizeatlas.org/es/nobel-prize/fisica/1988/melvin-schwartz/,fisica,1988,melvin-schwartz,1,"Digital Pathways, Inc.",digital-pathways-inc,,"Mountain View, Estados Unidos"
https://prizeatlas.org/es/nobel-prize/fisica/1988/jack-steinberger/,fisica,1988,jack-steinberger,1,Organización Europea para la Investigación Nuclear,cern,,"Meyrin, Suiza"
https://prizeatlas.org/es/nobel-prize/fisica/1987/j-georg-bednorz/,fisica,1987,j-georg-bednorz,1,IBM Zurich Research Laboratory,ibm-zurich-research-laboratory,,"Rüschlikon, Suiza"
https://prizeatlas.org/es/nobel-prize/fisica/1987/k-alexander-muller/,fisica,1987,k-alexander-muller,1,IBM Zurich Research Laboratory,ibm-zurich-research-laboratory,,"Rüschlikon, Suiza"
https://prizeatlas.org/es/nobel-prize/fisica/1986/ernst-ruska/,fisica,1986,ernst-ruska,1,Sociedad Max Planck,max-planck-society,Fritz Haber Institute,"Berlin, Alemania"
https://prizeatlas.org/es/nobel-prize/fisica/1986/gerd-binnig/,fisica,1986,gerd-binnig,1,IBM Zurich Research Laboratory,ibm-zurich-research-laboratory,,"Rüschlikon, Suiza"
https://prizeatlas.org/es/nobel-prize/fisica/1986/heinrich-rohrer/,fisica,1986,heinrich-rohrer,1,IBM Zurich Research Laboratory,ibm-zurich-research-laboratory,,"Rüschlikon, Suiza"
https://prizeatlas.org/es/nobel-prize/fisica/1985/klaus-von-klitzing/,fisica,1985,klaus-von-klitzing,1,Sociedad Max Planck,max-planck-society,Max Planck Institute for Solid State Research,"Stuttgart, Alemania"
https://prizeatlas.org/es/nobel-prize/fisica/1984/carlo-rubbia/,fisica,1984,carlo-rubbia,1,Organización Europea para la Investigación Nuclear,cern,,"Meyrin, Suiza"
https://prizeatlas.org/es/nobel-prize/fisica/1984/simon-van-der-meer/,fisica,1984,simon-van-der-meer,1,Organización Europea para la Investigación Nuclear,cern,,"Meyrin, Suiza"
https://prizeatlas.org/es/nobel-prize/fisica/1983/subramanyan-chandrasekhar/,fisica,1983,subramanyan-chandrasekhar,1,Universidad de Chicago,university-of-chicago,,"Chicago, Estados Unidos"
https://prizeatlas.org/es/nobel-prize/fisica/1983/william-alfred-fowler/,fisica,1983,william-alfred-fowler,1,Instituto de Tecnología de California,california-institute-of-technology,,"Pasadena, Estados Unidos"
https://prizeatlas.org/es/nobel-prize/fisica/1982/kenneth-g-wilson/,fisica,1982,kenneth-g-wilson,1,Universidad Cornell,cornell-university,,"Ithaca, Estados Unidos"
https://prizeatlas.org/es/nobel-prize/fisica/1981/nicolaas-bloembergen/,fisica,1981,nicolaas-bloembergen,1,Universidad Harvard,harvard-university,,"Cambridge, Estados Unidos"
https://prizeatlas.org/es/nobel-prize/fisica/1981/arthur-leonard-schawlow/,fisica,1981,arthur-leonard-schawlow,1,Universidad Stanford,stanford-university,,"Stanford, Estados Unidos"
https://prizeatlas.org/es/nobel-prize/fisica/1981/kai-m-siegbahn/,fisica,1981,kai-m-siegbahn,1,Universidad de Upsala,uppsala-university,,"Uppsala, Suecia"
https://prizeatlas.org/es/nobel-prize/fisica/1980/james-watson-cronin/,fisica,1980,james-watson-cronin,1,Universidad de Chicago,university-of-chicago,,"Chicago, Estados Unidos"
https://prizeatlas.org/es/nobel-prize/fisica/1980/val-logsdon-fitch/,fisica,1980,val-logsdon-fitch,1,Universidad de Princeton,princeton-university,,"Princeton, Estados Unidos"
https://prizeatlas.org/es/nobel-prize/fisica/1979/sheldon-lee-glashow/,fisica,1979,sheldon-lee-glashow,1,Universidad Harvard,harvard-university,Lyman Laboratory,"Cambridge, Estados Unidos"
https://prizeatlas.org/es/nobel-prize/fisica/1979/abdus-salam/,fisica,1979,abdus-salam,1,Centro Internacional de Física Teórica,international-centre-for-theoretical-physics,,"Trieste, Italia"
https://prizeatlas.org/es/nobel-prize/fisica/1979/steven-weinberg/,fisica,1979,steven-weinberg,1,Universidad Harvard,harvard-university,,"Cambridge, Estados Unidos"
https://prizeatlas.org/es/nobel-prize/fisica/1978/pyotr-leonidovich-kapitsa/,fisica,1978,pyotr-leonidovich-kapitsa,1,academia de ciencias,academy-of-sciences,,"Moscow, Rusia"
https://prizeatlas.org/es/nobel-prize/fisica/1978/arno-allan-penzias/,fisica,1978,arno-allan-penzias,1,Bell Labs,bell-labs,,"Holmdel, Estados Unidos"
https://prizeatlas.org/es/nobel-prize/fisica/1978/robert-woodrow-wilson/,fisica,1978,robert-woodrow-wilson,1,Bell Labs,bell-labs,,"Holmdel, Estados Unidos"
https://prizeatlas.org/es/nobel-prize/fisica/1977/philip-warren-anderson/,fisica,1977,philip-warren-anderson,1,Bell Labs,bell-labs,,"Murray Hill, Estados Unidos"
https://prizeatlas.org/es/nobel-prize/fisica/1977/sir-nevill-francis-mott/,fisica,1977,sir-nevill-francis-mott,1,Universidad de Cambridge,university-of-cambridge,,"Cambridge, Reino Unido"
https://prizeatlas.org/es/nobel-prize/fisica/1977/john-hasbrouck-van-vleck/,fisica,1977,john-hasbrouck-van-vleck,1,Universidad Harvard,harvard-university,,"Cambridge, Estados Unidos"
https://prizeatlas.org/es/nobel-prize/fisica/1976/burton-richter/,fisica,1976,burton-richter,1,SLAC National Accelerator Laboratory,stanford-linear-accelerator-center,,"Stanford, Estados Unidos"
https://prizeatlas.org/es/nobel-prize/fisica/1976/samuel-chao-chung-ting/,fisica,1976,samuel-chao-chung-ting,1,Instituto Tecnológico de Massachusetts,massachusetts-institute-of-technology,,"Cambridge, Estados Unidos"
https://prizeatlas.org/es/nobel-prize/fisica/1975/aage-niels-bohr/,fisica,1975,aage-niels-bohr,1,Universidad de Copenhague,university-of-copenhagen,Niels Bohr Institute,"Copenhagen, Dinamarca"
https://prizeatlas.org/es/nobel-prize/fisica/1975/ben-roy-mottelson/,fisica,1975,ben-roy-mottelson,1,Nordita,nordic-institute-for-theoretical-physics,Nordita,"Copenhagen, Dinamarca"
https://prizeatlas.org/es/nobel-prize/fisica/1975/leo-james-rainwater/,fisica,1975,leo-james-rainwater,1,Universidad de Columbia,columbia-university,,"New York, Estados Unidos"
https://prizeatlas.org/es/nobel-prize/fisica/1974/sir-martin-ryle/,fisica,1974,sir-martin-ryle,1,Universidad de Cambridge,university-of-cambridge,,"Cambridge, Reino Unido"
https://prizeatlas.org/es/nobel-prize/fisica/1974/antony-hewish/,fisica,1974,antony-hewish,1,Universidad de Cambridge,university-of-cambridge,,"Cambridge, Reino Unido"
https://prizeatlas.org/es/nobel-prize/fisica/1973/leo-esaki/,fisica,1973,leo-esaki,1,IBM Thomas J. Watson Research Center,thomas-j-watson-research-center,,"Yorktown Heights, Estados Unidos"
https://prizeatlas.org/es/nobel-prize/fisica/1973/ivar-giaever/,fisica,1973,ivar-giaever,1,General Electric,general-electric-company,,"Schenectady, Estados Unidos"
https://prizeatlas.org/es/nobel-prize/fisica/1973/brian-david-josephson/,fisica,1973,brian-david-josephson,1,Universidad de Cambridge,university-of-cambridge,,"Cambridge, Reino Unido"
https://prizeatlas.org/es/nobel-prize/fisica/1972/john-bardeen/,fisica,1972,john-bardeen,1,Universidad de Illinois en Urbana-Champaign,university-of-illinois-urbana-champaign,,"Urbana, Estados Unidos"
https://prizeatlas.org/es/nobel-prize/fisica/1972/leon-neil-cooper/,fisica,1972,leon-neil-cooper,1,Universidad Brown,brown-university,,"Providence, Estados Unidos"
https://prizeatlas.org/es/nobel-prize/fisica/1972/john-robert-schrieffer/,fisica,1972,john-robert-schrieffer,1,Universidad de Pensilvania,university-of-pennsylvania,,"Philadelphia, Estados Unidos"
https://prizeatlas.org/es/nobel-prize/fisica/1971/dennis-gabor/,fisica,1971,dennis-gabor,1,Escuela Imperial de Londres,imperial-college-london,,"London, Reino Unido"
https://prizeatlas.org/es/nobel-prize/fisica/1970/hannes-olof-gosta-alfven/,fisica,1970,hannes-olof-gosta-alfven,1,Real Universidad Politécnica,royal-institute-of-technology,,"Stockholm, Suecia"
https://prizeatlas.org/es/nobel-prize/fisica/1970/louis-eugene-felix-neel/,fisica,1970,louis-eugene-felix-neel,1,Universidad de Grenoble,university-of-grenoble,,"Grenoble, Francia"
https://prizeatlas.org/es/nobel-prize/fisica/1969/murray-gell-mann/,fisica,1969,murray-gell-mann,1,Instituto de Tecnología de California,california-institute-of-technology,,"Pasadena, Estados Unidos"
https://prizeatlas.org/es/nobel-prize/fisica/1968/luis-walter-alvarez/,fisica,1968,luis-walter-alvarez,1,Universidad de California,university-of-california,"University of California, Berkeley","Berkeley, Estados Unidos"
https://prizeatlas.org/es/nobel-prize/fisica/1967/hans-albrecht-bethe/,fisica,1967,hans-albrecht-bethe,1,Universidad Cornell,cornell-university,,"Ithaca, Estados Unidos"
https://prizeatlas.org/es/nobel-prize/fisica/1966/alfred-kastler/,fisica,1966,alfred-kastler,1,Escuela Normal Superior de París,ecole-normale-superieure,,"Paris, Francia"
https://prizeatlas.org/es/nobel-prize/fisica/1965/sin-itiro-tomonaga/,fisica,1965,sin-itiro-tomonaga,1,Universidad de Educación de Tokio,tokyo-university-of-education,,"Tokyo, Japón"
https://prizeatlas.org/es/nobel-prize/fisica/1965/julian-schwinger/,fisica,1965,julian-schwinger,1,Universidad Harvard,harvard-university,,"Cambridge, Estados Unidos"
https://prizeatlas.org/es/nobel-prize/fisica/1965/richard-p-feynman/,fisica,1965,richard-p-feynman,1,Instituto de Tecnología de California,california-institute-of-technology,,"Pasadena, Estados Unidos"
https://prizeatlas.org/es/nobel-prize/fisica/1964/charles-hard-townes/,fisica,1964,charles-hard-townes,1,Instituto Tecnológico de Massachusetts,massachusetts-institute-of-technology,,"Cambridge, Estados Unidos"
https://prizeatlas.org/es/nobel-prize/fisica/1964/nicolay-gennadiyevich-basov/,fisica,1964,nicolay-gennadiyevich-basov,1,Instituto Lébedev de Física,lebedev-physical-institute,,"Moscow, Rusia"
https://prizeatlas.org/es/nobel-prize/fisica/1964/aleksandr-mikhailovich-prokhorov/,fisica,1964,aleksandr-mikhailovich-prokhorov,1,Instituto Lébedev de Física,lebedev-physical-institute,,"Moscow, Rusia"
https://prizeatlas.org/es/nobel-prize/fisica/1963/eugene-paul-wigner/,fisica,1963,eugene-paul-wigner,1,Universidad de Princeton,princeton-university,,"Princeton, Estados Unidos"
https://prizeatlas.org/es/nobel-prize/fisica/1963/maria-goeppert-mayer/,fisica,1963,maria-goeppert-mayer,1,Universidad de California,university-of-california,"University of California, San Diego","San Diego, Estados Unidos"
https://prizeatlas.org/es/nobel-prize/fisica/1963/j-hans-d-jensen/,fisica,1963,j-hans-d-jensen,1,Universidad de Heidelberg,university-of-heidelberg,,"Heidelberg, Alemania"
https://prizeatlas.org/es/nobel-prize/fisica/1962/lev-davidovich-landau/,fisica,1962,lev-davidovich-landau,1,academia de ciencias,academy-of-sciences,,"Moscow, Rusia"
https://prizeatlas.org/es/nobel-prize/fisica/1961/robert-hofstadter/,fisica,1961,robert-hofstadter,1,Universidad Stanford,stanford-university,,"Stanford, Estados Unidos"
https://prizeatlas.org/es/nobel-prize/fisica/1961/rudolf-ludwig-mossbauer/,fisica,1961,rudolf-ludwig-mossbauer,1,Universidad Técnica de Múnich,technical-university-of-munich,,"Munich, Alemania"
https://prizeatlas.org/es/nobel-prize/fisica/1960/donald-arthur-glaser/,fisica,1960,donald-arthur-glaser,1,Universidad de California,university-of-california,"University of California, Berkeley","Berkeley, Estados Unidos"
https://prizeatlas.org/es/nobel-prize/fisica/1959/emilio-gino-segre/,fisica,1959,emilio-gino-segre,1,Universidad de California,university-of-california,"University of California, Berkeley","Berkeley, Estados Unidos"
https://prizeatlas.org/es/nobel-prize/fisica/1959/owen-chamberlain/,fisica,1959,owen-chamberlain,1,Universidad de California,university-of-california,"University of California, Berkeley","Berkeley, Estados Unidos"
https://prizeatlas.org/es/nobel-prize/fisica/1958/pavel-alekseyevich-cherenkov/,fisica,1958,pavel-alekseyevich-cherenkov,1,Instituto Lébedev de Física,lebedev-physical-institute,,"Moscow, Rusia"
https://prizeatlas.org/es/nobel-prize/fisica/1958/igor-yevgenyevich-tamm/,fisica,1958,igor-yevgenyevich-tamm,1,Universidad Estatal de Moscú,moscow-state-university,,"Moscow, Rusia"
https://prizeatlas.org/es/nobel-prize/fisica/1958/il-ja-mikhailovich-frank/,fisica,1958,il-ja-mikhailovich-frank,1,Universidad Estatal de Moscú,moscow-state-university,,"Moscow, Rusia"
https://prizeatlas.org/es/nobel-prize/fisica/1957/chen-ning-yang/,fisica,1957,chen-ning-yang,1,Institute for Advanced Study,institute-for-advanced-study,,"Princeton, Estados Unidos"
https://prizeatlas.org/es/nobel-prize/fisica/1957/tsung-dao-t-d-lee/,fisica,1957,tsung-dao-t-d-lee,1,Universidad de Columbia,columbia-university,,"New York, Estados Unidos"
https://prizeatlas.org/es/nobel-prize/fisica/1956/william-bradford-shockley/,fisica,1956,william-bradford-shockley,1,Beckman Coulter,beckman-coulter,"Semiconductor Laboratory of Beckman Instruments, Inc.","Mountain View, Estados Unidos"
https://prizeatlas.org/es/nobel-prize/fisica/1956/john-bardeen/,fisica,1956,john-bardeen,1,Universidad de Illinois en Urbana-Champaign,university-of-illinois-urbana-champaign,,"Urbana, Estados Unidos"
https://prizeatlas.org/es/nobel-prize/fisica/1956/walter-houser-brattain/,fisica,1956,walter-houser-brattain,1,Bell Labs,bell-labs,,"Murray Hill, Estados Unidos"
https://prizeatlas.org/es/nobel-prize/fisica/1955/willis-eugene-lamb/,fisica,1955,willis-eugene-lamb,1,Universidad Stanford,stanford-university,,"Stanford, Estados Unidos"
https://prizeatlas.org/es/nobel-prize/fisica/1955/polykarp-kusch/,fisica,1955,polykarp-kusch,1,Universidad de Columbia,columbia-university,,"New York, Estados Unidos"
https://prizeatlas.org/es/nobel-prize/fisica/1954/max-born/,fisica,1954,max-born,1,Universidad de Edimburgo,university-of-edinburgh,,"Edinburgh, Reino Unido"
https://prizeatlas.org/es/nobel-prize/fisica/1954/walther-bothe/,fisica,1954,walther-bothe,1,Universidad de Heidelberg,university-of-heidelberg,,"Heidelberg, Alemania"
https://prizeatlas.org/es/nobel-prize/fisica/1953/frits-zernike/,fisica,1953,frits-zernike,1,Universidad de Groninga,university-of-groningen,,"Groningen, Países Bajos"
https://prizeatlas.org/es/nobel-prize/fisica/1952/felix-bloch/,fisica,1952,felix-bloch,1,Universidad Stanford,stanford-university,,"Stanford, Estados Unidos"
https://prizeatlas.org/es/nobel-prize/fisica/1952/edward-mills-purcell/,fisica,1952,edward-mills-purcell,1,Universidad Harvard,harvard-university,,"Cambridge, Estados Unidos"
https://prizeatlas.org/es/nobel-prize/fisica/1951/sir-john-douglas-cockcroft/,fisica,1951,sir-john-douglas-cockcroft,1,Atomic Energy Research Establishment,atomic-energy-research-establishment,,"Harwell, Berkshire, Reino Unido"
https://prizeatlas.org/es/nobel-prize/fisica/1951/ernest-thomas-sinton-walton/,fisica,1951,ernest-thomas-sinton-walton,1,Trinity College Dublin,trinity-college-dublin,,"Dublin, Irlanda"
https://prizeatlas.org/es/nobel-prize/fisica/1950/cecil-frank-powell/,fisica,1950,cecil-frank-powell,1,Universidad de Brístol,university-of-bristol,,"Bristol, Reino Unido"
https://prizeatlas.org/es/nobel-prize/fisica/1949/hideki-yukawa/,fisica,1949,hideki-yukawa,1,Universidad Imperial de Kioto,kyoto-imperial-university,,"Kyoto, Japón"
https://prizeatlas.org/es/nobel-prize/fisica/1948/patrick-maynard-stuart-blackett/,fisica,1948,patrick-maynard-stuart-blackett,1,Universidad Victoria de Manchester,victoria-university,,"Manchester, Reino Unido"
https://prizeatlas.org/es/nobel-prize/fisica/1947/sir-edward-victor-appleton/,fisica,1947,sir-edward-victor-appleton,1,Department of Scientific and Industrial Research,department-of-scientific-and-industrial-research,,"London, Reino Unido"
https://prizeatlas.org/es/nobel-prize/fisica/1946/percy-williams-bridgman/,fisica,1946,percy-williams-bridgman,1,Universidad Harvard,harvard-university,,"Cambridge, Estados Unidos"
https://prizeatlas.org/es/nobel-prize/fisica/1945/wolfgang-pauli/,fisica,1945,wolfgang-pauli,1,Universidad de Princeton,princeton-university,,"Princeton, Estados Unidos"
https://prizeatlas.org/es/nobel-prize/fisica/1944/isidor-isaac-rabi/,fisica,1944,isidor-isaac-rabi,1,Universidad de Columbia,columbia-university,,"New York, Estados Unidos"
https://prizeatlas.org/es/nobel-prize/fisica/1943/otto-stern/,fisica,1943,otto-stern,1,Universidad Carnegie Mellon,carnegie-mellon-university,,"Pittsburgh, Estados Unidos"
https://prizeatlas.org/es/nobel-prize/fisica/1939/ernest-orlando-lawrence/,fisica,1939,ernest-orlando-lawrence,1,Universidad de California,university-of-california,"University of California, Berkeley","Berkeley, Estados Unidos"
https://prizeatlas.org/es/nobel-prize/fisica/1938/enrico-fermi/,fisica,1938,enrico-fermi,1,Rome University,rome-university,,"Rome, Italia"
https://prizeatlas.org/es/nobel-prize/fisica/1937/clinton-joseph-davisson/,fisica,1937,clinton-joseph-davisson,1,Bell Labs,bell-labs,,"Murray Hill, Estados Unidos"
https://prizeatlas.org/es/nobel-prize/fisica/1937/george-paget-thomson/,fisica,1937,george-paget-thomson,1,Universidad de Londres,university-of-london,,"London, Reino Unido"
https://prizeatlas.org/es/nobel-prize/fisica/1936/victor-franz-hess/,fisica,1936,victor-franz-hess,1,Universidad de Innsbruck,university-of-innsbruck,,"Innsbruck, Austria"
https://prizeatlas.org/es/nobel-prize/fisica/1936/carl-david-anderson/,fisica,1936,carl-david-anderson,1,Instituto de Tecnología de California,california-institute-of-technology,,"Pasadena, Estados Unidos"
https://prizeatlas.org/es/nobel-prize/fisica/1935/james-chadwick/,fisica,1935,james-chadwick,1,Universidad de Liverpool,university-of-liverpool,,"Liverpool, Reino Unido"
https://prizeatlas.org/es/nobel-prize/fisica/1933/erwin-schrodinger/,fisica,1933,erwin-schrodinger,1,Universidad Humboldt de Berlín,humboldt-university-of-berlin,,"Berlin, Alemania"
https://prizeatlas.org/es/nobel-prize/fisica/1933/paul-adrien-maurice-dirac/,fisica,1933,paul-adrien-maurice-dirac,1,Universidad de Cambridge,university-of-cambridge,,"Cambridge, Reino Unido"
https://prizeatlas.org/es/nobel-prize/fisica/1932/werner-karl-heisenberg/,fisica,1932,werner-karl-heisenberg,1,Universidad de Leipzig,university-of-leipzig,,"Leipzig, Alemania"
https://prizeatlas.org/es/nobel-prize/fisica/1930/sir-chandrasekhara-venkata-raman/,fisica,1930,sir-chandrasekhara-venkata-raman,1,Universidad de Calcuta,calcutta-university,,"Calcutta, India"
https://prizeatlas.org/es/nobel-prize/fisica/1929/louis-victor-pierre-raymond-de-broglie/,fisica,1929,louis-victor-pierre-raymond-de-broglie,1,Sorbonne Université,sorbonne-university,Institut Henri Poincaré,"Paris, Francia"
https://prizeatlas.org/es/nobel-prize/fisica/1928/owen-willans-richardson/,fisica,1928,owen-willans-richardson,1,Universidad de Londres,university-of-london,,"London, Reino Unido"
https://prizeatlas.org/es/nobel-prize/fisica/1927/arthur-holly-compton/,fisica,1927,arthur-holly-compton,1,Universidad de Chicago,university-of-chicago,,"Chicago, Estados Unidos"
https://prizeatlas.org/es/nobel-prize/fisica/1927/charles-thomson-rees-wilson/,fisica,1927,charles-thomson-rees-wilson,1,Universidad de Cambridge,university-of-cambridge,,"Cambridge, Reino Unido"
https://prizeatlas.org/es/nobel-prize/fisica/1926/jean-baptiste-perrin/,fisica,1926,jean-baptiste-perrin,1,Sorbonne Université,sorbonne-university,,"Paris, Francia"
https://prizeatlas.org/es/nobel-prize/fisica/1925/james-franck/,fisica,1925,james-franck,1,Universidad de Gotinga,university-of-gottingen,,"Göttingen, Alemania"
https://prizeatlas.org/es/nobel-prize/fisica/1925/gustav-ludwig-hertz/,fisica,1925,gustav-ludwig-hertz,1,Halle University,halle-university,,"Halle, Alemania"
https://prizeatlas.org/es/nobel-prize/fisica/1924/karl-manne-georg-siegbahn/,fisica,1924,karl-manne-georg-siegbahn,1,Universidad de Upsala,uppsala-university,,"Uppsala, Suecia"
https://prizeatlas.org/es/nobel-prize/fisica/1923/robert-andrews-millikan/,fisica,1923,robert-andrews-millikan,1,Instituto de Tecnología de California,california-institute-of-technology,,"Pasadena, Estados Unidos"
https://prizeatlas.org/es/nobel-prize/fisica/1922/niels-henrik-david-bohr/,fisica,1922,niels-henrik-david-bohr,1,Universidad de Copenhague,university-of-copenhagen,,"Copenhagen, Dinamarca"
https://prizeatlas.org/es/nobel-prize/fisica/1921/albert-einstein/,fisica,1921,albert-einstein,1,Sociedad Max Planck,max-planck-society,Max Planck Institute for Physics,"Munich, Alemania"
https://prizeatlas.org/es/nobel-prize/fisica/1920/charles-edouard-guillaume/,fisica,1920,charles-edouard-guillaume,1,Oficina Internacional de Pesas y Medidas,bureau-international-des-poids-et-mesures-international-bureau-of-weigh-ac6899a4,,"Sèvres, Francia"
https://prizeatlas.org/es/nobel-prize/fisica/1919/johannes-stark/,fisica,1919,johannes-stark,1,Greifswald University,greifswald-university,,"Greifswald, Alemania"
https://prizeatlas.org/es/nobel-prize/fisica/1918/max-karl-ernst-ludwig-planck/,fisica,1918,max-karl-ernst-ludwig-planck,1,Universidad Humboldt de Berlín,humboldt-university-of-berlin,,"Berlin, Alemania"
https://prizeatlas.org/es/nobel-prize/fisica/1917/charles-glover-barkla/,fisica,1917,charles-glover-barkla,1,Universidad de Edimburgo,university-of-edinburgh,,"Edinburgh, Reino Unido"
https://prizeatlas.org/es/nobel-prize/fisica/1915/sir-william-henry-bragg/,fisica,1915,sir-william-henry-bragg,1,University College de Londres,university-college-london,University College London,"London, Reino Unido"
https://prizeatlas.org/es/nobel-prize/fisica/1915/william-lawrence-bragg/,fisica,1915,william-lawrence-bragg,1,Universidad Victoria de Manchester,victoria-university,,"Manchester, Reino Unido"
https://prizeatlas.org/es/nobel-prize/fisica/1914/max-von-laue/,fisica,1914,max-von-laue,1,Universidad Johann Wolfgang Goethe,goethe-university-frankfurt,,"Frankfurt, Alemania"
https://prizeatlas.org/es/nobel-prize/fisica/1913/heike-kamerlingh-onnes/,fisica,1913,heike-kamerlingh-onnes,1,Universidad de Leiden,leiden-university,,"Leiden, Países Bajos"
https://prizeatlas.org/es/nobel-prize/fisica/1912/nils-gustaf-dalen/,fisica,1912,nils-gustaf-dalen,1,AGA AB,aga-ab,Swedish Gas-Accumulator Co.,"Lidingö-Stockholm, Suecia"
https://prizeatlas.org/es/nobel-prize/fisica/1911/wilhelm-wien/,fisica,1911,wilhelm-wien,1,Universidad de Wurzburgo,university-of-wurzburg,,"Würzburg, Alemania"
https://prizeatlas.org/es/nobel-prize/fisica/1910/johannes-diderik-van-der-waals/,fisica,1910,johannes-diderik-van-der-waals,1,Amsterdam University,amsterdam-university,,"Amsterdam, Países Bajos"
https://prizeatlas.org/es/nobel-prize/fisica/1909/guglielmo-marconi/,fisica,1909,guglielmo-marconi,1,Marconi Wireless Telegraph Co. Ltd.,marconi-wireless-telegraph-co-ltd,,"London, Reino Unido"
https://prizeatlas.org/es/nobel-prize/fisica/1909/karl-ferdinand-braun/,fisica,1909,karl-ferdinand-braun,1,Universidad de Estrasburgo,strasbourg-university,,"Strasbourg, Francia"
https://prizeatlas.org/es/nobel-prize/fisica/1908/gabriel-lippmann/,fisica,1908,gabriel-lippmann,1,Sorbonne Université,sorbonne-university,,"Paris, Francia"
https://prizeatlas.org/es/nobel-prize/fisica/1907/albert-abraham-michelson/,fisica,1907,albert-abraham-michelson,1,Universidad de Chicago,university-of-chicago,,"Chicago, Estados Unidos"
https://prizeatlas.org/es/nobel-prize/fisica/1906/joseph-john-thomson/,fisica,1906,joseph-john-thomson,1,Universidad de Cambridge,university-of-cambridge,,"Cambridge, Reino Unido"
https://prizeatlas.org/es/nobel-prize/fisica/1905/philipp-eduard-anton-von-lenard/,fisica,1905,philipp-eduard-anton-von-lenard,1,Universidad de Kiel,kiel-university,,"Kiel, Alemania"
https://prizeatlas.org/es/nobel-prize/fisica/1904/lord-rayleigh-john-william-strutt/,fisica,1904,lord-rayleigh-john-william-strutt,1,Royal Institution,royal-institution-of-great-britain,,"London, Reino Unido"
https://prizeatlas.org/es/nobel-prize/fisica/1903/antoine-henri-becquerel/,fisica,1903,antoine-henri-becquerel,1,Escuela Politécnica,ecole-polytechnique,,"Paris, Francia"
https://prizeatlas.org/es/nobel-prize/fisica/1903/pierre-curie/,fisica,1903,pierre-curie,1,Escuela Superior de Física y de Química Industriales de París,espci-paris,,"Paris, Francia"
https://prizeatlas.org/es/nobel-prize/fisica/1903/marie-curie-nee-sklodowska/,fisica,1903,marie-curie-nee-sklodowska,1,Sorbonne Université,sorbonne-university,,"Paris, Francia"
https://prizeatlas.org/es/nobel-prize/fisica/1902/hendrik-antoon-lorentz/,fisica,1902,hendrik-antoon-lorentz,1,Universidad de Leiden,leiden-university,,"Leiden, Países Bajos"
https://prizeatlas.org/es/nobel-prize/fisica/1902/pieter-zeeman/,fisica,1902,pieter-zeeman,1,Amsterdam University,amsterdam-university,,"Amsterdam, Países Bajos"
https://prizeatlas.org/es/nobel-prize/fisica/1901/wilhelm-conrad-rontgen/,fisica,1901,wilhelm-conrad-rontgen,1,Universidad de Múnich,lmu-munich,,"Munich, Alemania"
